G,23,15,17,14,3,19,341,13,10,6,7,10,18,16,6,7,10,2,465,4,6,4,1,32,0,2,6,2,16,12,5,24,107,22,357,24,311,330,365,0,0,0,1,0,5,17,5,23,375,7,0,350,74,0,0,0,52,10,499,1,53,84,26,2,25,4,19,10,20,3,369,4,2,0,1,6,0,502,0,0,1,1,88,1,35,0,2,39,23,4,2,10,2,23,16,0,305,4,4,0,4,9,54,15,3,0,0,0,59,2,2,57,11,4,6,18,140,0,0,1,49,34,0,0,232,0,18,501,0,0,0,498,499,426,437,1,0,1,0,27,13,7,5,9,24,0,1,10,29,0,48,0,0,76,48,9,24,39,15,10,11,71,1,12,22,0,1,1,0,0,314,212,9,83,2,36,1,0,22,17,40,17,11,16,5,33,0,2,20,40,0,14,55,29,35,5,6,19,1,21,0,0,5,302,105,75,0,37,20,16,8,25,44,36,57,12,1,76,48,0,31,1,3,0,0,4,1,0,3,6,97,1,2,6,2,14,10,0,3,3,98,54,2,27,57,91,4,1,11,0,1,89,16,8,1,13,17,56
P,13,7,276,14,16,5,11,351,17,363,15,25,12,7,9,17,6,53,0,351,0,21,5,0,0,0,6,5,105,14,1,25,13,30,0,7,6,8,1,0,0,0,0,497,0,2,12,4,12,29,0,116,0,0,0,0,0,412,3,0,1,0,36,51,1,2,0,0,7,0,2,309,1,0,0,2,0,0,0,0,0,0,0,18,0,12,29,0,34,3,0,5,358,16,2,0,9,2,1,0,0,0,0,0,1,0,0,1,0,2,34,13,4,149,0,0,14,0,0,1,127,0,1,0,0,0,0,0,0,0,0,0,0,0,0,0,0,0,1,0,1,1,3,356,1,1,0,0,0,0,334,1,0,400,0,30,76,14,20,6,10,2,1,2,0,486,1,0,0,0,0,0,0,0,0,31,1,6,273,142,4,5,3,3,1,313,3,0,4,2,0,284,6,3,45,113,0,0,0,4,1,0,20,0,0,0,0,2,0,312,0,7,51,4,30,32,1,0,2,27,0,0,54,0,0,0,0,0,0,0,0,0,12,1,7,1,48,2,2,12,333,57,278,47,96,16,3,3,12,0,2,6,13,9,1,347,4,4
A,110,34,43,34,49,31,18,39,212,29,21,41,196,41,19,52,341,16,13,7,3,275,7,174,11,32,30,15,56,35,9,86,51,15,7,3,25,21,58,6,2,1,20,0,47,26,35,81,13,10,5,25,306,1,304,18,81,2,0,0,6,282,24,11,84,45,0,219,11,0,63,9,7,0,478,10,9,0,0,14,18,50,68,42,9,9,8,17,17,13,5,2,18,88,95,0,137,38,30,3,5,384,402,33,9,8,24,48,50,14,35,20,6,64,19,59,19,11,11,3,105,32,5,3,234,64,94,2,0,0,21,5,3,47,46,172,2,58,413,375,61,40,3,9,52,0,7,415,310,21,83,6,191,23,23,8,17,29,18,29,24,37,1,12,34,16,22,5,0,0,79,228,10,43,0,19,1,376,7,20,120,28,5,155,19,23,22,3,52,42,27,20,134,75,40,17,42,300,2,55,4,8,78,16,336,3,0,19,147,45,15,9,26,6,48,27,7,239,31,21,49,6,195,1,4,1,10,1,5,12,21,2,34,20,61,36,28,8,2,8,9,107,9,70,41,19,19,29,49,6,8,13,17,13,5,6,12,21
V,10,7,3,12,9,10,5,3,5,9,9,74,13,13,88,6,2,5,1,2,0,1,252,6,28,47,14,367,4,4,5,15,199,4,3,0,8,16,8,34,112,1,2,1,6,5,5,1,3,5,10,2,67,294,134,123,77,0,0,1,27,8,9,7,4,15,60,2,2,4,3,0,0,11,0,0,0,0,3,420,450,50,21,37,0,3,3,2,24,10,3,8,7,8,7,0,2,4,0,17,5,3,21,13,1,7,28,78,2,3,5,0,1,17,322,2,1,7,220,0,15,1,0,49,3,366,37,1,0,0,6,0,0,1,0,44,21,9,16,13,34,1,1,2,3,80,3,3,83,176,0,14,0,0,8,6,13,12,3,9,16,2,216,3,241,0,49,3,139,137,3,0,1,11,0,20,207,94,5,258,3,6,4,48,24,13,11,1,1,4,7,3,4,4,49,1,10,24,1,50,16,65,4,1,7,5,0,18,27,7,34,8,15,6,30,38,73,4,8,29,47,111,4,0,3,0,19,3,190,1,1,2,13,1,4,1,0,15,18,7,3,6,8,4,19,13,8,28,11,7,6,7,5,2,13,1,9,28
L,7,5,2,11,10,5,5,4,7,3,4,33,20,17,92,24,0,13,1,1,25,0,9,2,1,28,3,21,6,16,118,45,6,4,5,5,24,5,4,3,50,0,6,0,2,3,37,3,10,9,42,1,24,29,23,54,2,0,0,20,31,1,39,0,3,5,68,3,3,286,50,3,19,380,0,1,1,0,2,7,3,44,6,26,0,6,96,0,50,117,0,26,3,0,7,4,4,11,1,348,320,6,5,393,4,14,404,25,1,34,1,2,4,4,53,1,1,15,56,0,32,1,1,349,1,35,34,0,5,0,15,0,0,1,4,0,357,39,34,19,23,16,0,1,5,324,6,1,10,28,4,354,5,0,1,22,149,4,3,5,46,17,84,0,1,0,4,326,57,103,0,0,2,17,1,14,19,0,4,2,10,30,16,29,23,10,56,1,2,7,269,3,2,1,122,2,3,30,42,284,9,330,2,3,5,0,0,57,3,1,21,8,3,8,0,44,41,8,2,49,35,60,0,0,371,21,54,2,172,9,3,1,16,2,3,14,10,24,367,5,3,87,40,1,13,23,31,1,7,15,27,3,13,2,10,4,48,14
I,0,10,2,5,1,8,21,0,6,2,7,8,2,15,184,2,0,0,0,2,0,1,46,0,4,19,3,33,0,1,1,1,0,6,1,1,6,2,4,1,312,0,0,0,6,1,14,1,0,0,1,1,9,172,20,235,26,0,0,6,4,0,1,5,3,6,167,2,0,10,1,0,2,49,1,0,0,0,16,54,8,166,21,328,0,0,23,4,33,2,0,0,0,1,0,0,8,10,0,43,13,0,0,29,2,5,17,27,0,0,3,0,0,2,29,1,1,5,205,0,5,0,0,49,3,16,45,0,0,0,4,0,0,1,0,1,71,16,4,1,9,4,2,0,3,73,0,1,19,254,0,52,0,1,5,6,11,3,1,6,7,1,86,1,16,1,8,3,245,173,0,0,0,4,0,11,175,9,5,7,2,2,4,5,54,8,26,2,1,0,86,4,0,0,17,0,1,9,7,39,3,67,3,0,3,0,0,2,7,2,13,22,6,0,9,21,211,5,0,26,35,227,3,0,3,0,32,1,124,0,1,0,2,0,0,1,0,4,33,1,0,8,0,1,2,7,15,2,6,1,5,2,7,0,8,0,5,7
M,0,1,0,0,3,2,0,0,0,0,0,0,1,12,1,1,0,4,0,0,0,0,3,0,0,5,0,4,0,0,0,0,0,0,1,1,0,11,1,5,8,1,1,0,0,0,8,0,0,0,10,1,1,1,3,7,24,0,0,1,5,2,0,0,0,11,82,0,0,63,1,0,0,6,0,0,1,0,3,3,1,31,3,22,2,0,1,3,0,6,0,1,1,1,2,3,0,0,5,59,7,0,1,4,0,2,21,2,1,0,1,0,0,0,1,0,0,17,1,1,3,1,1,9,0,8,226,0,0,0,405,0,0,0,2,0,28,9,0,9,3,5,1,1,2,0,1,0,4,7,0,25,20,0,1,0,4,4,0,0,24,0,14,0,2,0,18,101,6,31,0,1,2,0,0,2,1,0,2,3,0,7,18,1,1,0,27,0,0,1,51,0,0,2,0,0,0,20,3,13,3,8,0,2,5,0,2,8,0,6,22,7,0,3,3,3,25,32,5,10,37,4,1,0,55,1,4,2,5,13,0,1,1,0,0,1,1,6,0,0,0,0,3,0,0,0,1,0,3,0,16,2,0,0,0,1,6,0
C,12,2,0,4,0,1,2,0,1,0,0,1,0,0,0,0,4,0,2,0,1,0,1,3,0,1,0,0,0,0,1,0,0,0,0,0,0,0,8,0,0,0,1,0,6,0,0,0,0,0,2,0,0,0,0,1,6,0,0,0,2,3,0,5,0,0,0,0,0,0,0,0,0,0,0,0,0,0,1,0,2,0,8,0,0,0,0,0,0,0,0,0,0,1,0,0,1,0,0,0,0,0,9,0,0,1,2,0,0,0,0,0,0,1,0,0,0,0,0,0,4,0,0,0,2,0,1,0,0,1,0,0,0,0,1,1,0,0,0,0,0,0,0,0,0,0,1,2,1,0,0,0,10,0,0,2,0,0,1,0,0,0,2,0,1,0,0,1,0,0,4,39,0,0,0,1,0,2,0,2,0,0,0,0,0,0,0,1,0,0,3,0,0,0,1,1,0,5,0,0,1,0,0,0,0,0,0,10,40,1,1,0,1,0,0,0,0,0,0,0,0,1,0,0,0,0,2,0,0,1,0,0,0,13,0,13,0,0,0,371,0,0,0,0,0,0,0,0,0,0,0,12,1,0,367,2,2,0
F,1,1,3,25,4,1,1,0,0,4,1,0,4,4,2,9,3,1,0,0,256,0,5,0,0,8,1,1,1,3,14,5,4,0,1,362,11,0,0,3,10,31,10,0,0,1,0,2,0,0,283,0,0,0,0,22,2,0,0,183,15,2,8,26,6,2,3,2,5,14,2,0,14,8,0,1,56,0,437,0,0,158,1,17,0,3,6,7,0,28,0,36,6,2,0,23,1,0,0,7,2,13,0,3,0,7,3,0,0,1,2,2,0,0,39,9,1,0,2,0,8,0,0,6,4,1,1,0,8,0,7,0,0,2,0,0,6,5,3,0,0,0,0,1,2,16,0,0,2,4,0,14,1,1,34,11,17,1,0,2,65,1,1,0,0,0,7,55,36,52,1,0,0,7,0,10,2,0,6,3,7,8,23,4,0,4,288,16,0,1,1,2,0,0,0,1,0,8,64,21,3,9,0,1,0,8,0,257,77,53,5,9,4,4,0,0,32,0,1,11,4,0,0,67,57,0,10,316,0,0,4,0,0,0,29,0,0,364,58,25,0,2,0,1,3,5,17,1,2,45,5,1,0,0,2,2,40,2
Y,0,0,0,260,3,2,3,1,3,1,0,1,3,4,4,15,0,3,0,2,162,0,12,0,12,31,2,0,4,0,8,7,0,13,0,41,5,0,3,6,4,391,418,0,1,1,1,1,0,0,61,0,0,0,0,0,0,0,0,234,3,1,57,3,1,3,69,2,8,68,1,0,8,20,0,0,14,0,37,0,0,2,0,2,2,0,1,10,0,92,0,25,2,2,2,2,0,6,0,0,0,1,0,7,0,311,0,0,0,1,0,1,1,0,14,30,1,0,0,0,0,0,0,1,2,0,1,0,25,0,3,0,0,6,0,0,1,25,3,0,3,0,1,0,0,2,0,0,0,5,0,2,1,0,78,17,6,2,4,0,27,0,0,1,0,0,1,0,19,1,0,0,0,11,0,6,0,0,9,2,4,3,68,5,0,0,15,454,2,4,0,0,1,0,0,0,0,4,346,2,1,5,2,0,1,4,0,13,15,17,3,13,14,6,2,5,16,1,3,230,0,4,1,1,0,2,36,68,0,4,0,0,0,0,372,8,0,25,3,6,0,0,0,2,11,8,10,3,9,284,10,5,0,5,2,0,67,2
W,0,2,1,0,0,1,0,0,1,0,0,0,0,0,0,24,1,0,0,0,0,0,0,1,0,0,0,1,1,0,4,0,0,1,0,1,0,1,0,0,0,16,3,0,0,0,0,0,0,0,35,0,0,0,0,40,0,0,0,12,0,0,0,56,2,5,0,0,373,42,1,0,50,29,0,0,49,0,0,0,0,0,0,0,0,0,1,1,0,16,0,9,1,2,0,18,0,0,0,0,1,0,0,0,0,34,0,0,0,2,0,0,6,1,4,0,0,0,0,0,0,0,0,0,0,0,0,0,46,0,0,0,0,0,0,0,2,2,0,0,2,0,0,0,0,3,2,0,0,0,0,0,0,0,288,1,0,2,1,0,234,1,1,0,0,0,0,0,1,1,0,0,0,0,0,1,0,0,8,0,3,4,6,1,0,0,18,11,0,3,2,0,0,0,0,8,0,6,25,0,0,2,0,0,0,0,0,3,2,11,0,2,0,0,0,3,0,0,0,15,1,0,1,430,3,0,1,45,0,0,0,0,1,1,2,0,0,0,1,9,0,0,0,0,0,1,4,1,1,55,0,0,0,0,0,0,0,0
H,1,3,0,16,5,5,1,2,0,2,3,1,2,2,1,5,10,10,0,16,25,0,0,2,2,3,4,2,7,1,3,0,0,5,1,0,1,1,21,1,0,30,8,0,0,2,1,0,3,0,40,0,0,0,0,0,0,34,0,1,2,1,1,1,2,1,1,6,4,0,1,20,63,0,0,0,147,0,1,0,0,0,0,0,1,16,2,2,4,0,0,2,11,1,0,0,0,5,0,8,1,2,0,0,1,33,0,1,3,1,0,3,3,0,1,18,5,9,0,0,2,2,16,0,0,0,0,0,419,0,0,0,0,0,0,0,0,13,0,1,1,10,3,11,0,1,0,0,0,0,1,0,6,0,3,90,3,0,0,0,0,2,14,14,0,0,0,0,2,0,0,1,0,5,1,8,0,0,14,2,2,0,277,14,1,0,16,3,3,6,1,0,2,16,2,2,9,0,0,0,1,1,0,1,0,3,501,1,2,1,0,10,1,9,0,4,1,0,3,5,0,0,0,0,0,3,6,38,0,2,2,0,2,1,1,4,1,1,1,0,1,0,0,18,2,4,0,2,1,3,5,2,3,1,1,4,122,0
K,0,6,4,1,0,12,2,0,1,4,1,6,1,2,5,6,5,18,1,1,0,13,0,6,16,12,9,3,1,5,6,4,2,13,4,2,5,5,0,17,1,0,1,0,11,0,5,0,12,36,1,4,0,0,0,0,0,0,0,0,13,4,8,22,11,9,0,18,2,0,0,20,10,0,0,0,0,0,1,0,0,0,0,0,9,0,17,3,5,1,5,1,0,4,1,0,0,21,0,0,6,2,0,0,16,6,0,20,24,21,1,1,1,8,0,41,3,70,0,1,3,12,19,0,0,0,0,0,0,0,2,0,0,0,0,0,0,12,0,0,93,22,5,3,5,0,209,1,0,0,1,2,0,1,1,5,2,16,223,4,1,19,0,57,3,0,0,0,0,0,0,0,1,25,1,6,0,0,1,0,14,23,1,4,31,7,0,0,14,12,14,7,10,3,4,9,305,2,8,1,3,1,41,1,0,2,0,0,1,0,3,7,3,20,16,15,0,9,252,7,0,2,0,0,0,369,3,0,0,21,8,4,5,3,0,7,28,1,3,6,2,4,1,11,2,5,0,17,7,0,8,3,9,25,1,1,7,0
R,2,3,4,6,12,306,5,3,1,3,4,22,13,5,5,11,12,242,0,5,4,10,0,20,14,13,33,3,7,81,3,20,1,22,28,3,13,8,0,32,0,2,17,0,24,8,8,1,19,42,6,0,0,0,0,0,0,0,0,1,4,2,33,18,7,2,0,27,3,0,1,54,299,0,1,0,17,0,0,0,0,0,2,0,6,0,13,3,121,4,2,7,0,12,4,417,7,153,0,0,29,6,0,0,15,7,0,22,28,74,7,11,5,22,2,254,9,321,0,3,20,3,411,13,0,0,0,0,1,0,0,0,0,0,0,0,0,49,0,0,44,46,291,7,78,0,69,0,0,0,0,0,1,0,0,1,4,11,9,4,0,17,0,143,10,0,1,2,0,0,1,5,13,21,0,17,0,2,5,1,39,13,0,1,28,26,8,1,27,11,4,6,9,6,12,9,80,8,2,11,3,7,100,5,2,6,1,2,1,1,10,20,5,8,12,15,0,68,93,15,0,5,0,1,0,35,299,2,0,30,2,4,9,379,2,38,26,6,1,2,4,3,3,109,21,15,3,8,48,4,267,4,12,6,6,0,4,1
Q,8,8,3,6,93,5,4,6,6,3,1,17,28,11,7,13,8,6,1,4,2,9,0,4,126,30,4,1,1,1,1,5,9,5,0,5,3,3,0,2,0,0,0,0,13,4,7,0,2,6,0,0,0,0,0,0,0,1,0,0,15,12,2,195,19,17,1,22,3,2,0,5,2,0,0,1,195,1,0,0,0,0,0,0,3,1,13,9,5,10,1,233,3,7,46,1,0,7,348,14,10,1,0,2,4,27,0,7,125,51,1,6,0,4,0,9,16,16,0,0,3,8,5,10,1,0,1,0,0,0,41,0,0,1,0,0,15,23,0,1,20,28,17,3,11,0,143,0,0,2,0,12,35,0,0,3,13,16,33,1,10,15,9,49,2,0,0,8,0,4,1,1,155,2,1,6,0,0,2,1,2,25,2,22,23,3,3,7,31,12,0,3,13,10,7,25,3,29,0,0,24,0,3,0,2,1,0,2,4,1,34,5,4,18,5,5,17,1,4,23,0,0,0,0,1,11,5,10,0,1,15,3,18,16,2,8,280,10,2,1,0,3,7,23,4,9,7,21,16,4,35,3,7,11,1,8,3,4
N,2,243,5,1,8,4,4,5,34,5,4,27,0,5,8,5,2,28,1,4,2,7,5,6,1,2,34,4,6,5,3,17,7,59,8,2,53,10,1,2,0,0,0,0,3,49,5,3,6,10,1,0,0,0,3,0,0,41,0,0,16,10,9,4,7,24,3,3,3,0,0,1,0,0,0,1,6,0,0,0,0,0,28,3,70,4,229,26,12,24,5,5,0,22,5,4,0,19,0,0,18,7,2,0,19,2,0,1,23,1,3,2,16,3,0,6,37,3,0,26,3,86,15,1,3,0,0,0,0,0,0,0,0,2,0,0,1,28,3,0,14,18,40,11,5,0,5,0,0,0,9,3,8,0,0,177,6,39,22,110,2,38,6,10,1,0,0,0,0,1,2,0,3,151,0,8,1,1,1,13,22,10,11,1,14,11,2,1,126,27,1,8,31,18,4,17,3,1,0,0,4,0,151,122,5,28,0,15,0,0,201,11,25,279,19,8,0,2,7,5,2,0,4,0,0,5,1,2,0,20,167,24,6,8,2,4,1,1,0,8,4,18,11,23,16,16,18,18,9,3,8,17,12,86,3,8,15,5
E,47,13,12,3,204,3,7,2,8,4,14,97,14,14,5,225,7,6,3,4,5,23,0,20,81,22,19,14,7,0,1,9,3,10,4,10,1,10,1,10,0,0,0,0,10,16,2,3,18,1,3,0,0,0,0,0,0,0,0,0,1,18,9,85,17,53,28,30,15,1,0,56,3,0,1,7,7,0,0,0,0,0,0,0,74,1,7,4,11,8,6,4,3,27,6,1,3,18,55,0,26,3,0,0,22,10,0,10,71,44,5,6,2,13,0,12,5,14,0,2,10,28,1,0,0,2,0,0,0,0,0,0,0,1,0,0,0,168,1,1,70,29,3,11,32,0,3,4,1,0,0,0,5,0,0,19,6,6,3,5,1,116,2,17,12,0,1,0,0,1,0,0,169,10,1,16,2,0,5,0,20,10,10,3,166,4,2,0,90,1,2,3,3,1,8,131,1,10,0,0,393,0,16,5,9,3,0,3,8,0,11,5,15,10,6,11,24,2,14,1,4,0,3,0,2,10,1,1,1,12,32,9,35,8,1,155,5,15,0,4,8,4,12,12,20,9,13,105,189,0,21,8,12,4,0,2,0,4
D,120,8,16,18,7,1,3,3,141,10,12,15,26,10,31,3,11,21,1,6,2,36,1,38,11,16,32,7,4,7,20,7,5,11,15,8,9,13,0,7,0,0,1,0,9,179,8,6,6,9,0,0,0,0,0,0,0,1,0,0,0,9,29,0,10,14,0,33,5,0,0,1,17,0,0,5,0,0,0,0,1,0,3,0,257,5,2,12,5,7,394,31,37,159,15,4,1,90,44,0,9,33,0,0,363,4,0,2,36,35,2,31,5,29,0,1,119,4,0,455,1,69,8,0,0,0,0,0,0,0,0,0,0,0,0,0,0,5,0,0,16,104,92,19,21,0,22,0,1,0,6,1,11,0,3,37,10,151,9,61,4,42,36,25,11,0,0,0,0,0,1,1,98,29,492,7,1,0,3,7,13,20,1,0,21,2,5,2,37,11,0,23,11,24,4,153,0,10,2,0,2,0,33,7,1,113,0,3,15,0,2,31,16,48,20,15,1,1,7,1,1,1,1,0,0,19,0,0,0,358,128,446,18,6,1,75,18,8,0,5,11,0,6,26,92,39,4,17,51,8,8,73,41,12,0,4,2,7
S,7,34,18,13,17,11,12,10,8,11,41,21,109,285,13,10,37,22,0,50,1,63,1,138,71,21,155,2,220,143,32,109,13,153,9,10,7,43,8,13,0,1,0,0,24,129,17,184,9,23,1,2,19,0,4,0,207,2,1,1,20,55,86,6,282,248,0,103,31,0,5,9,0,0,18,455,1,0,1,1,1,1,1,6,15,23,18,151,33,27,4,22,1,47,247,19,21,21,8,1,35,26,7,4,8,4,0,4,19,44,121,64,340,95,0,28,77,3,0,7,64,138,2,4,19,8,36,0,0,503,0,1,1,5,8,132,0,36,14,37,51,84,8,25,215,0,10,12,23,3,7,4,5,0,4,45,22,63,28,91,13,58,4,42,16,2,15,0,0,1,49,16,26,64,1,88,1,7,72,6,93,194,18,174,30,19,2,0,31,255,9,57,128,154,32,6,35,7,1,0,12,1,11,15,8,162,0,45,42,11,13,125,136,12,33,8,4,29,11,8,189,2,223,1,1,17,4,3,1,4,20,3,27,24,7,52,29,4,1,6,16,27,2,80,31,139,19,160,20,43,38,53,53,56,0,9,21,60
T,14,18,14,9,24,21,12,15,5,12,328,64,20,22,4,50,17,40,7,38,1,32,148,42,115,165,134,3,12,2,17,16,10,80,9,3,4,5,15,357,0,24,9,0,331,47,301,25,15,315,2,1,3,6,12,2,26,0,0,42,284,9,125,5,18,36,1,20,7,9,2,11,5,0,3,14,0,0,1,4,18,0,253,1,20,420,32,203,125,39,2,10,4,34,2,6,3,93,6,2,11,7,2,0,34,20,3,253,59,26,16,14,9,47,1,6,49,4,4,3,48,87,3,10,0,4,10,0,0,0,0,0,1,11,6,153,0,5,12,20,27,30,6,22,41,0,17,47,20,3,10,13,204,1,7,15,121,62,28,139,7,65,22,116,132,0,377,1,1,1,51,2,17,23,4,196,91,8,57,16,25,96,7,9,14,7,1,1,63,54,23,55,22,87,124,6,7,13,0,1,22,0,36,9,8,91,0,7,93,18,105,101,26,10,198,232,44,22,8,16,65,76,8,0,0,2,16,10,3,9,0,1,297,9,2,65,12,4,3,19,5,11,3,26,43,34,20,15,16,3,10,6,13,199,3,4,6,51
-,132,89,86,57,41,56,52,52,43,38,37,46,27,24,25,24,33,19,13,12,14,14,13,15,16,52,20,21,51,179,257,114,79,56,56,21,17,17,11,10,10,11,11,11,11,19,38,171,6,6,6,6,6,6,6,6,6,6,6,6,7,6,7,7,7,7,7,7,7,7,7,7,7,6,6,6,6,6,6,6,6,6,6,6,6,6,6,13,7,98,80,72,52,52,52,7,7,7,7,7,7,6,6,6,7,7,7,8,8,153,270,276,95,46,18,14,11,10,10,6,7,7,21,5,5,5,5,5,5,5,5,5,5,5,5,5,5,6,5,5,24,64,28,18,9,9,9,13,6,6,6,6,6,6,5,5,5,35,88,27,7,5,9,5,5,4,4,3,3,3,3,3,3,3,5,5,6,4,8,7,86,8,24,14,54,26,3,3,5,16,9,17,78,76,3,3,4,4,5,7,4,5,4,19,12,5,5,5,5,6,8,84,114,22,21,11,11,10,10,10,9,9,8,8,9,9,5,5,5,6,8,8,11,11,11,12,12,11,11,11,12,118,124,28,36,56,313,77,41,28,29,200,275,70,85,93,119,243
other,0,0,0,0,0,0,0,0,0,0,0,0,0,0,0,0,0,0,0,0,0,0,0,0,0,0,0,0,0,0,0,0,0,0,0,0,0,0,0,0,0,0,0,0,0,0,0,0,0,1,0,0,0,0,0,1,0,0,0,0,0,0,0,0,0,0,0,0,0,0,0,0,0,0,0,0,0,0,0,0,0,0,0,0,0,0,0,0,0,0,0,0,0,0,0,0,0,0,0,0,0,0,0,0,0,0,0,0,0,0,0,0,0,0,0,0,0,0,0,0,0,0,0,0,0,0,0,0,0,0,0,0,0,0,0,0,0,0,0,0,0,0,0,0,0,0,1,0,0,0,0,0,0,0,0,0,0,0,0,0,0,0,0,0,0,0,0,0,0,0,0,0,0,0,0,1,0,0,0,0,0,0,0,0,0,0,1,0,0,0,0,0,0,0,0,0,0,0,0,0,0,0,0,0,0,0,0,0,0,0,0,0,0,0,0,0,0,0,0,0,0,0,0,0,0,0,0,0,0,0,0,0,0,0,0,0,0,0,0,0,0,0,0,0,0,0,0,0,0,0,0,0,0,0,0,0,0,0
