G,0.0,0.0,0.0,0.0496894409938,0.0,0.0,0.0,0.0140845070423,0.0234741784038,0.0,0.0366972477064,0.247706422018,0.0,0.298165137615,0.0,0.0045871559633,0.0412844036697,0.481651376147,0.0,0.00917431192661,0.0275229357798,0.0,0.0,0.0645161290323,0.021164021164,0.767441860465,0.148514851485,0.0,0.00917431192661,0.00456621004566,0.0502283105023,0.0730593607306,0.0,0.0,0.0456621004566,0.0,0.0,0.904109589041,0.0,0.0,0.0,0.995454545455,0.0,0.981818181818,0.400966183575,0.00487804878049,0.0048309178744,0.0,0.0,0.00909090909091,0.0,0.386363636364,0.0,0.00454545454545,0.0,0.0,0.0,0.0,0.0181818181818,0.0363636363636,0.0,0.0,0.1,0.0636363636364,0.00454545454545,0.030303030303,0.568181818182,0.0077519379845,0.0143884892086,0.0227272727273,0.00709219858156,0.0243902439024,0.063829787234,0.0789473684211,0.0366492146597,0.0994764397906,0.00454545454545,0.0,0.0,0.00454545454545,0.0,0.0,0.981818181818,0.945454545455,0.00909090909091,0.0545454545455,1.0,0.118181818182,0.0,0.00454545454545,0.0,0.0,0.00909090909091,0.0,0.0,0.0,0.00913242009132,0.00456621004566,0.013698630137,0.0776255707763,0.0798122065728,0.109523809524,0.0648648648649,0.107913669065,0.0630630630631,0.0645161290323,0.0434782608696,0.148148148148,0.103092783505,0.192660550459,0.233944954128,0.0642201834862,0.197247706422,0.0,0.00917431192661,0.0045871559633,0.788990825688,0.0045871559633,0.200913242009,0.0,0.00456621004566,0.00456621004566,0.0,0.0,0.013698630137,0.013698630137,0.0228310502283,0.0,0.0,0.990867579909,0.00913242009132,0.013698630137,0.0593607305936,0.0,0.0,0.013698630137,0.0,0.0,0.00456621004566,0.0365296803653,0.2100456621,0.0,0.0365296803653,0.0183486238532,0.0137614678899,0.0,0.0182648401826,0.0319634703196,0.0182648401826,0.7899543379,0.0,0.0183486238532,0.0235294117647,0.00921658986175,0.0506912442396,0.0,0.0,0.00456621004566,0.0,0.0,0.0,0.00913242009132,0.0,0.0913242009132,0.0,0.0,0.0047619047619,0.0190476190476,0.00952380952381,0.0334928229665,0.00478468899522,0.0,0.0147783251232,0.0247524752475,0.005,0.015,0.0402010050251,0.0,0.909090909091,0.020618556701,0.0372340425532,0.00510204081633,0.0,0.0194174757282,0.00485436893204,0.00966183574879,0.00966183574879,0.0837209302326,0.0601851851852,0.0366972477064,0.0412844036697,0.330275229358,0.0045871559633,0.00456621004566,0.0,0.648401826484,0.0228310502283,0.0776255707763,0.0456621004566,0.0,1.0,0.0,0.0867579908676,0.00456621004566,0.027397260274,0.0,0.853881278539,0.0,0.0,0.0593607305936,0.0502283105023,0.0662983425414,0.0259067357513,0.00943396226415,0.041095890411,0.0227272727273,0.0516431924883,0.00943396226415,0.0,0.164251207729,0.0730593607306,0.00456621004566,0.041095890411,0.0730593607306,0.0,0.0,0.00456621004566,0.127853881279,0.0,0.00913242009132,0.00456621004566,0.0,0.0,0.0228310502283,0.954337899543,0.0730593607306,0.0228310502283,0.00917431192661,0.00456621004566,0.0593607305936,0.00456621004566,0.0,0.0,0.0,0.0,0.0,0.840182648402,0.0,0.00456621004566,0.013698630137,0.337899543379,0.00913242009132,0.225352112676,0.607305936073,0.013698630137,0.0,0.00913242009132,0.00456621004566,0.465753424658,0.0,0.228310502283,0.00456621004566,0.0,0.013698630137,0.0,0.0776255707763,0.0,0.0,0.0456621004566,0.0776255707763,0.310502283105,0.0,0.00913242009132,0.0639269406393,0.0,0.0,0.0366972477064,0.0424528301887,0.0,0.68932038835,0.0681818181818,0.122580645161,0.04,0.0725806451613,0.298507462687,0.0408163265306,0.0204081632653,0.0394736842105,0.025641025641,0.0414507772021,0.0152284263959,0.233944954128,0.399082568807,0.0,0.0,0.0045871559633,0.0504587155963,0.0,0.0,0.0045871559633,0.0,0.00921658986175,0.0645161290323,0.00460829493088,0.00460829493088,0.0275229357798,0.0229357798165,0.894495412844,0.0,0.0,0.045871559633,0.880733944954,0.0,0.0045871559633,0.0,0.0,0.0,0.0,0.00917431192661,0.0,0.0137614678899,0.00462962962963,0.0185185185185,0.0,0.0794392523364,0.0550458715596,0.0,0.0,0.0045871559633,0.0,0.0733944954128,0.0,0.00917431192661,0.788990825688,0.770642201835,0.0,0.0,0.0642201834862,0.454128440367,0.0,0.00917431192661,0.912844036697,0.0,0.15668202765,0.00921658986175,0.0,0.0,0.0,0.0,0.710280373832,0.771028037383,0.0233644859813,0.0,0.075117370892,0.0,0.962085308057,0.00473933649289,0.0,0.995238095238,0.909523809524,0.9,0.0,0.0,0.0,0.0,0.0,0.0153846153846,0.0,0.0,0.0
P,0.0,0.020618556701,0.0,0.0,0.0,0.0,0.00473933649289,0.0,0.572769953052,0.0,0.00917431192661,0.0,0.811926605505,0.0,0.0,0.0,0.0,0.105504587156,0.0,0.0,0.0,0.0,0.0,0.0,0.0,0.0,0.0,0.00917431192661,0.0183486238532,0.497716894977,0.00456621004566,0.0,0.00456621004566,0.0,0.0,0.0,0.0,0.0,0.0,0.0,0.0,0.0,0.0,0.0,0.00966183574879,0.0,0.0,0.0,0.0,0.0,0.0,0.0227272727273,0.0,0.0,0.0,0.0,0.0,0.0,0.0,0.0954545454545,0.0,0.0,0.113636363636,0.145454545455,0.0,0.0,0.0378787878788,0.0077519379845,0.143884892086,0.378787878788,0.063829787234,0.00609756097561,0.0,0.0157894736842,0.00523560209424,0.00523560209424,0.0136363636364,0.327272727273,0.0,0.0,0.0,0.0,0.0,0.0,0.0,0.00909090909091,0.0,0.0,0.0,0.0,1.0,0.0,0.0,0.0,0.0,0.0,0.00456621004566,0.0,0.0,0.200913242009,0.0422535211268,0.0857142857143,0.0810810810811,0.136690647482,0.198198198198,0.0645161290323,0.152173913043,0.135802469136,0.128865979381,0.0779816513761,0.0504587155963,0.279816513761,0.0,0.0,0.0,0.0,0.0,0.0,0.0,0.0,0.0,0.196347031963,0.141552511416,0.0,0.173515981735,0.7899543379,0.0,0.0,0.0,0.0,0.0,0.0867579908676,0.0821917808219,0.0,0.0,0.0,0.0,0.0,0.0,0.0,0.0,0.0,0.0,0.0,0.0,0.0,0.0,0.0,0.0,0.0,0.0,0.0045871559633,0.0,0.539170506912,0.0,0.0,0.00913242009132,0.0,0.0,0.0,0.0,0.0,0.0,0.0,0.954128440367,0.0,0.052380952381,0.0047619047619,0.0619047619048,0.00478468899522,0.0143540669856,0.00970873786408,0.0,0.0049504950495,0.0,0.005,0.0,0.0,0.0,0.0,0.0159574468085,0.198979591837,0.005,0.00970873786408,0.0145631067961,0.00966183574879,0.106280193237,0.0,0.0138888888889,0.0,0.0,0.0229357798165,0.0,0.0,0.0,0.0,0.0,0.0,0.0,0.0,0.0,0.0,0.0,0.0,0.0,0.0,0.0,0.0,0.0,0.10502283105,0.0821917808219,0.0220994475138,0.20725388601,0.0141509433962,0.0182648401826,0.0227272727273,0.0093896713615,0.0,0.00507614213198,0.0,0.0,0.00456621004566,0.027397260274,0.00456621004566,0.0,0.0,0.0,0.0182648401826,0.0,0.0,0.0,0.0,0.0,0.0,0.0,0.0365296803653,0.0,0.0,0.0182648401826,0.0,0.0,0.0,0.0,0.0,0.0,0.0,0.0,0.0,0.0,0.237442922374,0.0,0.0182648401826,0.0093896713615,0.0365296803653,0.292237442922,0.0,0.0,0.0,0.0,0.00456621004566,0.0,0.0958904109589,0.0,0.0,0.0,0.00913242009132,0.0,0.0,0.00913242009132,0.0867579908676,0.0730593607306,0.0,0.0,0.0,0.0,0.0,0.0,0.00943396226415,0.0,0.0970873786408,0.00568181818182,0.103225806452,0.04,0.379032258065,0.134328358209,0.299319727891,0.163265306122,0.203947368421,0.198717948718,0.0103626943005,0.0609137055838,0.0321100917431,0.0045871559633,0.0045871559633,0.0,0.0,0.0,0.0,0.0,0.0,0.0,0.0,0.0,0.221198156682,0.036866359447,0.532110091743,0.0,0.0183486238532,0.0,0.0,0.0,0.0,0.0,0.0,0.0,0.0045871559633,0.0,0.0,0.0,0.00917431192661,0.0,0.0,0.00925925925926,0.00471698113208,0.00934579439252,0.0,0.0,0.0,0.0,0.0,0.0,0.0,0.0,0.0,0.0,0.0,0.0,0.0,0.0,0.0,0.0,0.0,0.0,0.331797235023,0.0,0.0,0.0,0.0,0.0,0.0,0.0,0.0,0.0,0.0,0.0,0.0,0.947867298578,0.233333333333,0.0,0.0,0.0,0.740384615385,0.0,0.0,0.0240384615385,0.0,0.0,0.0,0.0,0.0
A,0.0,0.0103092783505,0.472222222222,0.0248447204969,0.0191387559809,0.0,0.0,0.0093896713615,0.18779342723,0.158139534884,0.178899082569,0.0871559633028,0.0,0.224770642202,0.0,0.192660550459,0.0871559633028,0.192660550459,0.0045871559633,0.266055045872,0.348623853211,0.128440366972,0.0275229357798,0.253456221198,0.216931216931,0.0837209302326,0.222772277228,0.0,0.114678899083,0.41095890411,0.196347031963,0.013698630137,0.0,0.0182648401826,0.917808219178,0.0,0.0,0.0821917808219,0.0,0.0,0.0,0.0,0.0,0.00909090909091,0.0048309178744,0.0341463414634,0.0,0.0,0.0,0.0454545454545,0.0,0.0818181818182,0.0,0.822727272727,0.0681818181818,0.186363636364,0.55,0.00909090909091,0.0454545454545,0.163636363636,0.172727272727,0.0,0.359090909091,0.145454545455,0.0909090909091,0.0151515151515,0.0454545454545,0.093023255814,0.0575539568345,0.0984848484848,0.262411347518,0.201219512195,0.132978723404,0.157894736842,0.178010471204,0.0261780104712,0.136363636364,0.313636363636,0.0,0.00909090909091,0.0,0.0,0.0,0.0,0.00909090909091,0.0,0.0,0.122727272727,0.00909090909091,0.0454545454545,0.0,0.0,0.236363636364,0.0136363636364,0.00909090909091,0.00454545454545,0.342465753425,0.0502283105023,0.0776255707763,0.0639269406393,0.220657276995,0.147619047619,0.189189189189,0.251798561151,0.171171171171,0.129032258065,0.315217391304,0.203703703704,0.113402061856,0.100917431193,0.0642201834862,0.0275229357798,0.256880733945,0.0,0.490825688073,0.165137614679,0.123853211009,0.0642201834862,0.671232876712,0.0,0.0,0.0867579908676,0.0776255707763,0.0,0.132420091324,0.100456621005,0.0228310502283,0.0182648401826,0.00456621004566,0.00913242009132,0.00913242009132,0.0547945205479,0.506849315068,0.00456621004566,0.123287671233,0.0639269406393,0.200913242009,0.013698630137,0.844748858447,0.287671232877,0.570776255708,0.00456621004566,0.100456621005,0.288990825688,0.784403669725,0.00917431192661,0.392694063927,0.0684931506849,0.840182648402,0.041095890411,0.013698630137,0.146788990826,0.0235294117647,0.175115207373,0.437788018433,0.027397260274,0.0,0.027397260274,0.0,0.00913242009132,0.0,0.0,0.0,0.0228310502283,0.0366972477064,0.0321100917431,0.0,0.0190476190476,0.119047619048,0.306220095694,0.0334928229665,0.0582524271845,0.28078817734,0.311881188119,0.815,0.155,0.507537688442,0.166666666667,0.0151515151515,0.123711340206,0.0957446808511,0.00510204081633,0.37,0.0291262135922,0.0679611650485,0.0,0.0966183574879,0.0,0.087962962963,0.0183486238532,0.0,0.362385321101,0.0045871559633,0.114155251142,0.0,0.2100456621,0.776255707763,0.0228310502283,0.913242009132,0.00913242009132,0.0,0.0684931506849,0.908675799087,0.0502283105023,0.96803652968,0.0,0.00456621004566,0.00913242009132,0.0228310502283,0.155251141553,0.164383561644,0.160220994475,0.176165803109,0.141509433962,0.123287671233,0.0852272727273,0.347417840376,0.198113207547,0.0203045685279,0.048309178744,0.100456621005,0.0182648401826,0.0319634703196,0.0547945205479,0.027397260274,0.0,0.00913242009132,0.2100456621,0.00456621004566,0.926940639269,0.0365296803653,0.164383561644,0.0,0.534246575342,0.0,0.13698630137,0.00913242009132,0.0045871559633,0.0228310502283,0.0867579908676,0.2100456621,0.00456621004566,0.0,0.00456621004566,0.00456621004566,0.0228310502283,0.150684931507,0.00913242009132,0.260273972603,0.182648401826,0.159817351598,0.155251141553,0.211267605634,0.00456621004566,0.0502283105023,0.0,0.132420091324,0.150684931507,0.214611872146,0.0228310502283,0.319634703196,0.0182648401826,0.0,0.178082191781,0.0,0.799086757991,0.013698630137,0.0,0.360730593607,0.260273972603,0.433789954338,0.0365296803653,0.027397260274,0.246575342466,0.643835616438,0.00913242009132,0.224770642202,0.0566037735849,0.362385321101,0.0194174757282,0.0511363636364,0.0903225806452,0.216,0.120967741935,0.0373134328358,0.0884353741497,0.00680272108844,0.118421052632,0.230769230769,0.186528497409,0.126903553299,0.151376146789,0.174311926606,0.0137614678899,0.0045871559633,0.146788990826,0.316513761468,0.0183486238532,0.0,0.623853211009,0.0,0.68202764977,0.00460829493088,0.714285714286,0.0552995391705,0.0779816513761,0.0183486238532,0.0183486238532,0.045871559633,0.0,0.00917431192661,0.00917431192661,0.0550458715596,0.0,0.0,0.133027522936,0.0045871559633,0.0,0.0,0.0,0.0917431192661,0.037037037037,0.00462962962963,0.0566037735849,0.271028037383,0.0,0.0,0.0,0.701834862385,0.0,0.839449541284,0.412844036697,0.0688073394495,0.0550458715596,0.201834862385,0.0596330275229,0.123853211009,0.889908256881,0.252293577982,0.0779816513761,0.105504587156,0.0,0.0045871559633,0.0506912442396,0.400921658986,0.00921658986175,0.0,0.0138888888889,0.0,0.0700934579439,0.0560747663551,0.841121495327,0.11214953271,0.0,0.0,0.00947867298578,0.0142180094787,0.166666666667,0.0,0.0380952380952,0.0238095238095,0.0,0.0,0.822115384615,0.322115384615,0.0,0.569230769231,0.00917431192661,0.142857142857,0.72
V,0.0,0.0,0.185185185185,0.00621118012422,0.736842105263,0.0284360189573,0.00473933649289,0.422535211268,0.00469483568075,0.0279069767442,0.0,0.0,0.178899082569,0.0,0.0,0.422018348624,0.0,0.00917431192661,0.142201834862,0.0275229357798,0.0183486238532,0.0,0.0779816513761,0.0322580645161,0.00529100529101,0.0,0.188118811881,0.183486238532,0.0229357798165,0.00913242009132,0.00913242009132,0.0,0.415525114155,0.497716894977,0.0,0.534246575342,0.10502283105,0.00913242009132,0.0,0.0,0.0,0.0,0.0,0.0,0.0,0.912195121951,0.0,0.0,0.00454545454545,0.0,0.0,0.00909090909091,0.0,0.0,0.236363636364,0.0227272727273,0.127272727273,0.0227272727273,0.0,0.0363636363636,0.181818181818,0.0136363636364,0.0909090909091,0.0,0.0181818181818,0.0378787878788,0.00757575757576,0.0387596899225,0.0,0.030303030303,0.0141843971631,0.0182926829268,0.382978723404,0.305263157895,0.0,0.0,0.377272727273,0.159090909091,0.0136363636364,0.731818181818,0.00454545454545,0.0,0.0,0.0,0.0136363636364,0.0,0.0,0.65,0.00454545454545,0.0,0.0,0.0,0.145454545455,0.0363636363636,0.586363636364,0.0227272727273,0.118721461187,0.0684931506849,0.118721461187,0.013698630137,0.145539906103,0.0190476190476,0.0162162162162,0.0863309352518,0.0720720720721,0.0645161290323,0.0434782608696,0.037037037037,0.0463917525773,0.00917431192661,0.0045871559633,0.0045871559633,0.0,0.0183486238532,0.151376146789,0.311926605505,0.0,0.334862385321,0.0,0.0365296803653,0.0,0.0,0.159817351598,0.041095890411,0.00913242009132,0.00456621004566,0.00456621004566,0.00456621004566,0.155251141553,0.0,0.0,0.0730593607306,0.0547945205479,0.00456621004566,0.579908675799,0.00456621004566,0.0228310502283,0.707762557078,0.00456621004566,0.00913242009132,0.041095890411,0.926940639269,0.00456621004566,0.0825688073394,0.0045871559633,0.045871559633,0.00913242009132,0.00913242009132,0.00456621004566,0.0,0.0913242009132,0.0137614678899,0.0,0.0783410138249,0.0,0.0,0.949771689498,0.00456621004566,0.0,0.986301369863,0.013698630137,0.37899543379,0.0,0.00456621004566,0.0,0.0,0.052380952381,0.0238095238095,0.0428571428571,0.00956937799043,0.0,0.208737864078,0.00492610837438,0.0049504950495,0.045,0.03,0.0100502512563,0.00505050505051,0.010101010101,0.0360824742268,0.0425531914894,0.479591836735,0.305,0.0631067961165,0.0,0.0,0.0048309178744,0.0,0.0138888888889,0.0045871559633,0.0045871559633,0.0183486238532,0.0412844036697,0.0,0.00456621004566,0.0,0.0182648401826,0.0,0.0,0.0456621004566,0.0,0.529680365297,0.0,0.511415525114,0.0,0.0182648401826,0.0,0.0,0.310502283105,0.00456621004566,0.00456621004566,0.0276243093923,0.0259067357513,0.141509433962,0.027397260274,0.0113636363636,0.0093896713615,0.122641509434,0.319796954315,0.0,0.0182648401826,0.0,0.0,0.0,0.0776255707763,0.0,0.0,0.0182648401826,0.438356164384,0.0182648401826,0.0,0.123287671233,0.0,0.00456621004566,0.0,0.438356164384,0.0,0.0733944954128,0.0547945205479,0.00913242009132,0.0365296803653,0.114155251142,0.493150684932,0.315068493151,0.835616438356,0.2100456621,0.0,0.00913242009132,0.0502283105023,0.0182648401826,0.00456621004566,0.114155251142,0.037558685446,0.0,0.0,0.0,0.109589041096,0.0730593607306,0.0593607305936,0.00456621004566,0.0,0.721461187215,0.0,0.00456621004566,0.0,0.0228310502283,0.027397260274,0.0,0.0776255707763,0.013698630137,0.00913242009132,0.511415525114,0.0456621004566,0.0,0.109589041096,0.027397260274,0.0137614678899,0.00943396226415,0.238532110092,0.0,0.0397727272727,0.00645161290323,0.096,0.0322580645161,0.0223880597015,0.00680272108844,0.0884353741497,0.0131578947368,0.0192307692308,0.00518134715026,0.0152284263959,0.0137614678899,0.0,0.0,0.316513761468,0.577981651376,0.0,0.633027522936,0.0,0.169724770642,0.0,0.00460829493088,0.00460829493088,0.0322580645161,0.0,0.0137614678899,0.0137614678899,0.0,0.0275229357798,0.628440366972,0.0,0.0,0.0229357798165,0.0,0.0,0.0275229357798,0.0045871559633,0.0045871559633,0.0,0.0,0.0,0.0,0.217592592593,0.0,0.0,0.0045871559633,0.0045871559633,0.0229357798165,0.0183486238532,0.0,0.0,0.224770642202,0.844036697248,0.0,0.0,0.587155963303,0.169724770642,0.0045871559633,0.0,0.426605504587,0.266055045872,0.0,0.0045871559633,0.0,0.00460829493088,0.423963133641,0.0,0.916666666667,0.0,0.177570093458,0.0,0.0,0.0700934579439,0.0,0.0,0.0,0.0,0.0,0.0,0.0,0.0,0.00961538461538,0.721153846154,0.0,0.418269230769,0.163461538462,0.192307692308,0.0,0.114285714286,0.0
L,0.115942028986,0.0,0.037037037037,0.0186335403727,0.138755980861,0.113744075829,0.00473933649289,0.159624413146,0.00469483568075,0.0744186046512,0.0137614678899,0.0,0.0,0.0,0.0,0.114678899083,0.0,0.0045871559633,0.802752293578,0.0137614678899,0.00917431192661,0.738532110092,0.128440366972,0.0,0.0,0.0139534883721,0.0247524752475,0.229357798165,0.0045871559633,0.00913242009132,0.0,0.0,0.0182648401826,0.237442922374,0.0,0.041095890411,0.383561643836,0.0,0.0,0.0,0.0,0.0,0.0,0.0,0.0338164251208,0.00487804878049,0.0,0.0,0.0,0.0,0.0,0.00909090909091,0.3,0.00909090909091,0.0,0.118181818182,0.0,0.422727272727,0.00454545454545,0.0863636363636,0.345454545455,0.7,0.0363636363636,0.0,0.0363636363636,0.628787878788,0.0,0.286821705426,0.0143884892086,0.0,0.00709219858156,0.00609756097561,0.0797872340426,0.0368421052632,0.0,0.0,0.0272727272727,0.0181818181818,0.231818181818,0.0136363636364,0.0636363636364,0.0,0.0,0.0136363636364,0.0,0.0,0.0,0.0545454545455,0.654545454545,0.0,0.0,0.0,0.104545454545,0.15,0.0818181818182,0.109090909091,0.0365296803653,0.0,0.0365296803653,0.00913242009132,0.018779342723,0.00952380952381,0.027027027027,0.0287769784173,0.00900900900901,0.0322580645161,0.0108695652174,0.00617283950617,0.0515463917526,0.0137614678899,0.0229357798165,0.0137614678899,0.0,0.912844036697,0.0183486238532,0.105504587156,0.0,0.00917431192661,0.0,0.00913242009132,0.0,0.00913242009132,0.00913242009132,0.488584474886,0.388127853881,0.0,0.00456621004566,0.0,0.269406392694,0.0,0.0,0.13698630137,0.0,0.00913242009132,0.00913242009132,0.0730593607306,0.132420091324,0.0,0.0,0.00456621004566,0.0,0.00456621004566,0.0456621004566,0.0137614678899,0.119266055046,0.0779816513761,0.027397260274,0.00913242009132,0.0913242009132,0.00456621004566,0.0958904109589,0.0,0.0,0.0460829493088,0.0,0.0,0.00456621004566,0.0,0.168949771689,0.0,0.132420091324,0.013698630137,0.0,0.00456621004566,0.0,0.830275229358,0.847619047619,0.0,0.0809523809524,0.0,0.00956937799043,0.0436893203883,0.0295566502463,0.0,0.025,0.05,0.0201005025126,0.0151515151515,0.0,0.0257731958763,0.0106382978723,0.0561224489796,0.04,0.00485436893204,0.00970873786408,0.0,0.0386473429952,0.241860465116,0.00462962962963,0.0137614678899,0.00917431192661,0.0137614678899,0.357798165138,0.0,0.0,0.0,0.0,0.00456621004566,0.0,0.835616438356,0.0,0.00913242009132,0.0,0.296803652968,0.0,0.954337899543,0.0,0.0,0.141552511416,0.00456621004566,0.041095890411,0.0,0.020725388601,0.268867924528,0.0593607305936,0.00568181818182,0.0,0.0896226415094,0.0710659898477,0.270531400966,0.0,0.00456621004566,0.0958904109589,0.0,0.698630136986,0.00913242009132,0.0,0.00913242009132,0.00913242009132,0.0,0.0,0.0,0.0,0.0,0.0,0.00456621004566,0.00913242009132,0.825688073394,0.114155251142,0.0,0.0,0.0,0.00456621004566,0.228310502283,0.10502283105,0.497716894977,0.00456621004566,0.00456621004566,0.0,0.0228310502283,0.00456621004566,0.00913242009132,0.0,0.00456621004566,0.013698630137,0.51598173516,0.00456621004566,0.0,0.027397260274,0.0,0.0,0.013698630137,0.041095890411,0.0,0.0,0.00913242009132,0.369863013699,0.0,0.155251141553,0.013698630137,0.0,0.123287671233,0.109589041096,0.00456621004566,0.13698630137,0.575342465753,0.0,0.0283018867925,0.284403669725,0.00485436893204,0.5625,0.0451612903226,0.312,0.0322580645161,0.0,0.0748299319728,0.353741496599,0.0131578947368,0.0128205128205,0.0259067357513,0.172588832487,0.045871559633,0.0,0.0,0.454128440367,0.0550458715596,0.0,0.174311926606,0.366972477064,0.155963302752,0.0,0.0,0.0,0.00460829493088,0.0,0.0,0.0229357798165,0.0045871559633,0.114678899083,0.0642201834862,0.0229357798165,0.0,0.0504587155963,0.0,0.0,0.0045871559633,0.00917431192661,0.692660550459,0.0,0.0,0.0,0.0,0.0416666666667,0.0,0.0,0.0,0.0045871559633,0.0321100917431,0.0045871559633,0.0,0.0,0.0871559633028,0.0412844036697,0.0,0.0,0.316513761468,0.316513761468,0.0,0.0,0.298165137615,0.0733944954128,0.0,0.0045871559633,0.0,0.0184331797235,0.271889400922,0.0552995391705,0.0,0.0,0.0,0.0,0.0,0.00467289719626,0.0,0.0,0.0,0.0,0.0285714285714,0.0,0.0,0.0,0.120192307692,0.110576923077,0.0,0.0528846153846,0.00480769230769,0.0153846153846,0.0,0.0571428571429,0.0
I,0.0144927536232,0.0,0.0462962962963,0.0124223602484,0.0956937799043,0.0947867298578,0.0,0.215962441315,0.0,0.148837209302,0.0,0.0,0.0,0.0,0.0,0.0366972477064,0.0045871559633,0.0,0.0275229357798,0.00917431192661,0.0,0.0137614678899,0.55504587156,0.0,0.0,0.0,0.019801980198,0.344036697248,0.0137614678899,0.0,0.0,0.0,0.552511415525,0.173515981735,0.0,0.420091324201,0.392694063927,0.0,0.0,0.0,0.0,0.0,0.0,0.0,0.0,0.0146341463415,0.0,0.0,0.0,0.0,0.0,0.172727272727,0.127272727273,0.0,0.0181818181818,0.0,0.0,0.0181818181818,0.00454545454545,0.00909090909091,0.00909090909091,0.127272727273,0.00909090909091,0.0,0.0,0.0681818181818,0.0,0.0852713178295,0.0,0.00757575757576,0.0,0.0,0.0797872340426,0.0578947368421,0.0,0.0,0.422727272727,0.0272727272727,0.190909090909,0.154545454545,0.0,0.0590909090909,0.0,0.0,0.0,0.00909090909091,0.0,0.0363636363636,0.163636363636,0.0,0.0,0.0,0.1,0.0590909090909,0.222727272727,0.0772727272727,0.041095890411,0.0182648401826,0.013698630137,0.00456621004566,0.018779342723,0.00952380952381,0.0108108108108,0.0143884892086,0.0,0.0,0.0108695652174,0.00617283950617,0.0257731958763,0.0045871559633,0.0045871559633,0.0,0.0,0.0045871559633,0.0045871559633,0.321100917431,0.0,0.119266055046,0.00913242009132,0.0182648401826,0.0,0.0,0.013698630137,0.114155251142,0.0,0.00456621004566,0.0,0.0,0.51598173516,0.0,0.0,0.00913242009132,0.00913242009132,0.0,0.251141552511,0.0,0.00913242009132,0.0,0.0,0.0,0.0,0.041095890411,0.00456621004566,0.0183486238532,0.0137614678899,0.123853211009,0.00456621004566,0.0182648401826,0.013698630137,0.00456621004566,0.785388127854,0.00917431192661,0.0,0.0276497695853,0.0,0.0,0.027397260274,0.0,0.0,0.00456621004566,0.013698630137,0.415525114155,0.0,0.0,0.0,0.0321100917431,0.0190476190476,0.0,0.128571428571,0.0,0.0,0.606796116505,0.0,0.0,0.08,0.015,0.0,0.00505050505051,0.00505050505051,0.0103092783505,0.00531914893617,0.00510204081633,0.065,0.0194174757282,0.0291262135922,0.0,0.0,0.0,0.00462962962963,0.0,0.0045871559633,0.0,0.0275229357798,0.0,0.0,0.0,0.00456621004566,0.0,0.0,0.0502283105023,0.0,0.356164383562,0.0,0.0502283105023,0.0,0.0,0.0,0.0,0.465753424658,0.0,0.013698630137,0.0110497237569,0.00518134715026,0.254716981132,0.00456621004566,0.0,0.0,0.00471698113208,0.532994923858,0.0,0.00456621004566,0.0,0.00456621004566,0.0,0.041095890411,0.0,0.0,0.0,0.0,0.0,0.0,0.0365296803653,0.0,0.0,0.0,0.228310502283,0.0,0.0137614678899,0.00456621004566,0.0,0.00456621004566,0.0,0.493150684932,0.37899543379,0.0502283105023,0.0365296803653,0.0,0.00456621004566,0.0,0.0,0.00913242009132,0.0684931506849,0.0093896713615,0.0,0.0,0.00913242009132,0.00456621004566,0.72602739726,0.0182648401826,0.0,0.0,0.0228310502283,0.0,0.00456621004566,0.0,0.0365296803653,0.538812785388,0.0,0.114155251142,0.0,0.0,0.319634703196,0.0502283105023,0.0,0.0182648401826,0.2100456621,0.0,0.0,0.0229357798165,0.0,0.107954545455,0.0129032258065,0.064,0.0,0.00746268656716,0.00680272108844,0.0,0.0197368421053,0.00641025641026,0.00518134715026,0.0558375634518,0.0,0.0,0.0,0.197247706422,0.0412844036697,0.0137614678899,0.174311926606,0.0,0.0183486238532,0.0045871559633,0.0,0.00460829493088,0.00460829493088,0.0,0.0,0.0137614678899,0.0,0.0,0.288990825688,0.0,0.0,0.0,0.0045871559633,0.0137614678899,0.133027522936,0.0275229357798,0.00917431192661,0.0,0.0,0.0,0.0,0.657407407407,0.0,0.0,0.0,0.0504587155963,0.0045871559633,0.233944954128,0.0,0.0,0.0,0.00917431192661,0.0,0.0,0.0137614678899,0.266055045872,0.0,0.0,0.100917431193,0.0825688073394,0.0,0.0229357798165,0.0,0.0,0.267281105991,0.0,0.0277777777778,0.0,0.00467289719626,0.0,0.0,0.0,0.0,0.0,0.0,0.0,0.0,0.0,0.0,0.0,0.0,0.153846153846,0.0240384615385,0.158653846154,0.826923076923,0.0384615384615,0.0,0.0285714285714,0.0
M,0.811594202899,0.0,0.0,0.0,0.00956937799043,0.00473933649289,0.0,0.0,0.0,0.260465116279,0.0045871559633,0.0,0.0,0.0,0.0,0.0275229357798,0.0,0.0,0.0045871559633,0.0917431192661,0.0,0.0550458715596,0.00917431192661,0.0,0.0,0.0,0.0,0.0642201834862,0.0,0.0,0.0,0.0,0.0,0.0,0.0,0.0,0.0456621004566,0.0,0.00456621004566,0.0,0.0,0.0,0.0,0.0,0.0,0.00487804878049,0.0,0.0,0.0,0.0,0.0,0.0,0.0,0.0,0.00909090909091,0.0818181818182,0.00909090909091,0.0,0.0545454545455,0.00909090909091,0.0318181818182,0.00454545454545,0.0181818181818,0.0,0.0,0.0606060606061,0.0,0.0232558139535,0.0,0.0,0.0212765957447,0.0,0.0,0.0,0.0,0.0,0.0,0.00454545454545,0.136363636364,0.05,0.522727272727,0.0,0.0,0.0,0.0,0.0,0.0,0.00909090909091,0.145454545455,0.0,0.0,0.0,0.0409090909091,0.0136363636364,0.00454545454545,0.00454545454545,0.00456621004566,0.0,0.00456621004566,0.00913242009132,0.00469483568075,0.0,0.00540540540541,0.0,0.0,0.0322580645161,0.0,0.00617283950617,0.0154639175258,0.0045871559633,0.0,0.0045871559633,0.0,0.00917431192661,0.0,0.0275229357798,0.0,0.0779816513761,0.0,0.187214611872,0.0,0.0,0.00456621004566,0.0,0.0182648401826,0.0,0.0,0.0,0.027397260274,0.0,0.0,0.178082191781,0.00456621004566,0.260273972603,0.0182648401826,0.013698630137,0.0639269406393,0.0,0.0,0.0,0.0,0.0,0.00456621004566,0.0045871559633,0.0596330275229,0.720183486239,0.00456621004566,0.00456621004566,0.00913242009132,0.0,0.00456621004566,0.0,0.0,0.0,0.00460829493088,0.0,0.0,0.00456621004566,0.00913242009132,0.0,0.00456621004566,0.0,0.0,0.0,0.0,0.0,0.0142857142857,0.0,0.0333333333333,0.00956937799043,0.0,0.0291262135922,0.0,0.0049504950495,0.0,0.0,0.00502512562814,0.0,0.0,0.0103092783505,0.00531914893617,0.0,0.0,0.0,0.0,0.0,0.0,0.0046511627907,0.0,0.0,0.880733944954,0.0,0.0229357798165,0.0,0.0,0.0,0.0,0.013698630137,0.0,0.00913242009132,0.0,0.0,0.00456621004566,0.013698630137,0.0,0.013698630137,0.0,0.0,0.00913242009132,0.0,0.155251141553,0.0,0.0259067357513,0.0,0.0,0.0,0.00469483568075,0.061320754717,0.010152284264,0.130434782609,0.00456621004566,0.0,0.041095890411,0.0,0.00456621004566,0.0,0.0,0.0,0.0,0.0,0.013698630137,0.0,0.0,0.0,0.0,0.0,0.0,0.0,0.173515981735,0.0,0.0,0.0,0.00456621004566,0.041095890411,0.00456621004566,0.146118721461,0.0,0.159817351598,0.0,0.00456621004566,0.0,0.0,0.00469483568075,0.0,0.0,0.00456621004566,0.00456621004566,0.041095890411,0.0,0.0,0.0,0.00913242009132,0.949771689498,0.0,0.0,0.013698630137,0.0319634703196,0.0,0.00913242009132,0.00456621004566,0.0,0.00913242009132,0.013698630137,0.0,0.0365296803653,0.0365296803653,0.0,0.0,0.0183486238532,0.0,0.0340909090909,0.0,0.0,0.00806451612903,0.0,0.00680272108844,0.0,0.0,0.0,0.0,0.0,0.00917431192661,0.0,0.0,0.00917431192661,0.0,0.0,0.0,0.0045871559633,0.00917431192661,0.0,0.00460829493088,0.0,0.00460829493088,0.0,0.0,0.0,0.0,0.0733944954128,0.00917431192661,0.0,0.0,0.0137614678899,0.0,0.0,0.0,0.954128440367,0.00917431192661,0.0,0.0,0.0,0.0,0.0509259259259,0.0,0.0,0.0321100917431,0.0,0.0229357798165,0.0,0.0,0.0,0.0045871559633,0.00917431192661,0.0,0.0,0.0137614678899,0.0045871559633,0.0,0.0,0.00917431192661,0.00917431192661,0.0,0.0504587155963,0.0,0.119815668203,0.0184331797235,0.0,0.0,0.0,0.0,0.0,0.0,0.0,0.0,0.00469483568075,0.0,0.0,0.0,0.0,0.0,0.0047619047619,0.0,0.0,0.0,0.0144230769231,0.0,0.0,0.0,0.0,0.0
C,0.0,0.0,0.0648148148148,0.0,0.0,0.00473933649289,0.00473933649289,0.0328638497653,0.0,0.0325581395349,0.0,0.0,0.0,0.0,0.0,0.0,0.0,0.0,0.0,0.0,0.0,0.0,0.0,0.00460829493088,0.0,0.0,0.0,0.0,0.0,0.0,0.0,0.0,0.0,0.0,0.0228310502283,0.0,0.0,0.00456621004566,0.0,0.0,0.0,0.0,0.0,0.0,0.536231884058,0.0,0.0,0.0,0.0,0.0,0.00454545454545,0.0,0.0,0.00909090909091,0.0,0.0,0.0136363636364,0.00454545454545,0.1,0.0,0.0136363636364,0.0,0.0,0.0,0.0,0.0,0.0,0.147286821705,0.0,0.0,0.0,0.0,0.0106382978723,0.0,0.0,0.0,0.0,0.05,0.0545454545455,0.0,0.00454545454545,0.0,0.0,0.0,0.0409090909091,0.0,0.0,0.00454545454545,0.0,0.0318181818182,0.0,0.0,0.00909090909091,0.0,0.0,0.0,0.0319634703196,0.0,0.00456621004566,0.0,0.0,0.0047619047619,0.00540540540541,0.0,0.0,0.0,0.0,0.0,0.00515463917526,0.0,0.0045871559633,0.0,0.0045871559633,0.0,0.0,0.0,0.00917431192661,0.0,0.00456621004566,0.00456621004566,0.0,0.00456621004566,0.0,0.0,0.0,0.0,0.0,0.0,0.0,0.0,0.0,0.00456621004566,0.0,0.0,0.0,0.0,0.00913242009132,0.00456621004566,0.00456621004566,0.0,0.0,0.0,0.0,0.0,0.0,0.00917431192661,0.0,0.0,0.0,0.00456621004566,0.00456621004566,0.0,0.0,0.00460829493088,0.0,0.0,0.0,0.00456621004566,0.0547945205479,0.0,0.0,0.0,0.0,0.675799086758,0.0,0.0504587155963,0.0,0.0,0.0,0.0,0.0,0.00485436893204,0.0,0.0,0.005,0.0,0.0,0.0,0.0,0.0154639175258,0.0,0.0255102040816,0.0,0.0194174757282,0.0,0.0,0.0048309178744,0.0,0.0185185185185,0.0,0.0,0.00917431192661,0.0,0.00456621004566,0.0,0.0,0.0456621004566,0.013698630137,0.0,0.0,0.0,0.0,0.0,0.0,0.0,0.0,0.0,0.0,0.027397260274,0.0,0.0,0.0,0.0,0.0,0.0,0.0,0.0,0.0,0.0,0.202898550725,0.00456621004566,0.0,0.0,0.0,0.00456621004566,0.00456621004566,0.00456621004566,0.0,0.0730593607306,0.00456621004566,0.0,0.310502283105,0.0,0.00913242009132,0.0,0.0,0.0,0.0,0.0,0.0456621004566,0.246575342466,0.0,0.0,0.00456621004566,0.0,0.0,0.0,0.0,0.0,0.00456621004566,0.0,0.0,0.0093896713615,0.0,0.0,0.0228310502283,0.00913242009132,0.0,0.0,0.0228310502283,0.00456621004566,0.0,0.0,0.0,0.0,0.0,0.0,0.0,0.0,0.0,0.0,0.0,0.013698630137,0.0,0.013698630137,0.0,0.0,0.00471698113208,0.0,0.0,0.0170454545455,0.0129032258065,0.0,0.0161290322581,0.0522388059701,0.0204081632653,0.00680272108844,0.0,0.0,0.0,0.0,0.0,0.0,0.0,0.0,0.0,0.0,0.0,0.0,0.00917431192661,0.0,0.253456221198,0.0,0.0,0.0,0.0,0.0,0.0,0.0,0.00917431192661,0.0,0.0,0.0045871559633,0.0,0.0,0.0,0.0,0.0045871559633,0.0,0.0,0.0,0.0,0.0,0.0,0.0,0.0,0.0,0.0,0.0,0.0,0.0366972477064,0.0779816513761,0.0,0.00917431192661,0.0,0.0,0.0,0.0045871559633,0.0,0.0,0.0137614678899,0.0,0.0045871559633,0.036866359447,0.0,0.0,0.0,0.0416666666667,0.0,0.0,0.0,0.0,0.0,0.0,0.0,0.0236966824645,0.0,0.0,0.0,0.0047619047619,0.0,0.0,0.00961538461538,0.0673076923077,0.0,0.0,0.00769230769231,0.0,0.0,0.0
F,0.0144927536232,0.0,0.00925925925926,0.0,0.0,0.24644549763,0.0,0.117370892019,0.0234741784038,0.0046511627907,0.0,0.0,0.0,0.0,0.0,0.0137614678899,0.0,0.0,0.0183486238532,0.0,0.0,0.0,0.110091743119,0.0,0.0,0.0046511627907,0.0,0.0550458715596,0.0,0.0,0.00913242009132,0.0,0.0,0.00456621004566,0.0,0.0,0.0639269406393,0.0,0.0,0.0,0.0,0.0,0.0,0.0,0.0,0.0,0.0,0.0,0.718181818182,0.0,0.0,0.0,0.163636363636,0.0545454545455,0.0,0.0136363636364,0.0,0.331818181818,0.0,0.00454545454545,0.0818181818182,0.154545454545,0.0,0.0,0.0227272727273,0.0,0.0,0.0,0.0,0.00757575757576,0.0,0.0,0.00531914893617,0.0631578947368,0.0,0.0,0.0,0.00454545454545,0.190909090909,0.0,0.190909090909,0.0,0.0,0.0,0.0,0.0,0.0,0.0,0.0,0.0,0.0,0.00909090909091,0.0909090909091,0.0,0.0954545454545,0.772727272727,0.0,0.0,0.0,0.0,0.0,0.00952380952381,0.0,0.00719424460432,0.0,0.0,0.0,0.0,0.00515463917526,0.0366972477064,0.0,0.0,0.0,0.0504587155963,0.0,0.0504587155963,0.0,0.105504587156,0.0,0.178082191781,0.0,0.0,0.0,0.337899543379,0.0,0.027397260274,0.0,0.0,0.0,0.0,0.0,0.0,0.0,0.0,0.0,0.00456621004566,0.0,0.0,0.0,0.0,0.0,0.0,0.0,0.0,0.0,0.0,0.0,0.0,0.0,0.0,0.0,0.0045871559633,0.0,0.00460829493088,0.0,0.0,0.0,0.0,0.479452054795,0.0,0.0,0.0,0.0,0.0,0.0,0.0,0.00952380952381,0.0,0.0047619047619,0.0,0.0,0.00970873786408,0.0,0.0,0.0,0.0,0.0,0.00505050505051,0.0,0.0103092783505,0.0,0.0,0.03,0.0,0.0,0.0,0.0,0.0,0.0,0.0,0.0,0.0,0.0871559633028,0.0,0.0,0.00456621004566,0.0,0.0,0.0,0.0502283105023,0.0,0.0,0.0,0.00456621004566,0.0,0.0,0.0,0.0,0.00456621004566,0.0,0.00456621004566,0.0,0.0,0.0188679245283,0.0,0.0,0.0,0.0,0.0152284263959,0.0048309178744,0.0,0.0,0.146118721461,0.0,0.0182648401826,0.305936073059,0.0,0.0,0.00456621004566,0.0,0.0,0.0,0.00913242009132,0.0,0.0,0.0,0.0,0.0,0.0,0.0,0.0,0.0,0.00456621004566,0.0228310502283,0.0,0.0867579908676,0.0,0.0,0.0,0.0,0.00913242009132,0.0,0.0,0.0,0.0,0.173515981735,0.013698630137,0.0,0.00913242009132,0.0,0.0,0.00913242009132,0.00456621004566,0.00456621004566,0.0,0.0,0.00913242009132,0.0,0.027397260274,0.00913242009132,0.0,0.0,0.00456621004566,0.0,0.0,0.0684931506849,0.0,0.0,0.0045871559633,0.0242718446602,0.0511363636364,0.0,0.072,0.0161290322581,0.0,0.0272108843537,0.00680272108844,0.0,0.0,0.00518134715026,0.0,0.0,0.0,0.0,0.00917431192661,0.0,0.0,0.0,0.614678899083,0.0,0.0,0.0138248847926,0.0,0.0,0.0,0.0,0.0,0.0,0.0045871559633,0.0,0.0,0.0,0.0825688073394,0.0,0.0,0.0,0.0,0.0,0.0,0.0,0.0137614678899,0.0,0.0,0.00471698113208,0.00467289719626,0.0,0.0,0.0,0.0,0.0,0.0,0.146788990826,0.0,0.0,0.0045871559633,0.0,0.00917431192661,0.0,0.0,0.00917431192661,0.0917431192661,0.00917431192661,0.0229357798165,0.0,0.00460829493088,0.0,0.442396313364,0.0,0.0,0.0,0.0,0.0,0.0,0.00469483568075,0.0,0.0,0.0,0.0,0.0,0.0,0.0,0.0,0.00480769230769,0.0,0.00480769230769,0.00480769230769,0.0461538461538,0.0,0.0,0.0
Y,0.0,0.0,0.0833333333333,0.0,0.0,0.0758293838863,0.0,0.0281690140845,0.00469483568075,0.0,0.0,0.0,0.0,0.0,0.0,0.0,0.0,0.0,0.0,0.0,0.0,0.00917431192661,0.0,0.0,0.0,0.0,0.0,0.0871559633028,0.0,0.0,0.0,0.0,0.0,0.0,0.0,0.0,0.0,0.0,0.0,0.0,0.0,0.0,0.0,0.0,0.0,0.0,0.0,0.0,0.254545454545,0.0,0.0,0.0,0.395454545455,0.0,0.0,0.0,0.0,0.0227272727273,0.0,0.0,0.0545454545455,0.0,0.0,0.0,0.0909090909091,0.0,0.0,0.0,0.0,0.0,0.0,0.0,0.0,0.0,0.0,0.0,0.0,0.0,0.0409090909091,0.0,0.0,0.0,0.0,0.0,0.0,0.0,0.0,0.00454545454545,0.0,0.0,0.0,0.00454545454545,0.122727272727,0.00909090909091,0.0,0.00909090909091,0.0,0.013698630137,0.0,0.0,0.00469483568075,0.0,0.00540540540541,0.0,0.036036036036,0.0,0.0,0.0,0.0103092783505,0.0137614678899,0.0045871559633,0.0,0.0,0.0,0.0,0.0,0.0,0.00917431192661,0.0,0.00913242009132,0.0,0.0,0.0,0.0,0.0,0.00456621004566,0.0,0.0,0.013698630137,0.0,0.0365296803653,0.00456621004566,0.0,0.0,0.0,0.0,0.00913242009132,0.0,0.0,0.0,0.0,0.0,0.0,0.0,0.0045871559633,0.0,0.0,0.0,0.0,0.0,0.0,0.0,0.00588235294118,0.0,0.0,0.0,0.0,0.0,0.283105022831,0.0,0.0,0.0,0.0,0.0,0.00917431192661,0.00917431192661,0.0,0.00952380952381,0.0047619047619,0.0,0.0,0.0,0.00985221674877,0.0,0.0,0.0,0.0,0.0,0.0,0.0,0.00531914893617,0.0,0.015,0.00485436893204,0.0,0.0048309178744,0.0048309178744,0.437209302326,0.00925925925926,0.0,0.0,0.0,0.288990825688,0.0,0.0,0.0867579908676,0.0,0.0,0.0,0.0,0.0,0.0,0.0,0.00456621004566,0.0,0.0,0.0,0.0,0.0,0.0,0.0,0.0,0.0,0.0,0.0,0.00568181818182,0.0,0.0,0.0,0.0,0.00456621004566,0.0,0.132420091324,0.0,0.00456621004566,0.429223744292,0.0,0.0,0.0,0.0,0.0,0.0,0.0,0.0,0.0,0.0,0.0,0.0,0.0,0.027397260274,0.0,0.0,0.0,0.0,0.0,0.0,0.0,0.0,0.0,0.0,0.00913242009132,0.0,0.0,0.00456621004566,0.0,0.251141552511,0.041095890411,0.0,0.0,0.0,0.0,0.0319634703196,0.0,0.0,0.0,0.0,0.00913242009132,0.0,0.0,0.0,0.0,0.0,0.0228310502283,0.0,0.0,0.00913242009132,0.0,0.0,0.0,0.0,0.0,0.0,0.0,0.0,0.0,0.00680272108844,0.00680272108844,0.0,0.0,0.0259067357513,0.0,0.0,0.0,0.0045871559633,0.0,0.0045871559633,0.0045871559633,0.0,0.00917431192661,0.0,0.0,0.0,0.0,0.0,0.0,0.0045871559633,0.00917431192661,0.0,0.0321100917431,0.0,0.0,0.0,0.0275229357798,0.0,0.0,0.0,0.0,0.0,0.0,0.0,0.0045871559633,0.0,0.0,0.0188679245283,0.0327102803738,0.0045871559633,0.0,0.0366972477064,0.0,0.0,0.0,0.0,0.0,0.0,0.0,0.0,0.0,0.0,0.0183486238532,0.0275229357798,0.0,0.0,0.0,0.0,0.0,0.0,0.488479262673,0.0,0.0,0.0,0.0,0.0,0.0,0.0,0.0,0.0,0.0,0.0,0.0,0.0,0.0,0.0,0.0,0.0,0.0,0.0,0.0923076923077,0.00917431192661,0.0,0.0
W,0.0289855072464,0.0,0.0,0.0,0.0,0.0189573459716,0.0,0.0,0.0,0.0,0.0,0.0,0.0,0.0,0.0,0.0,0.0,0.0,0.0,0.0,0.0,0.0137614678899,0.0,0.0,0.0,0.0,0.0,0.0,0.0,0.0,0.0,0.0,0.0,0.0,0.0,0.0,0.0,0.0,0.0,0.0,0.0,0.0,0.00909090909091,0.0,0.0,0.0,0.0,0.0,0.0,0.0,0.0,0.0,0.0,0.0,0.0,0.00454545454545,0.0,0.159090909091,0.0,0.0,0.0,0.0,0.0,0.0,0.0,0.00757575757576,0.0,0.015503875969,0.0,0.0,0.0,0.0,0.0,0.00526315789474,0.0,0.0,0.0,0.0,0.0,0.0,0.209090909091,0.0,0.0,0.0,0.0,0.0,0.0,0.0,0.0,0.0,0.0,0.0,0.136363636364,0.00454545454545,0.0,0.0,0.00456621004566,0.0,0.0,0.0228310502283,0.0,0.0047619047619,0.0,0.00719424460432,0.0,0.0,0.0108695652174,0.0,0.0,0.0,0.0045871559633,0.00917431192661,0.0,0.0045871559633,0.0,0.0,0.0,0.0,0.0,0.0,0.0,0.00913242009132,0.0,0.0,0.0,0.0,0.00913242009132,0.00913242009132,0.0,0.0,0.0,0.0228310502283,0.0,0.0,0.0,0.0,0.0,0.0,0.0,0.0,0.0,0.0,0.0,0.0,0.0,0.0,0.0,0.0,0.0,0.0,0.0,0.0,0.0,0.0,0.00460829493088,0.0,0.0,0.0,0.0,0.0,0.0,0.0,0.0,0.0,0.0,0.0412844036697,0.0,0.0,0.0,0.00956937799043,0.0,0.0,0.0,0.0,0.0,0.0,0.0,0.0,0.0,0.0,0.0,0.0,0.12,0.0,0.0,0.0,0.0048309178744,0.0,0.0,0.0,0.0,0.0,0.0366972477064,0.0,0.0,0.0,0.0,0.0,0.0,0.0,0.0,0.0,0.0,0.0,0.0,0.0,0.0,0.0,0.0,0.0,0.0,0.0,0.0,0.0,0.0,0.0,0.0,0.0,0.0,0.0,0.0,0.0,0.159817351598,0.0,0.0,0.168949771689,0.0,0.0,0.0,0.0,0.0,0.0,0.0,0.0,0.0,0.0,0.0,0.0,0.0,0.0,0.0,0.0,0.0,0.0,0.0,0.0,0.0,0.0,0.0,0.0,0.027397260274,0.351598173516,0.0,0.0,0.0,0.00456621004566,0.0,0.0,0.0,0.0,0.0,0.0,0.0,0.0,0.0,0.0,0.0,0.0,0.0,0.0,0.0,0.0,0.178082191781,0.0,0.0,0.0182648401826,0.0,0.0,0.0045871559633,0.0,0.0,0.0,0.0,0.0,0.00746268656716,0.0,0.0,0.0263157894737,0.0,0.0,0.0,0.0,0.0,0.0045871559633,0.0,0.0,0.0,0.0,0.0,0.0,0.0,0.0,0.0,0.0,0.0,0.0,0.0,0.0,0.0,0.0,0.0,0.0,0.045871559633,0.0,0.0,0.0,0.0,0.0412844036697,0.0,0.0,0.0,0.0,0.0,0.0,0.177570093458,0.0045871559633,0.0,0.0,0.0,0.0,0.0,0.0,0.0,0.0,0.0,0.0,0.0,0.0,0.0,0.0,0.0,0.0,0.0,0.0,0.0,0.0,0.00921658986175,0.0,0.0,0.0,0.0,0.0,0.0,0.0,0.0,0.0,0.0,0.0,0.0,0.0,0.0,0.0,0.0,0.0,0.0,0.0,0.0,0.0,0.0,0.0
H,0.0,0.0,0.0,0.0869565217391,0.0,0.194312796209,0.0,0.0,0.0,0.0,0.110091743119,0.192660550459,0.0,0.00917431192661,0.0,0.0,0.0045871559633,0.0045871559633,0.0,0.0,0.00917431192661,0.0,0.0,0.00460829493088,0.0,0.0046511627907,0.0,0.0137614678899,0.0137614678899,0.00456621004566,0.013698630137,0.0319634703196,0.0,0.0,0.0,0.0,0.0,0.0,0.0,0.0,0.00913242009132,0.0,0.0,0.0,0.0,0.00487804878049,0.0,0.0,0.0136363636364,0.0,0.0,0.0,0.0,0.0,0.0,0.0454545454545,0.0,0.0,0.00454545454545,0.05,0.00909090909091,0.0,0.0136363636364,0.0,0.204545454545,0.0,0.0227272727273,0.0,0.00719424460432,0.0454545454545,0.063829787234,0.00609756097561,0.0,0.0210526315789,0.0104712041885,0.00523560209424,0.0,0.0,0.0,0.0,0.00454545454545,0.0,0.0,0.0,0.0,0.0,0.0,0.0,0.0,0.0,0.0,0.986363636364,0.00454545454545,0.0,0.0,0.0,0.0,0.00913242009132,0.027397260274,0.0319634703196,0.0093896713615,0.0238095238095,0.0324324324324,0.00719424460432,0.00900900900901,0.0,0.0326086956522,0.0,0.020618556701,0.0229357798165,0.0,0.0045871559633,0.0,0.0,0.0,0.0,0.0045871559633,0.0045871559633,0.00456621004566,0.150684931507,0.0,0.0,0.027397260274,0.0,0.013698630137,0.0,0.141552511416,0.100456621005,0.0,0.0,0.0,0.00913242009132,0.0,0.10502283105,0.0,0.00456621004566,0.0,0.0,0.00913242009132,0.00913242009132,0.0,0.0,0.0182648401826,0.0045871559633,0.0,0.0,0.00913242009132,0.00913242009132,0.0,0.00913242009132,0.0,0.0183486238532,0.00588235294118,0.0,0.0184331797235,0.013698630137,0.0,0.867579908676,0.0,0.0,0.013698630137,0.0,0.0,0.0,0.0,0.0,0.0,0.0,0.0047619047619,0.0861244019139,0.0,0.0,0.0246305418719,0.0,0.0,0.07,0.0150753768844,0.0,0.0,0.123711340206,0.00531914893617,0.0,0.0,0.00485436893204,0.0970873786408,0.0821256038647,0.0,0.102325581395,0.00462962962963,0.0,0.0,0.0,0.00917431192661,0.0,0.0,0.00456621004566,0.0,0.0,0.0,0.0,0.0,0.0,0.0,0.0,0.0,0.0,0.0,0.0,0.0,0.00913242009132,0.0182648401826,0.0110497237569,0.020725388601,0.0,0.0228310502283,0.0,0.00469483568075,0.00943396226415,0.010152284264,0.0386473429952,0.164383561644,0.00456621004566,0.0684931506849,0.00913242009132,0.00456621004566,0.027397260274,0.0,0.00913242009132,0.00456621004566,0.0,0.0,0.0,0.0,0.0,0.0,0.0,0.0,0.0,0.00456621004566,0.109589041096,0.150684931507,0.13698630137,0.0,0.0,0.0,0.0,0.0,0.0182648401826,0.0,0.00456621004566,0.027397260274,0.00913242009132,0.0093896713615,0.0,0.0182648401826,0.013698630137,0.0365296803653,0.0,0.00456621004566,0.817351598174,0.0,0.00913242009132,0.0,0.00913242009132,0.0182648401826,0.0,0.0,0.0,0.0,0.0182648401826,0.0,0.0,0.0547945205479,0.013698630137,0.0,0.00913242009132,0.00917431192661,0.00471698113208,0.0045871559633,0.0,0.0,0.00645161290323,0.0,0.0322580645161,0.0,0.0,0.204081632653,0.0263157894737,0.00641025641026,0.0259067357513,0.0152284263959,0.0137614678899,0.00917431192661,0.00917431192661,0.0,0.00917431192661,0.0045871559633,0.0,0.0,0.0,0.0,0.0,0.0,0.00460829493088,0.00921658986175,0.0412844036697,0.0045871559633,0.0137614678899,0.045871559633,0.0,0.0183486238532,0.0045871559633,0.0412844036697,0.0045871559633,0.701834862385,0.0,0.0,0.0550458715596,0.0,0.0,0.00917431192661,0.0,0.0,0.330188679245,0.088785046729,0.183486238532,0.00917431192661,0.669724770642,0.0,0.0,0.0,0.0,0.0,0.0137614678899,0.0,0.0,0.0,0.0,0.0,0.0,0.0045871559633,0.0,0.0596330275229,0.0,0.00460829493088,0.0,0.0,0.0,0.0,0.0,0.0,0.0,0.0,0.920187793427,0.0234741784038,0.0,0.00473933649289,0.0,0.0,0.0,0.0,0.0,0.0,0.0,0.0,0.0,0.0,0.0183486238532,0.0,0.0
K,0.0,0.237113402062,0.0,0.0310559006211,0.0,0.0,0.402843601896,0.0,0.00469483568075,0.0,0.0688073394495,0.0,0.0,0.0,0.0,0.0,0.0045871559633,0.0,0.0,0.0688073394495,0.174311926606,0.00917431192661,0.0183486238532,0.0276497695853,0.010582010582,0.0186046511628,0.0346534653465,0.0,0.0550458715596,0.0,0.0593607305936,0.0182648401826,0.0,0.0365296803653,0.0,0.0,0.0,0.0,0.940639269406,0.0,0.0,0.0,0.0,0.0,0.0,0.0,0.0,0.0,0.0,0.0,0.0,0.0,0.0,0.0,0.0,0.0,0.00909090909091,0.0,0.0863636363636,0.00909090909091,0.0181818181818,0.0,0.00454545454545,0.0727272727273,0.227272727273,0.00757575757576,0.0227272727273,0.0232558139535,0.00719424460432,0.00757575757576,0.0283687943262,0.00609756097561,0.0212765957447,0.0,0.125654450262,0.0366492146597,0.0,0.0,0.0,0.0,0.0,0.0,0.0,0.0409090909091,0.0,0.0,0.0,0.0,0.0,0.0,0.0,0.0,0.0,0.0,0.0,0.0,0.0,0.0502283105023,0.0639269406393,0.0456621004566,0.0140845070423,0.00952380952381,0.0702702702703,0.0359712230216,0.027027027027,0.0967741935484,0.0326086956522,0.0864197530864,0.0257731958763,0.0412844036697,0.0137614678899,0.330275229358,0.0,0.0,0.0045871559633,0.0,0.0,0.0,0.0,0.00913242009132,0.0,0.0,0.0182648401826,0.0,0.0319634703196,0.013698630137,0.0,0.0,0.0,0.0,0.0,0.013698630137,0.00913242009132,0.0,0.0,0.0182648401826,0.182648401826,0.0,0.00913242009132,0.0547945205479,0.00456621004566,0.0,0.237442922374,0.100917431193,0.0,0.0,0.0821917808219,0.0319634703196,0.0,0.0228310502283,0.0,0.0137614678899,0.00588235294118,0.0322580645161,0.0138248847926,0.0,0.0,0.041095890411,0.0,0.0,0.0,0.0,1.0,0.0,0.0,0.0,0.0,0.0,0.00952380952381,0.00956937799043,0.143540669856,0.0,0.00492610837438,0.00990099009901,0.0,0.2,0.0251256281407,0.0,0.00505050505051,0.221649484536,0.11170212766,0.0,0.005,0.0,0.0145631067961,0.0,0.0,0.0,0.291666666667,0.0045871559633,0.0321100917431,0.0,0.0412844036697,0.0,0.0684931506849,0.0,0.0,0.0,0.0,0.0,0.0,0.0,0.0,0.013698630137,0.0,0.0,0.027397260274,0.0,0.0,0.013698630137,0.013698630137,0.00552486187845,0.0621761658031,0.0,0.00913242009132,0.0113636363636,0.0140845070423,0.0,0.0,0.0,0.0821917808219,0.00913242009132,0.0,0.00456621004566,0.027397260274,0.0,0.0,0.0593607305936,0.109589041096,0.0,0.0,0.0,0.0,0.0,0.0365296803653,0.0,0.0,0.00917431192661,0.0228310502283,0.0182648401826,0.0,0.0,0.0,0.0,0.0,0.0,0.0,0.00456621004566,0.0,0.0547945205479,0.0502283105023,0.0,0.00469483568075,0.00456621004566,0.0365296803653,0.0,0.0182648401826,0.0,0.00456621004566,0.0,0.00456621004566,0.0,0.0,0.164383561644,0.0,0.0,0.0,0.0,0.0,0.0182648401826,0.0,0.0,0.0502283105023,0.041095890411,0.0,0.0,0.100917431193,0.0235849056604,0.0045871559633,0.0728155339806,0.0,0.0774193548387,0.0,0.0241935483871,0.0298507462687,0.00680272108844,0.0272108843537,0.00657894736842,0.0320512820513,0.0414507772021,0.0152284263959,0.045871559633,0.0412844036697,0.133027522936,0.0,0.00917431192661,0.0,0.0,0.0,0.0,0.940366972477,0.0,0.00460829493088,0.0,0.0,0.00917431192661,0.00917431192661,0.0,0.045871559633,0.0,0.0045871559633,0.0,0.0642201834862,0.0,0.0,0.0,0.0,0.0045871559633,0.0,0.0,0.0,0.0,0.0,0.0,0.0,0.0,0.00917431192661,0.0,0.0045871559633,0.256880733945,0.0,0.0,0.0,0.0,0.0,0.0,0.0,0.0,0.0,0.0,0.0321100917431,0.0045871559633,0.0,0.0,0.0,0.0,0.0,0.0,0.0,0.0,0.0,0.0,0.0,0.0,0.0,0.0,0.00473933649289,0.0142857142857,0.0,0.0,0.0,0.0,0.0,0.0,0.0,0.0,0.0,0.110091743119,0.0285714285714,0.0
R,0.0,0.39175257732,0.0,0.105590062112,0.0,0.18009478673,0.521327014218,0.0,0.00469483568075,0.0,0.123853211009,0.0045871559633,0.0,0.0,0.0,0.0,0.0321100917431,0.0045871559633,0.0,0.0366972477064,0.155963302752,0.00917431192661,0.00917431192661,0.0184331797235,0.037037037037,0.0139534883721,0.0841584158416,0.0045871559633,0.0917431192661,0.013698630137,0.0547945205479,0.214611872146,0.00913242009132,0.0228310502283,0.0,0.0,0.0,0.0,0.0,0.0,0.0,0.0,0.0,0.0,0.0,0.00975609756098,0.0048309178744,0.0,0.0,0.0,0.995454545455,0.0,0.0,0.0,0.0,0.25,0.00909090909091,0.0,0.254545454545,0.0363636363636,0.0545454545455,0.0,0.0590909090909,0.177272727273,0.109090909091,0.0378787878788,0.0151515151515,0.0852713178295,0.208633093525,0.0909090909091,0.0,0.00609756097561,0.0106382978723,0.0105263157895,0.157068062827,0.408376963351,0.0,0.0,0.0,0.0,0.0,0.0,0.0,0.0,0.0,0.0,0.0,0.0,0.0,0.0,0.0,0.0,0.0,0.00909090909091,0.0,0.0,0.0,0.552511415525,0.150684931507,0.0456621004566,0.0469483568075,0.0238095238095,0.0864864864865,0.0215827338129,0.0630630630631,0.0,0.0108695652174,0.0740740740741,0.0412371134021,0.0183486238532,0.0412844036697,0.0963302752294,0.463302752294,0.0,0.0,0.0,0.0,0.0688073394495,0.0182648401826,0.260273972603,0.0,0.461187214612,0.027397260274,0.0,0.0913242009132,0.00456621004566,0.0,0.0,0.0,0.0,0.689497716895,0.132420091324,0.0182648401826,0.0,0.0,0.164383561644,0.00456621004566,0.0,0.0639269406393,0.0776255707763,0.00456621004566,0.0,0.392694063927,0.105504587156,0.0,0.00917431192661,0.159817351598,0.146118721461,0.0,0.0319634703196,0.0,0.0321100917431,0.0647058823529,0.00921658986175,0.0414746543779,0.00456621004566,0.0,0.00456621004566,0.0,0.0,0.0,0.0,0.0,0.0,0.0,0.0,0.0,0.0047619047619,0.00952380952381,0.0191387559809,0.483253588517,0.0,0.15763546798,0.0148514851485,0.0,0.165,0.0502512562814,0.666666666667,0.00505050505051,0.0927835051546,0.0478723404255,0.0,0.015,0.0,0.179611650485,0.0,0.0,0.0418604651163,0.0462962962963,0.0045871559633,0.0,0.0,0.0733944954128,0.00913242009132,0.739726027397,0.0,0.0,0.0,0.0,0.0,0.0,0.0,0.0,0.00913242009132,0.0,0.0,0.00913242009132,0.0,0.0,0.0,0.132420091324,0.00552486187845,0.0569948186528,0.0188679245283,0.100456621005,0.0113636363636,0.0140845070423,0.00471698113208,0.0,0.0144927536232,0.228310502283,0.214611872146,0.164383561644,0.00913242009132,0.0502283105023,0.00913242009132,0.0,0.0913242009132,0.351598173516,0.0,0.0,0.0,0.0,0.0,0.0,0.0,0.0,0.0045871559633,0.027397260274,0.223744292237,0.0,0.0547945205479,0.0,0.0,0.0,0.0,0.0,0.00456621004566,0.027397260274,0.2100456621,0.0593607305936,0.00913242009132,0.0234741784038,0.00456621004566,0.200913242009,0.0,0.48401826484,0.0,0.00913242009132,0.00456621004566,0.146118721461,0.00456621004566,0.0,0.24200913242,0.0,0.0,0.0,0.0,0.00913242009132,0.027397260274,0.0,0.0,0.237442922374,0.146118721461,0.0,0.0365296803653,0.220183486239,0.179245283019,0.0183486238532,0.0194174757282,0.00568181818182,0.0451612903226,0.016,0.0241935483871,0.261194029851,0.0204081632653,0.047619047619,0.0263157894737,0.0320512820513,0.0259067357513,0.0152284263959,0.0825688073394,0.0963302752294,0.577981651376,0.0,0.0825688073394,0.0,0.0,0.0,0.0,0.0,0.0,0.0,0.0,0.00921658986175,0.110091743119,0.0963302752294,0.0,0.169724770642,0.0,0.871559633028,0.0,0.467889908257,0.98623853211,0.0,0.0,0.0,0.0137614678899,0.0,0.0,0.0,0.0,0.0,0.0,0.0,0.0,0.912844036697,0.0,0.0,0.743119266055,0.0,0.0,0.0,0.0,0.0,0.0,0.0,0.0,0.0,0.0137614678899,0.0,0.0045871559633,0.0871559633028,0.0,0.119815668203,0.0,0.0,0.0,0.0,0.0,0.0373831775701,0.0,0.0,0.0,0.0,0.0,0.0189573459716,0.00952380952381,0.0,0.0,0.0,0.0,0.0,0.0,0.0,0.0,0.0,0.770642201835,0.2,0.0
Q,0.0144927536232,0.113402061856,0.0,0.0931677018634,0.0,0.00947867298578,0.0,0.0,0.0,0.0186046511628,0.0229357798165,0.0,0.0,0.0,0.0,0.0,0.00917431192661,0.0045871559633,0.0,0.0596330275229,0.0412844036697,0.0045871559633,0.0229357798165,0.00460829493088,0.0687830687831,0.0093023255814,0.039603960396,0.0,0.0366972477064,0.0,0.027397260274,0.0639269406393,0.0,0.0,0.0,0.0,0.0,0.0,0.0547945205479,0.0,0.0,0.0,0.0,0.00454545454545,0.0,0.00487804878049,0.0,0.0,0.0,0.0,0.0,0.0272727272727,0.0,0.0,0.00454545454545,0.145454545455,0.0,0.0,0.104545454545,0.0636363636364,0.00454545454545,0.0,0.00909090909091,0.0409090909091,0.0454545454545,0.0,0.0378787878788,0.046511627907,0.0,0.030303030303,0.0851063829787,0.0548780487805,0.0531914893617,0.0210526315789,0.120418848168,0.225130890052,0.0,0.0,0.0,0.0,0.0,0.0,0.0,0.0,0.0,0.0,0.0,0.0,0.0,0.0,0.0,0.0,0.0,0.0,0.0,0.0,0.0,0.0182648401826,0.0639269406393,0.0319634703196,0.0234741784038,0.0238095238095,0.0648648648649,0.0,0.018018018018,0.0,0.054347826087,0.0555555555556,0.00515463917526,0.0275229357798,0.0366972477064,0.0137614678899,0.0,0.0,0.0045871559633,0.0,0.00917431192661,0.0229357798165,0.00913242009132,0.0502283105023,0.0,0.00456621004566,0.0547945205479,0.0,0.0228310502283,0.0,0.0365296803653,0.0365296803653,0.00913242009132,0.0,0.0,0.0182648401826,0.0365296803653,0.607305936073,0.0,0.0593607305936,0.0776255707763,0.0,0.00456621004566,0.0684931506849,0.0,0.0,0.0228310502283,0.0550458715596,0.0,0.0045871559633,0.041095890411,0.0776255707763,0.0,0.013698630137,0.0,0.0183486238532,0.0176470588235,0.0,0.0276497695853,0.041095890411,0.0,0.027397260274,0.0,0.0,0.767123287671,0.0,0.0,0.0,0.0,0.0,0.0,0.0047619047619,0.0238095238095,0.0478468899522,0.0287081339713,0.00970873786408,0.108374384236,0.0148514851485,0.0,0.035,0.0301507537688,0.0353535353535,0.00505050505051,0.118556701031,0.0212765957447,0.0,0.0,0.00485436893204,0.0145631067961,0.00966183574879,0.0,0.0,0.0231481481481,0.0,0.0,0.0,0.0,0.0,0.0,0.0,0.0,0.0,0.0,0.0,0.0,0.0,0.0,0.00456621004566,0.0,0.0,0.00913242009132,0.00456621004566,0.0,0.0319634703196,0.0228310502283,0.0110497237569,0.0673575129534,0.0,0.0319634703196,0.0397727272727,0.0093896713615,0.0801886792453,0.0,0.0,0.0593607305936,0.00456621004566,0.0228310502283,0.00913242009132,0.00913242009132,0.0182648401826,0.0,0.013698630137,0.0,0.0,0.0,0.0,0.0,0.0,0.0,0.0319634703196,0.0,0.0596330275229,0.0182648401826,0.0684931506849,0.0,0.191780821918,0.0,0.0,0.0,0.0,0.0,0.00913242009132,0.0,0.00913242009132,0.0319634703196,0.00456621004566,0.0093896713615,0.0,0.0182648401826,0.00456621004566,0.027397260274,0.0,0.0,0.0,0.0,0.0,0.0,0.123287671233,0.0,0.0182648401826,0.0,0.0,0.0684931506849,0.0365296803653,0.0,0.0,0.10502283105,0.0502283105023,0.0,0.0,0.0504587155963,0.0518867924528,0.0,0.00485436893204,0.0113636363636,0.0322580645161,0.008,0.0161290322581,0.0149253731343,0.30612244898,0.00680272108844,0.0723684210526,0.0192307692308,0.0466321243523,0.111675126904,0.0779816513761,0.0183486238532,0.0504587155963,0.0,0.0045871559633,0.215596330275,0.0,0.0,0.0,0.0,0.0,0.0,0.0,0.0,0.105504587156,0.0045871559633,0.00917431192661,0.0871559633028,0.0,0.00917431192661,0.0183486238532,0.0550458715596,0.0,0.0137614678899,0.0,0.0,0.0045871559633,0.0,0.0,0.00917431192661,0.0,0.0,0.0141509433962,0.00934579439252,0.0642201834862,0.0,0.192660550459,0.0,0.0,0.0,0.0,0.0,0.0,0.0,0.0045871559633,0.0,0.0,0.0,0.00917431192661,0.0,0.0275229357798,0.0045871559633,0.0,0.0599078341014,0.0,0.00460829493088,0.0,0.0,0.0,0.0,0.0,0.0,0.0,0.971830985915,0.0,0.0,0.052380952381,0.0,0.0047619047619,0.0,0.0,0.0,0.0,0.0,0.0,0.0,0.00917431192661,0.0,0.0
N,0.0,0.0927835051546,0.0,0.055900621118,0.0,0.0,0.0,0.0,0.0,0.0,0.0366972477064,0.0733944954128,0.0,0.0366972477064,0.0,0.0,0.0,0.0,0.0,0.0045871559633,0.0229357798165,0.0,0.0045871559633,0.0276497695853,0.031746031746,0.0232558139535,0.0049504950495,0.00917431192661,0.0733944954128,0.0,0.041095890411,0.0547945205479,0.0,0.0,0.0,0.0,0.0,0.0,0.0,0.0,0.0,0.0,0.918181818182,0.00454545454545,0.0048309178744,0.0,0.985507246377,0.0,0.0,0.0,0.0,0.00454545454545,0.0,0.0,0.0,0.0,0.0,0.0,0.0,0.0272727272727,0.0,0.0,0.0,0.00454545454545,0.0136363636364,0.0,0.0530303030303,0.0,0.00719424460432,0.0,0.00709219858156,0.0121951219512,0.0159574468085,0.0,0.0104712041885,0.0157068062827,0.0,0.0,0.0,0.0,0.0,0.0,0.0,0.0,0.0,0.0,0.0,0.0,0.0,0.00454545454545,0.0,0.0,0.0,0.05,0.0,0.0,0.0,0.00456621004566,0.00913242009132,0.013698630137,0.0093896713615,0.0380952380952,0.0162162162162,0.0143884892086,0.0,0.0322580645161,0.054347826087,0.0185185185185,0.0515463917526,0.00917431192661,0.0045871559633,0.0,0.0,0.0,0.0045871559633,0.0,0.0045871559633,0.0,0.0,0.013698630137,0.0,0.0,0.00913242009132,0.0,0.00913242009132,0.0,0.013698630137,0.00456621004566,0.0,0.0,0.00456621004566,0.00456621004566,0.0,0.0,0.0,0.0228310502283,0.0,0.00913242009132,0.0,0.013698630137,0.00456621004566,0.0,0.00913242009132,0.00917431192661,0.0,0.0,0.013698630137,0.0365296803653,0.0,0.0319634703196,0.0,0.0137614678899,0.0294117647059,0.0138248847926,0.0138248847926,0.00913242009132,0.0,0.0,0.00456621004566,0.0,0.0,0.00456621004566,0.0,0.0,0.0,0.0,0.0,0.0,0.0,0.0,0.0,0.0,0.0541871921182,0.0049504950495,0.0,0.05,0.0100502512563,0.00505050505051,0.0,0.0721649484536,0.00531914893617,0.0,0.0,0.00485436893204,0.0242718446602,0.0434782608696,0.0,0.0744186046512,0.0138888888889,0.0,0.0,0.0045871559633,0.0,0.00913242009132,0.187214611872,0.0,0.0,0.0,0.0,0.0,0.0,0.0,0.0,0.0,0.0,0.0,0.013698630137,0.0,0.0,0.027397260274,0.00456621004566,0.0220994475138,0.0103626943005,0.00471698113208,0.0182648401826,0.0227272727273,0.00469483568075,0.00471698113208,0.0,0.0676328502415,0.027397260274,0.109589041096,0.00456621004566,0.0365296803653,0.0,0.0,0.0,0.0502283105023,0.0,0.0,0.00456621004566,0.0,0.0,0.0,0.0,0.00456621004566,0.0,0.0,0.00456621004566,0.0958904109589,0.278538812785,0.0,0.0,0.0,0.0,0.0,0.0,0.648401826484,0.013698630137,0.00913242009132,0.0365296803653,0.0,0.0140845070423,0.041095890411,0.0365296803653,0.0,0.0,0.0,0.0,0.0,0.0,0.0,0.0,0.0593607305936,0.0182648401826,0.00456621004566,0.0,0.0,0.0,0.0182648401826,0.00456621004566,0.0,0.00456621004566,0.0319634703196,0.0,0.0,0.0366972477064,0.0424528301887,0.0,0.00970873786408,0.0,0.0322580645161,0.0,0.0483870967742,0.00746268656716,0.0,0.0,0.00657894736842,0.0192307692308,0.00518134715026,0.0,0.0504587155963,0.00917431192661,0.0045871559633,0.0045871559633,0.0,0.371559633028,0.0,0.0,0.0,0.0550458715596,0.0,0.0,0.0,0.00460829493088,0.0,0.0412844036697,0.0137614678899,0.0229357798165,0.0,0.00917431192661,0.0229357798165,0.0504587155963,0.0,0.220183486239,0.0,0.0,0.128440366972,0.0733944954128,0.0,0.0,0.0,0.0,0.301886792453,0.0,0.0,0.00917431192661,0.0,0.0,0.0,0.0,0.0,0.0,0.0963302752294,0.0,0.0,0.0,0.0,0.0,0.0,0.0,0.00917431192661,0.0137614678899,0.00921658986175,0.00460829493088,0.00460829493088,0.0,0.0,0.0,0.0,0.00934579439252,0.018691588785,0.0,0.0,0.0,0.0,0.0,0.0142857142857,0.0047619047619,0.0,0.0666666666667,0.0,0.0,0.0,0.0,0.0,0.0,0.0,0.0,0.0
E,0.0,0.0618556701031,0.0,0.341614906832,0.0,0.0,0.0,0.0,0.0281690140845,0.0,0.0596330275229,0.0,0.0,0.0137614678899,0.0,0.0,0.00917431192661,0.174311926606,0.0,0.243119266055,0.0642201834862,0.0045871559633,0.0045871559633,0.188940092166,0.137566137566,0.0325581395349,0.10396039604,0.0,0.133027522936,0.0,0.123287671233,0.146118721461,0.0,0.0,0.0,0.0,0.0,0.0,0.0,0.0,0.990867579909,0.0,0.0,0.0,0.0,0.0,0.0,0.00966183574879,0.0,0.0,0.0,0.136363636364,0.0,0.0,0.0,0.0272727272727,0.00454545454545,0.0,0.259090909091,0.163636363636,0.00454545454545,0.0,0.0318181818182,0.195454545455,0.00909090909091,0.0,0.0454545454545,0.046511627907,0.0287769784173,0.0606060606061,0.290780141844,0.40243902439,0.11170212766,0.184210526316,0.198952879581,0.104712041885,0.0,0.0,0.0,0.0,0.0,0.0,0.0,0.0,0.0,0.745454545455,0.0,0.0,0.0,0.0,0.0,0.0,0.0,0.0,0.0,0.0,0.109589041096,0.013698630137,0.123287671233,0.228310502283,0.075117370892,0.171428571429,0.124324324324,0.0647482014388,0.189189189189,0.0967741935484,0.0434782608696,0.037037037037,0.0412371134021,0.0871559633028,0.321100917431,0.0045871559633,0.0,0.0,0.0045871559633,0.0,0.0,0.0,0.0,0.00913242009132,0.0,0.168949771689,0.0639269406393,0.0,0.0502283105023,0.00456621004566,0.703196347032,0.65296803653,0.0,0.0,0.0,0.00913242009132,0.118721461187,0.00913242009132,0.0,0.27397260274,0.214611872146,0.0,0.00913242009132,0.191780821918,0.0,0.0,0.041095890411,0.169724770642,0.0,0.0,0.150684931507,0.164383561644,0.00913242009132,0.00913242009132,0.0,0.123853211009,0.0294117647059,0.00460829493088,0.179723502304,0.027397260274,0.0,0.00913242009132,0.0,0.0,0.0547945205479,0.0,0.0,0.0,0.0,0.0,0.0,0.0,0.0142857142857,0.196172248804,0.0143540669856,0.00485436893204,0.206896551724,0.222772277228,0.0,0.12,0.0301507537688,0.0454545454545,0.00505050505051,0.0824742268041,0.063829787234,0.0,0.005,0.0,0.252427184466,0.0434782608696,0.0,0.0093023255814,0.314814814815,0.0,0.0,0.0045871559633,0.0045871559633,0.0,0.0,0.0,0.0,0.0,0.0,0.0,0.0,0.0,0.0,0.0,0.0,0.0,0.0365296803653,0.958904109589,0.0,0.187214611872,0.13698630137,0.198895027624,0.0777202072539,0.00471698113208,0.0319634703196,0.181818181818,0.300469483568,0.0283018867925,0.0,0.0193236714976,0.0319634703196,0.027397260274,0.0228310502283,0.114155251142,0.0,0.0,0.0,0.0228310502283,0.0,0.0,0.0,0.0,0.0,0.0,0.0,0.0,0.958904109589,0.0,0.146118721461,0.00456621004566,0.0,0.479452054795,0.0,0.0,0.0,0.0,0.0,0.0547945205479,0.0,0.041095890411,0.0365296803653,0.00913242009132,0.0516431924883,0.0,0.10502283105,0.0,0.0684931506849,0.0,0.00456621004566,0.0,0.00913242009132,0.0319634703196,0.0,0.0730593607306,0.0,0.0,0.0,0.0,0.0,0.100456621005,0.0,0.0,0.00456621004566,0.164383561644,0.0,0.0,0.0963302752294,0.0377358490566,0.0,0.0145631067961,0.0284090909091,0.141935483871,0.024,0.0241935483871,0.0373134328358,0.00680272108844,0.0,0.0131578947368,0.102564102564,0.19170984456,0.147208121827,0.0183486238532,0.105504587156,0.123853211009,0.0,0.0137614678899,0.0,0.0,0.0,0.0,0.0,0.0,0.880184331797,0.0,0.0,0.0045871559633,0.0,0.0,0.045871559633,0.0,0.0,0.0275229357798,0.00917431192661,0.0,0.0,0.0,0.0,0.00917431192661,0.0917431192661,0.0,0.0045871559633,0.00462962962963,0.0,0.0,0.00467289719626,0.0321100917431,0.0,0.0,0.0,0.0,0.0,0.0,0.0045871559633,0.0,0.0,0.0,0.0,0.0,0.0,0.0,0.0,0.0,0.0596330275229,0.0,0.0599078341014,0.0,0.0,0.0,0.0,0.0,0.0,0.0,0.785046728972,0.0,0.0,0.0,0.0,0.052380952381,0.0,0.0142857142857,0.0,0.0,0.0,0.0,0.0,0.0,0.0,0.0550458715596,0.0,0.0
D,0.0,0.0103092783505,0.0,0.0621118012422,0.0,0.00473933649289,0.0,0.0,0.0469483568075,0.0,0.0642201834862,0.0412844036697,0.0,0.229357798165,1.0,0.0,0.0045871559633,0.0045871559633,0.0,0.0917431192661,0.0550458715596,0.0,0.0137614678899,0.322580645161,0.153439153439,0.0,0.019801980198,0.0,0.357798165138,0.0,0.205479452055,0.246575342466,0.0,0.0,0.0,0.0,0.0,0.0,0.0,0.0,0.0,0.0,0.05,0.0,0.0048309178744,0.0,0.0048309178744,0.990338164251,0.0,0.00454545454545,0.0,0.0181818181818,0.00909090909091,0.0,0.195454545455,0.00454545454545,0.0,0.0,0.0136363636364,0.0409090909091,0.0,0.0,0.00454545454545,0.0636363636364,0.0772727272727,0.0,0.0984848484848,0.0387596899225,0.0575539568345,0.0227272727273,0.0780141843972,0.201219512195,0.0159574468085,0.0157894736842,0.115183246073,0.0261780104712,0.0,0.0,0.0,0.0,0.0,0.0,0.0,0.0,0.0,0.177272727273,0.0,0.0,0.0,0.0,0.0,0.0,0.0,0.0,0.0,0.0,0.0,0.0182648401826,0.0821917808219,0.132420091324,0.140845070423,0.228571428571,0.113513513514,0.0647482014388,0.045045045045,0.129032258065,0.0434782608696,0.0617283950617,0.0463917525773,0.183486238532,0.0779816513761,0.0,0.0,0.0,0.0,0.0,0.0,0.0,0.0,0.00456621004566,0.0,0.0502283105023,0.310502283105,0.0,0.027397260274,0.0,0.0228310502283,0.173515981735,0.0,0.0,0.0,0.0182648401826,0.013698630137,0.0,0.0,0.150684931507,0.00456621004566,0.0,0.0,0.196347031963,0.0,0.0,0.0,0.0275229357798,0.0,0.0,0.0456621004566,0.37899543379,0.0,0.013698630137,0.0,0.201834862385,0.676470588235,0.00460829493088,0.124423963134,0.876712328767,0.00456621004566,0.0,0.0,0.0,0.0,0.0,0.0,0.0,0.0,0.0,0.0,0.0,0.0047619047619,0.181818181818,0.0430622009569,0.0,0.0147783251232,0.331683168317,0.005,0.05,0.0100502512563,0.010101010101,0.00505050505051,0.00515463917526,0.0851063829787,0.0102040816327,0.0,0.00485436893204,0.0339805825243,0.695652173913,0.0,0.0046511627907,0.0138888888889,0.0229357798165,0.0,0.174311926606,0.0,0.0,0.0,0.00913242009132,0.0,0.0,0.0,0.0,0.0,0.0,0.0,0.0,0.0,0.0,0.0365296803653,0.0228310502283,0.00913242009132,0.278538812785,0.0776255707763,0.281767955801,0.155440414508,0.00471698113208,0.205479452055,0.545454545455,0.1220657277,0.292452830189,0.0,0.0048309178744,0.00456621004566,0.502283105023,0.00913242009132,0.278538812785,0.0,0.0,0.0,0.0228310502283,0.0,0.0,0.0,0.0,0.0,0.0,0.0,0.0,0.0,0.0,0.260273972603,0.214611872146,0.0182648401826,0.013698630137,0.0,0.0,0.0,0.0,0.0,0.0,0.0547945205479,0.0593607305936,0.0456621004566,0.0,0.0422535211268,0.0,0.150684931507,0.0,0.0,0.0,0.155251141553,0.0,0.0365296803653,0.0,0.0,0.027397260274,0.926940639269,0.0,0.0,1.0,0.0,0.232876712329,0.0,0.0,0.00913242009132,0.127853881279,0.0,0.0,0.123853211009,0.283018867925,0.0045871559633,0.0242718446602,0.0113636363636,0.193548387097,0.048,0.0806451612903,0.044776119403,0.0340136054422,0.047619047619,0.0328947368421,0.0641025641026,0.269430051813,0.197969543147,0.128440366972,0.0779816513761,0.0,0.0045871559633,0.0,0.0,0.0,0.0,0.0,0.0,0.0,0.0276497695853,0.0,0.460829493088,0.0,0.339449541284,0.00917431192661,0.0137614678899,0.0,0.00917431192661,0.0229357798165,0.0,0.0,0.0,0.0,0.0,0.0,0.504587155963,0.981651376147,0.0229357798165,0.930555555556,0.0,0.0283018867925,0.0327102803738,0.00917431192661,0.0,0.0,0.0,0.0,0.0,0.0,0.0,0.0,0.0,0.0,0.0,0.0,0.0,0.0,0.0,0.0045871559633,0.55504587156,0.0,0.170506912442,0.0,0.0,0.0,0.0,0.0,0.0,0.0,0.00467289719626,0.0,0.0,0.0,0.0,0.309523809524,0.0,0.0,0.0047619047619,0.0,0.0,0.0,0.0,0.0,0.0,0.0183486238532,0.0,0.0
S,0.0,0.0412371134021,0.00925925925926,0.0869565217391,0.0,0.00473933649289,0.0142180094787,0.0,0.0704225352113,0.0093023255814,0.220183486239,0.334862385321,0.0045871559633,0.151376146789,0.0,0.0137614678899,0.733944954128,0.0137614678899,0.0,0.0275229357798,0.0366972477064,0.00917431192661,0.0137614678899,0.00921658986175,0.248677248677,0.0279069767442,0.0247524752475,0.0,0.0504587155963,0.0228310502283,0.13698630137,0.0867579908676,0.0,0.0,0.013698630137,0.0,0.0,0.0,0.0,0.0319634703196,0.0,0.00454545454545,0.00454545454545,0.0,0.0048309178744,0.0,0.0,0.0,0.0,0.218181818182,0.0,0.0,0.0,0.0818181818182,0.109090909091,0.0409090909091,0.209090909091,0.00909090909091,0.0318181818182,0.0409090909091,0.00454545454545,0.0,0.131818181818,0.0681818181818,0.0363636363636,0.0227272727273,0.0454545454545,0.015503875969,0.302158273381,0.151515151515,0.0354609929078,0.030487804878,0.00531914893617,0.0157894736842,0.0261780104712,0.0261780104712,0.00909090909091,0.0818181818182,0.00454545454545,0.0363636363636,0.0,0.931818181818,0.0,0.0,0.0181818181818,0.00454545454545,0.0,0.0,0.0,0.822727272727,0.0,0.0,0.0,0.0318181818182,0.0,0.0,0.041095890411,0.00913242009132,0.146118721461,0.0365296803653,0.0798122065728,0.0428571428571,0.0324324324324,0.0791366906475,0.027027027027,0.161290322581,0.0652173913043,0.0493827160494,0.0824742268041,0.0825688073394,0.0688073394495,0.0366972477064,0.0688073394495,0.0,0.169724770642,0.0,0.0550458715596,0.0275229357798,0.0547945205479,0.0456621004566,0.27397260274,0.00456621004566,0.0365296803653,0.0,0.013698630137,0.027397260274,0.00913242009132,0.0,0.0,0.0,0.0228310502283,0.100456621005,0.0228310502283,0.0,0.013698630137,0.0365296803653,0.0365296803653,0.0,0.0182648401826,0.0228310502283,0.013698630137,0.0,0.0456621004566,0.0550458715596,0.0,0.0,0.0182648401826,0.0,0.013698630137,0.0228310502283,0.00456621004566,0.0917431192661,0.117647058824,0.0230414746544,0.073732718894,0.0,0.0,0.00456621004566,0.0,0.0,0.0,0.0,0.0,0.00456621004566,0.0,0.0045871559633,0.0,0.0190476190476,0.414285714286,0.0478468899522,0.0287081339713,0.0,0.0295566502463,0.029702970297,0.01,0.015,0.226130653266,0.020202020202,0.0353535353535,0.0257731958763,0.117021276596,0.0,0.015,0.0436893203883,0.0582524271845,0.101449275362,0.0386473429952,0.0,0.0601851851852,0.880733944954,0.0229357798165,0.0550458715596,0.0,0.849315068493,0.0,0.0365296803653,0.0228310502283,0.680365296804,0.0365296803653,0.0,0.0,0.027397260274,0.0,0.00913242009132,0.00456621004566,0.0,0.00456621004566,0.00456621004566,0.0,0.0867579908676,0.0502283105023,0.132596685083,0.0103626943005,0.0471698113208,0.187214611872,0.0284090909091,0.0610328638498,0.0707547169811,0.00507614213198,0.0193236714976,0.0867579908676,0.0821917808219,0.00913242009132,0.310502283105,0.00913242009132,0.027397260274,0.954337899543,0.296803652968,0.0,0.00456621004566,0.940639269406,0.0228310502283,0.986301369863,0.424657534247,0.00913242009132,0.041095890411,0.0,0.0,0.0456621004566,0.0319634703196,0.041095890411,0.00456621004566,0.0,0.0,0.0,0.0,0.00456621004566,0.0456621004566,0.547945205479,0.0502283105023,0.109589041096,0.232876712329,0.225352112676,0.283105022831,0.0502283105023,0.0,0.0228310502283,0.00456621004566,0.013698630137,0.118721461187,0.191780821918,0.013698630137,0.0,0.0456621004566,0.0319634703196,0.00456621004566,0.0,0.0,0.0456621004566,0.0502283105023,0.146118721461,0.0,0.00913242009132,0.0913242009132,0.013698630137,0.0,0.0733944954128,0.202830188679,0.0229357798165,0.0145631067961,0.0,0.0645161290323,0.032,0.0483870967742,0.0298507462687,0.0204081632653,0.0136054421769,0.164473684211,0.153846153846,0.0362694300518,0.0152284263959,0.0596330275229,0.0504587155963,0.0045871559633,0.0,0.0045871559633,0.00917431192661,0.0,0.0,0.0,0.0,0.0276497695853,0.00921658986175,0.00460829493088,0.405529953917,0.0550458715596,0.275229357798,0.00917431192661,0.128440366972,0.0,0.0,0.0137614678899,0.00917431192661,0.0,0.0,0.0,0.0,0.0183486238532,0.0779816513761,0.00917431192661,0.692660550459,0.0231481481481,0.0,0.240566037736,0.289719626168,0.0183486238532,0.0,0.0183486238532,0.0321100917431,0.0,0.045871559633,0.0045871559633,0.0,0.0366972477064,0.0229357798165,0.0,0.0,0.0366972477064,0.270642201835,0.0,0.0183486238532,0.0275229357798,0.0045871559633,0.0460829493088,0.0,0.00460829493088,0.0,0.0,1.0,0.0,0.126168224299,0.0794392523364,0.00934579439252,0.0,0.0,0.0,0.00473933649289,0.119047619048,0.0,0.0285714285714,0.0,0.105769230769,0.0,0.0384615384615,0.0,0.0,0.0153846153846,0.0,0.0285714285714,0.24
T,0.0,0.020618556701,0.0925925925926,0.0248447204969,0.0,0.0189573459716,0.042654028436,0.0,0.0234741784038,0.26511627907,0.0504587155963,0.0183486238532,0.0045871559633,0.0366972477064,0.0,0.174311926606,0.0688073394495,0.0,0.0,0.0504587155963,0.0366972477064,0.0045871559633,0.0045871559633,0.0414746543779,0.0687830687831,0.0,0.0841584158416,0.0,0.0045871559633,0.027397260274,0.0684931506849,0.0502283105023,0.0,0.00913242009132,0.0,0.00456621004566,0.00913242009132,0.0,0.0,0.96803652968,0.0,0.0,0.0181818181818,0.0,0.0,0.00487804878049,0.0,0.0,0.00909090909091,0.722727272727,0.0,0.131818181818,0.00454545454545,0.0181818181818,0.359090909091,0.0590909090909,0.0681818181818,0.0,0.0181818181818,0.127272727273,0.0136363636364,0.0,0.0181818181818,0.0227272727273,0.0136363636364,0.0833333333333,0.0,0.0387596899225,0.151079136691,0.0454545454545,0.0354609929078,0.0243902439024,0.0106382978723,0.0105263157895,0.0157068062827,0.020942408377,0.00909090909091,0.0136363636364,0.136363636364,0.0,0.0,0.00909090909091,0.0181818181818,0.0,0.909090909091,0.0,0.0,0.0,0.0227272727273,0.0909090909091,0.0,0.0,0.0,0.622727272727,0.0,0.0,0.255707762557,0.168949771689,0.0639269406393,0.0319634703196,0.0657276995305,0.0380952380952,0.0540540540541,0.0719424460432,0.0720720720721,0.0967741935484,0.0760869565217,0.0740740740741,0.180412371134,0.0733944954128,0.0412844036697,0.110091743119,0.00917431192661,0.0,0.137614678899,0.0137614678899,0.0045871559633,0.151376146789,0.027397260274,0.013698630137,0.721461187215,0.0,0.0456621004566,0.0182648401826,0.00456621004566,0.00456621004566,0.00913242009132,0.0,0.00456621004566,0.0,0.228310502283,0.109589041096,0.0639269406393,0.0,0.00456621004566,0.0958904109589,0.0319634703196,0.264840182648,0.027397260274,0.027397260274,0.150684931507,0.0228310502283,0.0365296803653,0.045871559633,0.0,0.0,0.0228310502283,0.013698630137,0.0,0.0,0.0,0.288990825688,0.0,0.0276497695853,0.00921658986175,0.0,0.00456621004566,0.0,0.0,0.0,0.0,0.178082191781,0.0,0.196347031963,0.0,0.0,0.0,0.895238095238,0.0333333333333,0.0382775119617,0.196172248804,0.0145631067961,0.0591133004926,0.019801980198,0.01,0.025,0.0201005025126,0.020202020202,0.0,0.00515463917526,0.324468085106,0.214285714286,0.01,0.766990291262,0.199029126214,0.0,0.690821256039,0.0,0.0185185185185,0.0137614678899,0.0045871559633,0.0045871559633,0.0,0.00913242009132,0.0,0.0,0.109589041096,0.187214611872,0.00456621004566,0.0,0.0,0.00913242009132,0.0,0.027397260274,0.0,0.013698630137,0.00456621004566,0.0,0.00913242009132,0.0365296803653,0.027397260274,0.0441988950276,0.0518134715026,0.0707547169811,0.118721461187,0.00568181818182,0.0469483568075,0.0235849056604,0.010152284264,0.0144927536232,0.10502283105,0.013698630137,0.0182648401826,0.0958904109589,0.0228310502283,0.0,0.027397260274,0.0502283105023,0.00456621004566,0.0365296803653,0.0,0.342465753425,0.00456621004566,0.00456621004566,0.0,0.00456621004566,0.0,0.0,0.0776255707763,0.00456621004566,0.00913242009132,0.0,0.0,0.00456621004566,0.0,0.0,0.0,0.027397260274,0.041095890411,0.0776255707763,0.041095890411,0.00913242009132,0.112676056338,0.00913242009132,0.013698630137,0.0,0.013698630137,0.0,0.013698630137,0.00456621004566,0.0593607305936,0.013698630137,0.00456621004566,0.0502283105023,0.00456621004566,0.00456621004566,0.0,0.0,0.0776255707763,0.0319634703196,0.0228310502283,0.0,0.0502283105023,0.0182648401826,0.027397260274,0.0,0.0137614678899,0.0235849056604,0.00917431192661,0.00485436893204,0.00568181818182,0.0129032258065,0.032,0.0241935483871,0.0149253731343,0.0272108843537,0.0,0.217105263158,0.0769230769231,0.0518134715026,0.0355329949239,0.0366972477064,0.0137614678899,0.0688073394495,0.0,0.045871559633,0.0137614678899,0.0,0.0045871559633,0.00917431192661,0.0,0.00460829493088,0.0,0.00460829493088,0.0138248847926,0.0183486238532,0.128440366972,0.00917431192661,0.142201834862,0.0,0.0,0.0,0.0,0.0,0.0504587155963,0.697247706422,0.0,0.0045871559633,0.243119266055,0.0,0.137614678899,0.0,0.0,0.0,0.0,0.591743119266,0.0,0.0,0.0,0.0,0.0045871559633,0.0412844036697,0.0137614678899,0.0,0.0,0.0045871559633,0.110091743119,0.0,0.0045871559633,0.0275229357798,0.293577981651,0.0,0.100917431193,0.36866359447,0.0230414746544,0.0,0.0,0.0,0.0,0.0373831775701,0.0,0.0373831775701,0.0140186915888,0.0,0.0,0.00473933649289,0.0,0.0,0.0,0.0,0.0,0.0240384615385,0.0,0.0480769230769,0.00480769230769,0.0,0.00769230769231,0.0,0.4,0.04
-,0.68778280543,0.561085972851,0.511312217195,0.27149321267,0.0542986425339,0.0452488687783,0.0452488687783,0.0361990950226,0.0361990950226,0.027149321267,0.0135746606335,0.0135746606335,0.0135746606335,0.0135746606335,0.0135746606335,0.0135746606335,0.0135746606335,0.0135746606335,0.0135746606335,0.0135746606335,0.0135746606335,0.0135746606335,0.0135746606335,0.0180995475113,0.14479638009,0.027149321267,0.0859728506787,0.0135746606335,0.0135746606335,0.00904977375566,0.00904977375566,0.00904977375566,0.00904977375566,0.00904977375566,0.00904977375566,0.00904977375566,0.00904977375566,0.00904977375566,0.00904977375566,0.00904977375566,0.00904977375566,0.00452488687783,0.00452488687783,0.00452488687783,0.0633484162896,0.0723981900452,0.0633484162896,0.0633484162896,0.00452488687783,0.00452488687783,0.00452488687783,0.00452488687783,0.00452488687783,0.00452488687783,0.00452488687783,0.00452488687783,0.00452488687783,0.00452488687783,0.00452488687783,0.00452488687783,0.00452488687783,0.00452488687783,0.00452488687783,0.00452488687783,0.00452488687783,0.402714932127,0.402714932127,0.41628959276,0.371040723982,0.402714932127,0.361990950226,0.257918552036,0.149321266968,0.140271493213,0.135746606335,0.135746606335,0.00452488687783,0.00452488687783,0.00452488687783,0.00452488687783,0.00452488687783,0.00452488687783,0.00452488687783,0.00452488687783,0.00452488687783,0.00452488687783,0.00452488687783,0.00452488687783,0.00452488687783,0.00452488687783,0.00452488687783,0.00452488687783,0.00452488687783,0.00452488687783,0.00452488687783,0.00452488687783,0.00904977375566,0.00904977375566,0.00904977375566,0.00904977375566,0.0361990950226,0.0497737556561,0.162895927602,0.371040723982,0.497737556561,0.859728506787,0.58371040724,0.266968325792,0.122171945701,0.0135746606335,0.0135746606335,0.0135746606335,0.0135746606335,0.0135746606335,0.0135746606335,0.0135746606335,0.0135746606335,0.0135746606335,0.00904977375566,0.00904977375566,0.00904977375566,0.00904977375566,0.00904977375566,0.00904977375566,0.00904977375566,0.00904977375566,0.00904977375566,0.00904977375566,0.00904977375566,0.00904977375566,0.00904977375566,0.00904977375566,0.00904977375566,0.00904977375566,0.00904977375566,0.00904977375566,0.00904977375566,0.00904977375566,0.00904977375566,0.00904977375566,0.00904977375566,0.00904977375566,0.00904977375566,0.0135746606335,0.0135746606335,0.0135746606335,0.00904977375566,0.00904977375566,0.00904977375566,0.00904977375566,0.00904977375566,0.0135746606335,0.230769230769,0.0180995475113,0.0180995475113,0.00904977375566,0.00904977375566,0.00904977375566,0.00904977375566,0.00904977375566,0.00904977375566,0.00904977375566,0.00904977375566,0.00904977375566,0.0135746606335,0.0135746606335,0.0497737556561,0.0497737556561,0.0497737556561,0.0542986425339,0.0542986425339,0.0678733031674,0.0814479638009,0.0859728506787,0.0950226244344,0.0950226244344,0.0995475113122,0.10407239819,0.10407239819,0.122171945701,0.149321266968,0.113122171946,0.0950226244344,0.0678733031674,0.0678733031674,0.0633484162896,0.0633484162896,0.027149321267,0.0226244343891,0.0135746606335,0.0135746606335,0.0135746606335,0.0135746606335,0.00904977375566,0.00904977375566,0.00904977375566,0.00904977375566,0.00904977375566,0.00904977375566,0.00904977375566,0.00904977375566,0.00904977375566,0.00904977375566,0.00904977375566,0.00904977375566,0.00904977375566,0.00904977375566,0.00904977375566,0.00904977375566,0.00904977375566,0.00904977375566,0.180995475113,0.126696832579,0.0407239819005,0.00904977375566,0.203619909502,0.0361990950226,0.0407239819005,0.108597285068,0.0633484162896,0.00904977375566,0.00904977375566,0.00904977375566,0.00904977375566,0.00904977375566,0.00904977375566,0.00904977375566,0.00904977375566,0.00904977375566,0.00904977375566,0.00904977375566,0.00904977375566,0.00904977375566,0.00904977375566,0.00904977375566,0.00904977375566,0.00904977375566,0.0135746606335,0.00904977375566,0.00904977375566,0.00904977375566,0.00904977375566,0.00904977375566,0.00904977375566,0.00904977375566,0.00904977375566,0.00904977375566,0.00904977375566,0.00904977375566,0.00904977375566,0.00904977375566,0.00904977375566,0.0361990950226,0.00904977375566,0.00904977375566,0.00904977375566,0.00904977375566,0.00904977375566,0.00904977375566,0.00904977375566,0.00904977375566,0.00904977375566,0.00904977375566,0.00904977375566,0.00904977375566,0.00904977375566,0.00904977375566,0.00904977375566,0.00904977375566,0.00904977375566,0.00904977375566,0.00904977375566,0.00904977375566,0.00904977375566,0.00904977375566,0.00904977375566,0.0135746606335,0.0407239819005,0.0135746606335,0.0678733031674,0.203619909502,0.298642533937,0.434389140271,0.438914027149,0.393665158371,0.334841628959,0.334841628959,0.31221719457,0.294117647059,0.126696832579,0.108597285068,0.0135746606335,0.0135746606335,0.0135746606335,0.0135746606335,0.0135746606335,0.0135746606335,0.0135746606335,0.0135746606335,0.0135746606335,0.0135746606335,0.0180995475113,0.0180995475113,0.0180995475113,0.0180995475113,0.0135746606335,0.0135746606335,0.0135746606335,0.0135746606335,0.0135746606335,0.0135746606335,0.0135746606335,0.0135746606335,0.0135746606335,0.0135746606335,0.0135746606335,0.0135746606335,0.0135746606335,0.0135746606335,0.0135746606335,0.0135746606335,0.0226244343891,0.0226244343891,0.0407239819005,0.0316742081448,0.0135746606335,0.0135746606335,0.0135746606335,0.0135746606335,0.0135746606335,0.0135746606335,0.0135746606335,0.0135746606335,0.0135746606335,0.0135746606335,0.0135746606335,0.0135746606335,0.0135746606335,0.0135746606335,0.0135746606335,0.0135746606335,0.0135746606335,0.0135746606335,0.0180995475113,0.0180995475113,0.0180995475113,0.0180995475113,0.0226244343891,0.0226244343891,0.0316742081448,0.0316742081448,0.0316742081448,0.0316742081448,0.0361990950226,0.0361990950226,0.0452488687783,0.0452488687783,0.0497737556561,0.0497737556561,0.0497737556561,0.0497737556561,0.0588235294118,0.0588235294118,0.0588235294118,0.0588235294118,0.0588235294118,0.411764705882,0.506787330317,0.841628959276,0.886877828054
other,0.0,0.0,0.0,0.0,0.0,0.0,0.0,0.0,0.0,0.0,0.0,0.0,0.0,0.0,0.0,0.0,0.0,0.0,0.0,0.0,0.0,0.0,0.0,0.0,0.0,0.0,0.0,0.0,0.0,0.0,0.0,0.0,0.0,0.0,0.0,0.0,0.0,0.0,0.0,0.0,0.0,0.0,0.0,0.0,0.0,0.0,0.0,0.0,0.0,0.0,0.0,0.0,0.0,0.0,0.0,0.0,0.0,0.0,0.0,0.0,0.0,0.0,0.0,0.0,0.0,0.0,0.0,0.0,0.0,0.0,0.0,0.0,0.0,0.0,0.0,0.0,0.0,0.0,0.0,0.0,0.0,0.0,0.0,0.0,0.0,0.0,0.0,0.0,0.0,0.0,0.0,0.0,0.0,0.0,0.0,0.0,0.0,0.0,0.0,0.0,0.0,0.0,0.0,0.0,0.0,0.0,0.0,0.0,0.0,0.0,0.0,0.0,0.0,0.0,0.0,0.0,0.0,0.0,0.0,0.0,0.0,0.0,0.0,0.0,0.0,0.0,0.0,0.0,0.0,0.0,0.0,0.0,0.0,0.0,0.0,0.0,0.0,0.0,0.0,0.0,0.0,0.0,0.0,0.0,0.0,0.0,0.0,0.0,0.0,0.0,0.0,0.0,0.0,0.0,0.0,0.0,0.0,0.0,0.0,0.0,0.0,0.0,0.0,0.0,0.0,0.0,0.0,0.0,0.0,0.0,0.0,0.0,0.0,0.0,0.0,0.0,0.0,0.0,0.0,0.0,0.0,0.0,0.0,0.0,0.0,0.0,0.0,0.0,0.0,0.0,0.0,0.0,0.0,0.0,0.0,0.0,0.0,0.0,0.0,0.0,0.0,0.0,0.0,0.0,0.0,0.0,0.0,0.0,0.0,0.0,0.0,0.0,0.0,0.0,0.0,0.0,0.0,0.0,0.0,0.0,0.0,0.0,0.0,0.0,0.0,0.0,0.0,0.0,0.0,0.0,0.0,0.0,0.0,0.0,0.0,0.0,0.0,0.0,0.0,0.0,0.0,0.0,0.0,0.0,0.0,0.0,0.0,0.0,0.0,0.0,0.0,0.0,0.0,0.0,0.0,0.0,0.0,0.0,0.0,0.0,0.0,0.0,0.0,0.0,0.0,0.0,0.0,0.0,0.0,0.0,0.0,0.0,0.0,0.0,0.0,0.0,0.0,0.0,0.0,0.0,0.0,0.0,0.0,0.0,0.0,0.0,0.0,0.0,0.0,0.0,0.0,0.0,0.0,0.0,0.0,0.0,0.0,0.0,0.0,0.0,0.0,0.0,0.0,0.0,0.0,0.0,0.0,0.0,0.0,0.0,0.0,0.0,0.0,0.0,0.0,0.0,0.0,0.0,0.0,0.0,0.0,0.0,0.0,0.0,0.0,0.0,0.0,0.0,0.0,0.0,0.0,0.0,0.0,0.0,0.0,0.0,0.0,0.0,0.0,0.0,0.0,0.0,0.0,0.0,0.0,0.0,0.0,0.0,0.0,0.0,0.0,0.0,0.0,0.0,0.0,0.0,0.0,0.0,0.0,0.0,0.0,0.0,0.0,0.0,0.0,0.0,0.0,0.0,0.0,0.0
