G,0.020618556701,0.015,0.010101010101,0.944444444444,0.0,0.0,0.0,0.0,0.00507614213198,0.989898989899,0.0,0.0,0.010101010101,0.0,0.0,0.010152284264,0.0,0.0,0.0,0.94,0.0,0.0,0.00502512562814,0.964102564103,0.0,0.00512820512821,0.0,0.0,0.0,0.0103092783505,0.994764397906,0.0,0.989690721649,0.015625,0.959595959596,0.0147783251232,0.0,0.0,0.0,0.961165048544,0.0194174757282,0.0242718446602,0.0145631067961,0.0,0.0,0.0,0.0,0.0,0.0,0.00523560209424,0.994764397906,0.0,0.0,0.0,0.0,0.0,0.0,0.0142857142857,0.00952380952381,0.0333333333333,0.047619047619,0.0,0.03,0.00526315789474,0.195652173913,0.0261780104712,0.950819672131,0.0,0.0,0.0,0.005,0.0,0.0,0.0,0.00478468899522,0.0,0.0,0.0,0.0192307692308,0.0194174757282,0.0,0.0,0.0,0.0,0.0,0.005,0.0,0.0,0.0,0.00487804878049,0.945544554455,0.0243902439024,0.0147058823529,0.0,0.00990099009901,0.005,0.00497512437811,0.00497512437811,0.0,0.0,0.0346534653465,0.0248756218905,0.0,0.949494949495,0.0,0.0,0.0,0.0,0.0,0.0,0.0,0.0,0.0,0.0,0.0,0.959595959596,0.0,0.0,0.0,0.0,0.0,0.00520833333333,0.0104166666667,0.0,0.0,0.0,0.979166666667,0.0,0.0,0.0,0.0,0.0,0.0,0.959390862944,0.0,0.0,0.0199004975124,0.945273631841,0.00497512437811,0.0,0.005,0.0,0.0,0.01,0.0,0.0,0.0,0.021164021164,0.0,0.0,0.0,0.0,0.0,0.0,0.0,0.0,0.0,0.00492610837438,0.0147058823529,0.89756097561,0.0,0.0,0.00990099009901,0.0,0.00492610837438,0.0243902439024,0.00975609756098,0.010101010101,0.0252525252525,0.0,0.0252525252525,0.02,0.0320512820513,0.967948717949,0.102040816327,0.0,0.0,0.0,0.0,0.0203045685279,0.010152284264,0.0152284263959,0.00985221674877,0.0,0.0,0.0,0.0,0.0,0.989247311828,0.0,0.989189189189,0.0,0.0,0.0,0.0,0.0,0.0,0.0,0.0,0.0,0.0,0.0,0.0,0.0054347826087,0.0,0.0,0.0,0.0,0.0,0.0054347826087,0.0,0.0,0.0,0.0,0.0,0.0,0.0,0.0,0.0,0.0,0.00540540540541,0.00540540540541,0.0,0.0,0.0,0.0,0.0,0.869565217391,0.0054347826087,0.0054347826087,0.032967032967,0.835164835165,0.00549450549451,0.0257731958763,0.00518134715026,0.0154639175258,0.031914893617,0.026455026455
P,0.0103092783505,0.0,0.0,0.0,0.0,0.0,0.0,0.00492610837438,0.0,0.0,0.0,0.0,0.959595959596,0.0,0.0,0.0,0.0,0.0,0.0,0.0,0.0,0.0,0.0,0.0,0.0,0.0,0.0,0.0,0.0,0.0,0.0,0.0,0.0,0.0,0.0,0.00492610837438,0.0,0.0,0.0,0.00485436893204,0.0,0.0,0.00485436893204,0.0,0.0,0.0,0.0,0.0,0.0,0.0,0.0,0.0,0.0,0.994764397906,0.0,0.994764397906,0.0,0.9,0.0047619047619,0.0,0.0,0.0,0.005,0.0,0.0,0.0,0.0,0.00497512437811,0.0,0.00497512437811,0.02,0.01,0.0,0.0,0.913875598086,0.00478468899522,0.0,0.0,0.00480769230769,0.00485436893204,0.00985221674877,0.00985221674877,0.0,0.00966183574879,0.0,0.01,0.0,0.0,0.964102564103,0.0146341463415,0.0,0.0,0.0,0.00985221674877,0.0,0.0,0.0,0.0,0.0,0.0,0.0,0.0,0.0,0.0,0.0,0.0,0.00507614213198,0.0,0.0,0.0,0.0,0.0,0.0,0.0,0.0,0.0,0.0,0.0,0.00520833333333,0.0,0.0,0.0,0.0,0.0,0.00520833333333,0.0,0.00520833333333,0.0,0.0,0.0,0.0,0.0,0.0,0.0,0.00502512562814,0.00497512437811,0.0,0.00497512437811,0.0,0.0,0.0,0.015,0.0,0.0,0.0,0.0,0.0,0.0,0.0,0.0,0.0,0.0,0.0,0.010152284264,0.0,0.0,0.0147783251232,0.0,0.0,0.0146341463415,0.0,0.0,0.0,0.0,0.0197044334975,0.00487804878049,0.0,0.0,0.0,0.0151515151515,0.010101010101,0.0,0.0,0.0,0.0102040816327,0.0,0.0106382978723,0.0,0.00507614213198,0.0,0.0,0.00507614213198,0.00985221674877,0.0,0.0,0.00540540540541,0.989247311828,0.00537634408602,0.00537634408602,0.0,0.0,0.994594594595,0.0,0.0,0.00540540540541,0.994594594595,0.0,0.0,0.00540540540541,0.0,0.0,0.0,0.0,0.0,0.0054347826087,0.0,0.0,0.0,0.0,0.0,1.0,0.0,0.0,0.0,0.0,0.0,0.0,0.0,0.0,0.0,0.0,0.0,0.0,0.0,0.0,0.0,0.0,0.0,0.0,0.0163043478261,0.00549450549451,0.010989010989,0.00549450549451,0.0103092783505,0.00518134715026,0.0,0.00531914893617,0.021164021164
A,0.0412371134021,0.0,0.0,0.0,0.0157068062827,0.0,0.0,0.0,0.00507614213198,0.0,0.0,0.010101010101,0.00505050505051,0.00510204081633,0.0,0.0,0.0,0.0,0.0,0.005,0.005,0.00507614213198,0.00502512562814,0.00512820512821,0.0,0.0,0.0,0.010152284264,0.00507614213198,0.0,0.0,0.0,0.0,0.00520833333333,0.010101010101,0.00985221674877,1.0,0.0,0.0,0.0,0.00485436893204,0.00970873786408,0.00485436893204,0.00485436893204,0.0,0.0,0.0,0.0,0.0,0.0,0.0,0.00523560209424,0.0,0.00523560209424,0.0,0.0,0.0,0.0,0.0190476190476,0.0190476190476,0.00952380952381,0.0047619047619,0.005,0.00526315789474,0.0434782608696,0.00523560209424,0.0,0.0,0.00497512437811,0.0,0.005,0.33,0.0,0.0,0.0,0.0,0.0,0.00478468899522,0.0,0.00485436893204,0.0,0.00985221674877,0.0240384615385,0.00966183574879,0.00970873786408,0.0,0.955,0.0,0.0,0.0,0.0148514851485,0.0,0.0147058823529,0.00492610837438,0.0,0.0,0.0,0.0,0.0,0.0,0.0,0.0,0.0049504950495,0.0,0.0,0.010152284264,0.0,0.0,0.0,0.989417989418,0.0,0.0,0.00510204081633,0.0,0.0,0.020202020202,0.0,0.00520833333333,0.0,0.0,0.0,0.00520833333333,0.0,0.00520833333333,0.0,0.0,0.0,0.0,0.0,0.0,0.0,0.0,0.0,0.0,0.00502512562814,0.0,0.0,0.00497512437811,0.0298507462687,0.00497512437811,0.025,0.0,0.0,0.0,0.0309278350515,0.0,0.0153846153846,0.0,0.0,0.010582010582,0.0,0.0,0.0,0.939086294416,0.005,0.00490196078431,0.0492610837438,0.00492610837438,0.0147058823529,0.0,0.00492610837438,0.0,0.40099009901,0.0,0.0,0.00487804878049,0.00487804878049,0.0,0.0,0.0,0.0,0.01,0.0,0.0,0.0,0.0,0.0,0.0,0.954314720812,0.0,0.0,0.0,0.0,0.0,0.0,0.0,0.00537634408602,0.0,0.0,0.0,0.0,0.0,0.00540540540541,0.0,0.0,0.0,0.0,0.0,0.0,0.0,0.0,0.0,0.0,0.0,0.0,0.805405405405,0.0,0.0,0.00540540540541,0.0,0.0,0.00540540540541,0.0,0.0,0.0,0.0,0.0,0.0,0.0,0.0,0.0,0.0,0.00540540540541,0.0,0.0,0.989189189189,0.983783783784,0.0108695652174,0.0,0.0108695652174,0.00549450549451,0.0164835164835,0.00549450549451,0.0103092783505,0.0103626943005,0.0257731958763,0.0106382978723,0.015873015873
V,0.726804123711,0.0,0.00505050505051,0.0,0.0,0.0,0.0,0.00492610837438,0.0,0.0,0.934343434343,0.949494949495,0.0,0.0,0.0152284263959,0.939086294416,0.0,0.0253807106599,0.0152284263959,0.01,0.0,0.954314720812,0.0,0.0,0.0,0.00512820512821,0.0,0.00507614213198,0.964467005076,0.0,0.0,0.00523560209424,0.00515463917526,0.0,0.0,0.0,0.0,0.0,0.0,0.0,0.0,0.00970873786408,0.00485436893204,0.0,0.00518134715026,0.0103626943005,0.00529100529101,0.00529100529101,0.0,0.0,0.0,0.0,0.0,0.0,1.0,0.0,0.0,0.0190476190476,0.0,0.0047619047619,0.895238095238,0.0,0.0,0.0105263157895,0.0108695652174,0.020942408377,0.0109289617486,0.766169154229,0.0,0.0,0.005,0.0,0.01,0.00497512437811,0.0,0.0,0.0,0.0143540669856,0.0,0.00970873786408,0.00985221674877,0.00492610837438,0.00480769230769,0.0,0.0242718446602,0.0,0.025,0.0252525252525,0.0,0.019512195122,0.0,0.00487804878049,0.901960784314,0.0147783251232,0.0,0.0,0.0,0.0,0.0295566502463,0.0,0.0049504950495,0.0,0.0,0.0,0.0151515151515,0.00507614213198,0.0,0.0152284263959,0.0,0.0,0.010582010582,0.994708994709,0.00510204081633,0.0,0.0,0.0,0.0,0.0,0.0,0.984375,0.00520833333333,0.0,0.0,0.0,0.0,0.0,0.0,0.00529100529101,0.0,0.0,0.0,0.0,0.0,0.0,0.00502512562814,0.00497512437811,0.0,0.0,0.0,0.00995024875622,0.01,0.0,0.0,0.0,0.0,0.0,0.0,0.0,0.0,0.978835978836,0.0,0.00529100529101,0.010152284264,0.00507614213198,0.0,0.0,0.00492610837438,0.0,0.0,0.0,0.0197044334975,0.0,0.50495049505,0.0,0.0,0.00975609756098,0.0146341463415,0.0,0.00505050505051,0.0,0.0757575757576,0.01,0.0,0.0,0.0,0.938775510204,0.0,0.0255102040816,0.0,0.0,0.010152284264,0.010152284264,0.0,0.0,0.00540540540541,0.00540540540541,0.0,0.0,0.0,0.0,0.0,0.0,0.994594594595,0.0,0.0,0.0,0.0,0.0,0.0,0.00540540540541,0.0,0.0,0.0,0.0,0.0,0.0810810810811,0.0,0.0,0.0,0.0,0.0,0.0,0.0,0.0,0.0,0.0,0.00540540540541,0.0,0.967567567568,0.0,0.0,0.0,0.0,0.989189189189,0.00540540540541,0.00540540540541,0.0,0.0,0.0,0.0,0.00549450549451,0.0164835164835,0.0,0.00515463917526,0.020725388601,0.0103092783505,0.0212765957447,0.010582010582
L,0.0257731958763,0.0,0.0,0.0,0.0,0.0,0.989417989418,0.0147783251232,0.0,0.0,0.0,0.0,0.00505050505051,0.0,0.959390862944,0.0,0.0,0.954314720812,0.0,0.005,0.005,0.0,0.0251256281407,0.0,0.0,0.0,0.00507614213198,0.0,0.0,0.00515463917526,0.0,0.00523560209424,0.0,0.0,0.0151515151515,0.00985221674877,0.0,0.0,0.0,0.00970873786408,0.0291262135922,0.902912621359,0.0,0.946601941748,0.0,0.0569948186528,0.0,0.0,0.0,0.0,0.00523560209424,0.0,0.994764397906,0.0,0.0,0.0,0.00515463917526,0.0142857142857,0.00952380952381,0.909523809524,0.0142857142857,0.0047619047619,0.005,0.715789473684,0.0054347826087,0.00523560209424,0.00546448087432,0.199004975124,0.00497512437811,0.0,0.015,0.005,0.005,0.00995024875622,0.0,0.0,0.00956937799043,0.00478468899522,0.0,0.00485436893204,0.0,0.0,0.00480769230769,0.0048309178744,0.0145631067961,0.0,0.0,0.010101010101,0.0,0.00975609756098,0.00990099009901,0.00487804878049,0.0,0.0197044334975,0.0049504950495,0.0,0.0,0.0298507462687,0.00492610837438,0.010152284264,0.0,0.0,0.00990099009901,0.0,0.0151515151515,0.0,0.0,0.0,0.0,0.0,0.0,0.0,0.0,0.00507614213198,0.0,0.0,0.00505050505051,0.0,0.979166666667,0.0,0.00520833333333,0.00520833333333,0.0,0.0104166666667,0.979166666667,0.0,0.0,0.0,0.0,0.0,0.0,0.0,0.0,0.0,0.0100502512563,0.0149253731343,0.940298507463,0.0,0.0,0.00995024875622,0.925,0.0,0.0,0.01,0.00515463917526,0.0,0.0,0.0,0.0,0.0,0.0,0.00529100529101,0.0,0.0,0.0,0.00980392156863,0.00492610837438,0.0197044334975,0.0,0.0,0.0197044334975,0.00492610837438,0.0,0.0,0.00985221674877,0.0341463414634,0.0341463414634,0.00505050505051,0.0,0.0,0.0,0.005,0.0128205128205,0.0,0.0,0.00510204081633,0.00531914893617,0.948979591837,0.0,0.0,0.0,0.00507614213198,0.0,0.00540540540541,0.0,0.0,0.0,0.010752688172,0.0,0.0,0.0,0.0,0.0,0.972972972973,0.994594594595,0.0,0.0,0.0,0.0,0.0,0.989189189189,0.0,0.0,0.0,0.0,0.0,0.983783783784,0.00540540540541,0.0,0.0,0.0,0.0,0.0,0.0,0.0,0.0,0.0,0.00540540540541,0.0,0.978378378378,0.978378378378,0.0,0.0,0.0,0.0,0.0,0.0,0.0163043478261,0.0054347826087,0.0217391304348,0.56043956044,0.010989010989,0.021978021978,0.0103092783505,0.020725388601,0.778350515464,0.0106382978723,0.0
I,0.0,0.0,0.0,0.0,0.0,0.0,0.010582010582,0.00985221674877,0.0,0.0,0.020202020202,0.00505050505051,0.0,0.959183673469,0.0,0.0152284263959,0.0,0.010152284264,0.010152284264,0.0,0.0,0.0152284263959,0.0,0.0,0.0,0.0,0.0,0.00507614213198,0.0,0.0,0.0,0.0,0.0,0.0,0.0,0.00985221674877,0.0,0.0,0.00534759358289,0.0,0.00970873786408,0.0,0.00485436893204,0.00485436893204,0.00518134715026,0.0,0.989417989418,0.0,0.00523560209424,0.0,0.0,0.0,0.0,0.0,0.0,0.0,0.0,0.0142857142857,0.0,0.0,0.0,0.0047619047619,0.0,0.00526315789474,0.0,0.00523560209424,0.0,0.0,0.00497512437811,0.0,0.005,0.0,0.005,0.0,0.0,0.0,0.00956937799043,0.0191387559809,0.0,0.00970873786408,0.0,0.0,0.00480769230769,0.0048309178744,0.0,0.0,0.0,0.0,0.0102564102564,0.00487804878049,0.0,0.0,0.0343137254902,0.00985221674877,0.0,0.0,0.0,0.940298507463,0.00492610837438,0.00507614213198,0.0,0.00497512437811,0.0,0.00505050505051,0.010101010101,0.010152284264,0.0,0.00507614213198,0.0,0.0,0.0,0.00529100529101,0.0,0.00507614213198,0.0151515151515,0.0,0.0,0.0,0.0,0.00520833333333,0.0,0.0,0.979166666667,0.0,0.0,0.00520833333333,0.0,0.962962962963,0.0,0.0,0.0,0.0,0.0,0.0,0.0,0.950248756219,0.00497512437811,0.0,0.0,0.0,0.0,0.0,0.0,0.005,0.0103092783505,0.19587628866,0.0,0.0,0.0,0.0,0.010582010582,0.984126984127,0.0,0.0253807106599,0.015,0.00490196078431,0.00492610837438,0.0,0.0,0.0,0.931034482759,0.0,0.0,0.00985221674877,0.00492610837438,0.00487804878049,0.868292682927,0.0,0.0,0.0,0.843434343434,0.0,0.0,0.0,0.0,0.015306122449,0.0,0.0102040816327,0.0,0.0,0.0,0.010152284264,0.0,0.0,0.0,0.0,0.0,0.978494623656,0.0,0.0,0.0,0.0,0.0,0.0108108108108,0.0,0.0,0.00540540540541,0.00540540540541,0.0,0.0,0.00540540540541,0.0,0.0,0.0,0.0,0.0,0.00540540540541,0.0,0.0,0.0,0.0,0.0,0.0,0.0,0.0,0.0,0.0,0.0,0.0216216216216,0.0,0.0,0.0,0.0,0.0,0.0,0.0,0.0,0.0,0.869565217391,0.0,0.00549450549451,0.0,0.0,0.0,0.0155440414508,0.00515463917526,0.031914893617,0.015873015873
M,0.0927835051546,0.0,0.0,0.0,0.0,0.0,0.0,0.00492610837438,0.0,0.0,0.0,0.0,0.0,0.0,0.00507614213198,0.0,0.0,0.0,0.0,0.005,0.005,0.0,0.0,0.0,0.0,0.0,0.010152284264,0.0,0.0,0.0,0.0,0.0,0.0,0.0,0.0,0.0,0.0,0.0,0.0,0.0145631067961,0.0,0.00485436893204,0.00970873786408,0.0,0.0,0.0,0.0,0.0,0.00523560209424,0.0,0.0,0.0,0.0,0.0,0.0,0.0,0.0,0.0,0.0,0.0,0.0,0.0047619047619,0.0,0.0,0.0,0.00523560209424,0.0,0.00497512437811,0.0149253731343,0.0,0.0,0.0,0.01,0.0,0.00956937799043,0.0,0.0,0.913875598086,0.0,0.00485436893204,0.00492610837438,0.0,0.0,0.0,0.0,0.0,0.0,0.949494949495,0.0,0.0,0.0,0.0,0.0,0.0,0.0,0.0,0.0,0.0,0.00492610837438,0.0,0.0,0.0,0.0,0.0,0.00505050505051,0.0,0.0,0.0,0.0,0.0,0.0,0.0,0.0,0.0152284263959,0.00505050505051,0.0,0.0,0.0,0.0,0.0,0.0,0.0,0.0,0.0,0.00520833333333,0.0,0.0,0.00529100529101,0.0,0.0,0.0,0.0,0.0,0.00507614213198,0.0,0.0,0.0,0.0,0.0,0.0,0.015,0.0,0.0,0.01,0.0,0.0,0.00512820512821,0.0,0.0,0.0,0.0,0.0,0.517766497462,0.0,0.02,0.0,0.0,0.0,0.0,0.0,0.0,0.0197044334975,0.0049504950495,0.0,0.0,0.0,0.00975609756098,0.0,0.0,0.0,0.00505050505051,0.0,0.0,0.0,0.0,0.0,0.0,0.0,0.0,0.0,0.0,0.0,0.0,0.0,0.0,0.0,0.0,0.0,0.0,0.0,0.0,0.0,0.0,0.0,0.0,0.0,0.0,0.0,0.0,0.0,0.0,0.0,0.0,0.0,0.0,0.0,0.0,0.0,0.0,0.0,0.0,0.0,0.0,0.0,0.0,0.0,0.0,0.989189189189,0.0,0.0,0.00540540540541,0.0,0.0,0.0,0.0,0.0,0.0,0.0,0.0978260869565,0.0054347826087,0.010989010989,0.0,0.818681318681,0.00515463917526,0.0155440414508,0.00515463917526,0.00531914893617,0.0
C,0.0,0.0,0.0,0.0,0.0,0.0,0.0,0.0,0.0,0.0,0.0,0.0,0.0,0.0,0.00507614213198,0.0,0.0,0.0,0.0,0.0,0.0,0.0,0.0,0.0,0.0,0.0,0.0,0.0,0.0,0.0,0.0,0.0,0.0,0.00520833333333,0.0,0.00492610837438,0.0,0.0,0.0,0.0,0.00485436893204,0.0,0.00485436893204,0.0,0.0,0.0,0.0,0.989417989418,0.0,0.0,0.0,0.0,0.0,0.0,0.0,0.0,0.0,0.0,0.0,0.0,0.0,0.0,0.0,0.0,0.0054347826087,0.0,0.0,0.0,0.0,0.955223880597,0.0,0.005,0.0,0.0,0.0,0.00956937799043,0.0,0.0143540669856,0.0,0.0,0.0,0.00492610837438,0.00480769230769,0.0,0.0,0.0,0.0,0.0,0.0,0.0,0.0,0.0,0.0,0.0,0.0,0.0,0.0,0.0,0.00492610837438,0.0,0.0,0.0,0.0,0.010101010101,0.0,0.0,0.0,0.0,0.0,0.0,0.0,0.0,0.00510204081633,0.010152284264,0.0,0.0,0.0,0.0104166666667,0.0,0.0,0.0,0.0,0.0,0.0,0.0,0.0,0.0,0.0,0.0,0.0,0.0,0.010152284264,0.0,0.0,0.00502512562814,0.0,0.0,0.0,0.00497512437811,0.0,0.0,0.0,0.0,0.0,0.0,0.0,0.0,0.0,0.00529100529101,0.0,0.0,0.0,0.0,0.0,0.0,0.0,0.0197044334975,0.0,0.0,0.0,0.0,0.00985221674877,0.00990099009901,0.0,0.0295566502463,0.0,0.0,0.0,0.0151515151515,0.0,0.0,0.0,0.0,0.0,0.0,0.0,0.0,0.0,0.010152284264,0.0,0.0203045685279,0.0,0.0,0.0,0.0,0.0,0.0,0.0,0.0,0.0,0.0,0.0,0.0,0.0,0.0,0.0,0.0,0.0,0.0,0.00540540540541,0.0,0.00540540540541,0.0,0.0,0.0,0.0,0.0,0.0,0.0,0.0,0.0,0.0,0.0,0.0,0.0,0.0,0.0,0.0,0.0,0.0,0.0,0.0,0.0,0.0,0.0,0.0,0.00540540540541,0.0,0.0,0.0,0.0,0.0,0.0,0.00515463917526,0.00518134715026,0.0,0.00531914893617,0.0
F,0.00515463917526,0.005,0.0,0.0,0.0,0.0,0.0,0.935960591133,0.0,0.00505050505051,0.0,0.0,0.0,0.0,0.0,0.0,0.0,0.0,0.010152284264,0.0,0.0,0.00507614213198,0.00502512562814,0.0,0.0,0.0,0.97461928934,0.0,0.0,0.00515463917526,0.0,0.0,0.0,0.0,0.0,0.0,0.0,0.0,0.00534759358289,0.0,0.0,0.0,0.00970873786408,0.00485436893204,0.0,0.917098445596,0.0,0.0,0.0,0.0,0.0,0.0,0.0,0.0,0.0,0.0,0.00515463917526,0.0,0.0,0.0,0.0047619047619,0.0190476190476,0.0,0.242105263158,0.0108695652174,0.0418848167539,0.00546448087432,0.00497512437811,0.00497512437811,0.0,0.94,0.0,0.005,0.0,0.0,0.0,0.00956937799043,0.00478468899522,0.0,0.0,0.00492610837438,0.00492610837438,0.903846153846,0.913043478261,0.0,0.0,0.0,0.0151515151515,0.0,0.0,0.0,0.0,0.0,0.00492610837438,0.0049504950495,0.0,0.0,0.0149253731343,0.79802955665,0.954314720812,0.0049504950495,0.0,0.0,0.00505050505051,0.0,0.0,0.0,0.0,0.0,0.0,0.0,0.0,0.0,0.954314720812,0.010101010101,0.0,0.0,0.0,0.0,0.0,0.0,0.0,0.0,0.0,0.0,0.00520833333333,0.0,0.0,0.0,1.0,0.0,0.0,0.0,0.0,0.0,0.0,0.0199004975124,0.0,0.0,0.0,0.0,0.0,0.005,0.02,0.0927835051546,0.0154639175258,0.0,0.0,0.0,0.0,0.0,0.0,0.0152284263959,0.0,0.0,0.0,0.0,0.0,0.00490196078431,0.0,0.00492610837438,0.0,0.0,0.0,0.911330049261,0.0,0.0,0.0,0.0,0.0,0.0,0.0,0.00641025641026,0.0,0.0102040816327,0.0102040816327,0.0,0.0,0.0,0.0,0.0,0.0,0.0,0.0,0.0,0.0,0.0,0.0,0.0,0.0,0.0,0.0,0.0,0.0,0.0,0.0,0.0,0.0,0.0,0.0,0.0,0.00540540540541,0.0,0.0,0.0,0.0,0.0,0.0,0.0,0.0,0.0,0.0,0.0,0.0,0.0,0.0,0.0,0.0,0.0,0.00540540540541,0.00540540540541,0.0,0.989189189189,0.00540540540541,0.0,0.0,0.0,0.0,0.0,0.0,0.0,0.010989010989,0.00549450549451,0.0,0.0518134715026,0.0103092783505,0.0106382978723,0.0
Y,0.0,0.0,0.00505050505051,0.0,0.00523560209424,0.0,0.0,0.0,0.0,0.0,0.0,0.0,0.0,0.0,0.00507614213198,0.0,0.0,0.0,0.0,0.0,0.0,0.0,0.0,0.0,0.00512820512821,0.0,0.0,0.0,0.0,0.0,0.0,0.0,0.0,0.0,0.0,0.0,0.0,0.0,0.919786096257,0.00970873786408,0.0,0.00485436893204,0.0,0.0,0.0,0.0,0.0,0.0,0.0,0.0,0.0,0.0,0.0,0.0,0.0,0.00523560209424,0.0,0.0,0.0,0.0,0.0,0.0142857142857,0.005,0.0,0.0,0.670157068063,0.00546448087432,0.0,0.0,0.00497512437811,0.0,0.0,0.0,0.935323383085,0.0,0.0,0.00478468899522,0.00478468899522,0.0,0.0,0.0,0.0,0.0288461538462,0.0289855072464,0.00970873786408,0.0,0.0,0.0,0.0,0.00487804878049,0.0,0.917073170732,0.0,0.0,0.0,0.0,0.0,0.0,0.0,0.0253807106599,0.0,0.0,0.0148514851485,0.0,0.00505050505051,0.969543147208,0.00507614213198,0.0,0.0,0.0,0.0,0.0,0.0,0.0,0.0,0.0,0.0,0.0,0.0,0.0,0.0,0.0,0.0,0.0,0.0,0.0,0.00520833333333,0.0,0.0,0.0,0.0,0.0,0.0,0.0,0.0,0.0,0.0,0.0,0.0,0.0,0.0,0.0,0.985,0.0,0.860824742268,0.0257731958763,0.0,0.0,0.0,0.0,0.984126984127,0.0,0.0,0.0,0.0,0.0,0.00985221674877,0.0,0.0,0.0,0.0,0.0,0.0,0.00492610837438,0.0,0.0,0.0,0.0,0.0,0.0,0.0,0.0,0.025641025641,0.0,0.00510204081633,0.0,0.0,0.0,0.0,0.0,0.0,0.928934010152,0.0,0.0,0.0,0.0,0.0,0.0,0.0,0.0,0.0,0.0,0.0,0.0,0.0,0.0,0.0,0.0,0.0,0.983783783784,0.0,0.0,0.173913043478,0.0,0.0,0.0,0.0,0.0,0.0,0.0,0.0,0.0,0.0,0.0,0.0,0.0,0.0,0.0,0.0,0.0108108108108,0.0,0.0,0.0,0.0,0.0,0.0,0.0,0.0,0.0,0.0,0.0,0.00549450549451,0.0164835164835,0.0154639175258,0.0,0.00515463917526,0.781914893617,0.0
W,0.0,0.0,0.0,0.0,0.0,0.0,0.0,0.0,0.0,0.0,0.0,0.0,0.0,0.0,0.0,0.0,0.0,0.0,0.0,0.0,0.0,0.0,0.0,0.0,0.0,0.0,0.0,0.0,0.0,0.0,0.0,0.0,0.0,0.0,0.0,0.0,0.0,0.0,0.0,0.0,0.0,0.0,0.0,0.0,0.0,0.0,0.0,0.0,0.0,0.0,0.0,0.0,0.0,0.0,0.0,0.0,0.974226804124,0.0047619047619,0.0,0.0,0.0,0.00952380952381,0.0,0.0,0.0,0.198952879581,0.0,0.00497512437811,0.0,0.0,0.0,0.0,0.0,0.0,0.0,0.0,0.0,0.0,0.0,0.0,0.0,0.00985221674877,0.0,0.0,0.0,0.0,0.0,0.0,0.0,0.0,0.0,0.0,0.0,0.00985221674877,0.0,0.0,0.0,0.0,0.0,0.0,0.0,0.0,0.0,0.010101010101,0.0,0.0,0.0,0.0,0.0,0.00529100529101,0.0,0.0,0.0,0.0,0.0,0.0,0.00505050505051,0.0,0.0,0.0,0.0,0.00520833333333,0.0,0.0,0.0,0.0,0.0,0.0,0.0,0.0,0.0,0.0,0.0,0.0,0.0,0.0,0.0,0.0,0.0,0.0,0.0,0.0,0.01,0.0,0.0,0.0,0.0,0.0,0.0,0.0,0.0,0.0,0.00507614213198,0.0,0.0,0.0,0.0,0.0,0.0147058823529,0.0,0.0,0.0,0.0,0.0147783251232,0.0,0.0,0.0,0.0,0.0,0.0,0.0,0.0,0.0,0.0,0.0,0.0,0.0,0.0,0.0152284263959,0.0,0.0,0.0,0.0,0.0,0.0,0.0,0.0,0.0,0.0,0.0,0.0,0.0,0.0,0.0,0.0,0.0,0.0,0.0,0.0,0.0,0.0,0.0,0.0,0.0,0.0,0.0,0.0,0.0,0.0,0.0,0.0,0.0,0.0,0.0,0.0,0.0,0.0,0.0,0.0,0.0,0.0,0.0,0.0,0.0,0.0,0.0,0.0,0.0,0.0,0.0054347826087,0.010989010989,0.0,0.0,0.0,0.00518134715026,0.0,0.0,0.0
H,0.0,0.0,0.0,0.0,0.0,0.0,0.0,0.0,0.0,0.0,0.0,0.0,0.0,0.0,0.0,0.0,0.0,0.0,0.0,0.0,0.0,0.0,0.00502512562814,0.0,0.953846153846,0.0,0.0,0.0,0.0,0.0,0.0,0.0,0.0,0.0,0.0,0.0,0.0,0.0,0.0,0.0,0.0,0.00485436893204,0.00970873786408,0.00485436893204,0.00518134715026,0.00518134715026,0.00529100529101,0.0,0.0,0.0,0.0,0.0,0.0,0.0,0.0,0.0,0.00515463917526,0.0,0.0142857142857,0.0,0.0,0.0,0.0,0.0,0.0,0.0,0.0,0.0,0.00995024875622,0.0,0.0,0.0,0.0,0.0,0.0,0.0,0.913875598086,0.0,0.0,0.0,0.945812807882,0.0,0.00480769230769,0.0,0.0,0.0,0.0,0.0,0.0,0.0,0.0,0.0,0.0,0.0,0.0049504950495,0.0,0.0,0.0,0.0,0.0,0.0,0.00497512437811,0.0,0.0,0.0,0.0,0.0,0.0,0.0,0.0,0.0,0.0,0.0,0.0,0.0,0.0,0.0,0.0,0.0,0.0,0.0,0.0,0.0,0.0,0.0,0.0,0.0,0.0,0.0,0.0,0.0,0.0,0.0,0.0,0.0,0.0,0.00995024875622,0.0,0.925373134328,0.0,0.0,0.015,0.0,0.005,0.0,0.0,0.0153846153846,0.931216931217,0.0,0.0,0.0,0.0,0.0,0.0,0.0,0.0,0.0,0.00492610837438,0.0,0.0,0.00985221674877,0.0,0.0,0.0837438423645,0.00492610837438,0.00487804878049,0.0,0.00505050505051,0.919191919192,0.0,0.00505050505051,0.005,0.0,0.0,0.0,0.0,0.0,0.0,0.0,0.0,0.934010152284,0.0,0.00492610837438,0.0,0.0,0.0,0.0,0.0,0.0,0.0,0.00540540540541,0.0,0.0,0.0,0.0,0.0,0.0,0.0,0.989189189189,0.0,0.0,0.0,0.0054347826087,0.0,0.0,0.0,0.0,0.0,0.00540540540541,0.0,0.0,0.0,0.0,0.0,0.0,0.0,0.994594594595,0.0,0.0,0.00540540540541,0.0,0.0,0.00540540540541,0.0,0.0,0.0,0.0,0.0,0.0,0.0652173913043,0.274725274725,0.00549450549451,0.010989010989,0.00515463917526,0.020725388601,0.00515463917526,0.00531914893617,0.00529100529101
K,0.0154639175258,0.005,0.944444444444,0.0,0.0,0.00529100529101,0.0,0.0,0.010152284264,0.0,0.0151515151515,0.0,0.00505050505051,0.0,0.0,0.0,0.0,0.0,0.0,0.015,0.02,0.0,0.0,0.0,0.00512820512821,0.907692307692,0.0,0.0,0.0,0.00515463917526,0.0,0.0,0.0,0.0,0.00505050505051,0.0,0.0,0.0,0.0,0.0,0.912621359223,0.00485436893204,0.00485436893204,0.00970873786408,0.974093264249,0.0,0.0,0.0,0.0,0.0,0.0,0.994764397906,0.0,0.0,0.0,0.0,0.00515463917526,0.0,0.0142857142857,0.0,0.00952380952381,0.0047619047619,0.005,0.0,0.0054347826087,0.0,0.0,0.00497512437811,0.0348258706468,0.0,0.0,0.01,0.01,0.00497512437811,0.00478468899522,0.00956937799043,0.0,0.0,0.923076923077,0.00485436893204,0.0,0.0,0.00480769230769,0.0,0.917475728155,0.0,0.0,0.0,0.0205128205128,0.0,0.0,0.0146341463415,0.0,0.0,0.0049504950495,0.0,0.00995024875622,0.0,0.0,0.0,0.910891089109,0.0,0.0049504950495,0.0151515151515,0.0151515151515,0.0,0.954314720812,0.010152284264,0.0,0.0,0.0,0.0,0.979591836735,0.0,0.0,0.0,0.0151515151515,0.0,0.0104166666667,0.0,0.0,0.0,0.0,0.0,0.00520833333333,0.973958333333,0.00520833333333,0.0,0.0,0.0,0.994736842105,0.0,0.0,0.0,0.0,0.0,0.0,0.0298507462687,0.0,0.940298507463,0.005,0.015,0.0,0.0,0.0,0.0,0.0,0.00529100529101,0.015873015873,0.0,0.0,0.0,0.00507614213198,0.0,0.0,0.906862745098,0.0,0.896551724138,0.0,0.0146341463415,0.0,0.906403940887,0.0148514851485,0.0,0.00985221674877,0.878048780488,0.0,0.020202020202,0.0,0.020202020202,0.010101010101,0.01,0.0,0.0,0.0,0.0,0.0,0.0,0.0,0.00507614213198,0.0152284263959,0.0,0.00492610837438,0.0,0.0,0.0,0.0,0.0,0.0,0.0,0.0,0.0,0.0,0.0,0.0,0.0,0.0,0.0,0.0,0.0,0.0,0.0,0.0,0.0,0.0,0.0918918918919,0.0,0.0,0.989189189189,0.0,0.0,0.0,0.0,0.983783783784,0.0,0.0,0.0,0.0,0.0,0.0,0.00540540540541,0.0,0.0,0.0,0.0,0.0,0.00540540540541,0.0,0.0,0.0054347826087,0.021978021978,0.00549450549451,0.00549450549451,0.020618556701,0.0103626943005,0.0154639175258,0.0212765957447,0.772486772487
R,0.020618556701,0.01,0.030303030303,0.0,0.0,0.010582010582,0.0,0.0,0.0253807106599,0.0,0.0,0.0,0.0,0.0,0.0,0.0,0.010152284264,0.0,0.0,0.0,0.005,0.010152284264,0.0,0.0,0.0153846153846,0.0717948717949,0.0,0.0,0.0,0.0721649484536,0.0,0.0,0.00515463917526,0.0,0.0,0.0,0.0,0.0,0.0,0.0,0.0,0.00485436893204,0.0,0.00485436893204,0.0,0.0,0.0,0.0,0.0,0.0,0.0,0.0,0.00523560209424,0.0,0.0,0.0,0.0,0.0047619047619,0.0,0.0047619047619,0.0047619047619,0.0,0.0,0.0,0.0,0.0,0.0,0.00497512437811,0.0149253731343,0.0,0.0,0.0,0.94,0.0,0.0143540669856,0.00478468899522,0.0143540669856,0.00478468899522,0.00961538461538,0.135922330097,0.00492610837438,0.0,0.0,0.0048309178744,0.00970873786408,0.0,0.0,0.0,0.0,0.0,0.0,0.0,0.0,0.0,0.0,0.94,0.0199004975124,0.0,0.0,0.0,0.0,0.0,0.00990099009901,0.0,0.0,0.0,0.0,0.00507614213198,1.0,0.0,0.0,0.0,0.0,0.0,0.0,0.0,0.0,0.0,0.0,0.0,0.00520833333333,0.979166666667,0.0,0.0,0.0,0.0,0.0,0.0,0.0,0.0,0.0,0.0,0.0,0.0,0.0,0.00995024875622,0.0,0.00497512437811,0.0,0.0,0.005,0.0,0.0,0.0,0.0,0.0,0.00512820512821,0.0,0.0,0.0,0.0,0.0,0.0,0.0,0.025,0.0147058823529,0.00492610837438,0.00492610837438,0.0,0.0146341463415,0.0,0.0246305418719,0.00990099009901,0.0394088669951,0.0,0.0,0.0,0.914141414141,0.00505050505051,0.00505050505051,0.0,0.015,0.0,0.00641025641026,0.00510204081633,0.00510204081633,0.0,0.0,0.00507614213198,0.00507614213198,0.00507614213198,0.0,0.0295566502463,0.00540540540541,0.00540540540541,0.00540540540541,0.0,0.0,0.0,0.0,0.0,0.0,0.0,0.00540540540541,0.0,0.0,0.00540540540541,0.00540540540541,0.0,0.0,0.00540540540541,0.0,0.0,0.0,0.0,0.0,0.00540540540541,0.0,0.0,0.0,0.0,0.00540540540541,0.0108108108108,0.0108108108108,0.994594594595,0.0,0.0,0.0,0.00540540540541,0.0,0.0,0.00540540540541,0.0,0.0,0.0,0.0,0.0,0.0978260869565,0.0,0.0,0.00549450549451,0.0,0.010989010989,0.0257731958763,0.00518134715026,0.00515463917526,0.0,0.031746031746
Q,0.00515463917526,0.0,0.0,0.0,0.0,0.0,0.0,0.0,0.0,0.0,0.0,0.0,0.0,0.0,0.0,0.0,0.00507614213198,0.0,0.010152284264,0.0,0.0,0.0,0.0,0.0153846153846,0.00512820512821,0.0,0.0,0.0,0.0,0.0,0.0,0.0,0.0,0.0,0.0,0.0,0.0,0.0,0.0,0.0,0.00485436893204,0.0,0.0,0.0,0.0,0.0,0.0,0.0,0.0,0.0,0.0,0.0,0.0,0.0,0.0,0.0,0.0,0.0047619047619,0.0,0.0,0.0,0.0,0.0,0.0,0.0,0.0,0.0,0.0,0.885572139303,0.0,0.0,0.005,0.0,0.00497512437811,0.0,0.00478468899522,0.0,0.0,0.00480769230769,0.776699029126,0.0,0.0,0.0,0.00966183574879,0.00485436893204,0.0,0.0,0.0,0.0,0.0,0.0,0.00975609756098,0.0,0.92118226601,0.0049504950495,0.01,0.0,0.0,0.0,0.0,0.0148514851485,0.0,0.0049504950495,0.0,0.0,0.0,0.0,0.0,0.0,0.0,0.0,0.0,0.0,0.00507614213198,0.0,0.0,0.0,0.0,0.0,0.0,0.0,0.0,0.0,0.0,0.0,0.00520833333333,0.0,0.00529100529101,0.0,0.0,0.0,0.00507614213198,0.0,0.0152284263959,0.0,0.00497512437811,0.0,0.0,0.0,0.0,0.0,0.0,0.0,0.0,0.0,0.0,0.0,0.0,0.00529100529101,0.0,0.0,0.0,0.0,0.0,0.005,0.00980392156863,0.886699507389,0.00492610837438,0.0147058823529,0.00487804878049,0.0,0.0295566502463,0.0049504950495,0.00492610837438,0.0,0.0,0.00487804878049,0.0,0.0,0.010101010101,0.00505050505051,0.0,0.0,0.00641025641026,0.0,0.0,0.968085106383,0.0,0.0,0.0,0.0,0.0,0.911330049261,0.983783783784,0.0,0.0,0.0,0.0,0.0,0.00540540540541,0.0,0.0,0.0,0.0,0.0,0.0,0.00540540540541,0.0,0.0,0.00540540540541,0.0,0.0,0.0,0.989130434783,0.0,0.0,0.00540540540541,0.00540540540541,0.0,0.0,0.0,0.0,0.0,0.0,0.00540540540541,0.0,0.0,0.0,0.0,0.0,0.0,0.0,0.0,0.0,0.00540540540541,0.0,0.00540540540541,0.0,0.0054347826087,0.0054347826087,0.00549450549451,0.0164835164835,0.00549450549451,0.020618556701,0.0103626943005,0.0154639175258,0.0159574468085,0.015873015873
N,0.0154639175258,0.0,0.00505050505051,0.0,0.0,0.0,0.0,0.0,0.010152284264,0.0,0.010101010101,0.00505050505051,0.0,0.015306122449,0.0,0.0,0.0,0.0,0.0152284263959,0.005,0.005,0.0,0.939698492462,0.0,0.0,0.0,0.00507614213198,0.0,0.0253807106599,0.0,0.0,0.0,0.0,0.0,0.00505050505051,0.0,0.0,0.0,0.0695187165775,0.0,0.00485436893204,0.0,0.00485436893204,0.00485436893204,0.0,0.0,0.0,0.0,0.0,0.0,0.0,0.0,0.0,0.0,0.0,0.0,0.0,0.0,0.0047619047619,0.0047619047619,0.0047619047619,0.0047619047619,0.005,0.0,0.0,0.0,0.00546448087432,0.0,0.0,0.0,0.0,0.01,0.0,0.00497512437811,0.0,0.0,0.00956937799043,0.0,0.0144230769231,0.0,0.00492610837438,0.0,0.00480769230769,0.0,0.00485436893204,0.02,0.0,0.0,0.0,0.0,0.00990099009901,0.0,0.00980392156863,0.0,0.0,0.015,0.0,0.0,0.0,0.00507614213198,0.0,0.0,0.0049504950495,0.00505050505051,0.873737373737,0.0,0.0,0.0,0.0,0.00529100529101,0.0,0.0,0.0,0.0,0.0,0.0,0.0,0.0,0.0,0.0,0.96875,0.0,0.0,0.0,0.0,0.0,0.0,0.0,0.0,0.0,0.0,0.0,0.0,0.010152284264,0.94472361809,0.0,0.00497512437811,0.0,0.00995024875622,0.0,0.0,0.005,0.0,0.93,0.0,0.757731958763,0.0,0.0,0.968253968254,0.0,0.00529100529101,0.0,0.0355329949239,0.0,0.0,0.0245098039216,0.0,0.0246305418719,0.897058823529,0.00487804878049,0.0,0.0,0.0049504950495,0.837438423645,0.0,0.00975609756098,0.00975609756098,0.0151515151515,0.0,0.934343434343,0.0,0.005,0.0,0.0,0.0,0.0102040816327,0.0,0.00510204081633,0.0,0.0,0.0,0.0,0.0,0.0,0.989189189189,0.0,0.0,0.0,0.0,0.0,0.0,0.0,0.0,0.0108108108108,0.0,0.0,0.0,0.989189189189,0.0,0.0,0.0,0.0,0.0,0.0,0.0054347826087,0.0108108108108,0.0,0.0,0.0,0.0,0.0,0.989189189189,0.0,0.0,0.0,0.0,0.0,0.0,0.00540540540541,0.0,0.0,0.0,0.0,0.0,0.0,0.00540540540541,0.0,0.0,0.0,0.0054347826087,0.0,0.00549450549451,0.00549450549451,0.00515463917526,0.0,0.0257731958763,0.00531914893617,0.0
E,0.0,0.01,0.0,0.0151515151515,0.968586387435,0.984126984127,0.0,0.00492610837438,0.0,0.0,0.010101010101,0.010101010101,0.0,0.015306122449,0.0,0.0304568527919,0.984771573604,0.0,0.00507614213198,0.0,0.005,0.0,0.0,0.00512820512821,0.0,0.0,0.0,0.00507614213198,0.00507614213198,0.0,0.00523560209424,0.989528795812,0.0,0.973958333333,0.0,0.00492610837438,0.0,0.0,0.0,0.0,0.0,0.0,0.0194174757282,0.0,0.0,0.0,0.0,0.0,0.0,0.0,0.0,0.0,0.0,0.0,0.0,0.0,0.0,0.0047619047619,0.0,0.0,0.0047619047619,0.00952380952381,0.0,0.0,0.0,0.0,0.0,0.00497512437811,0.00497512437811,0.0298507462687,0.0,0.0,0.01,0.00995024875622,0.00956937799043,0.0382775119617,0.00956937799043,0.00478468899522,0.0,0.0,0.0,0.00492610837438,0.0,0.00966183574879,0.00485436893204,0.02,0.01,0.0,0.0,0.936585365854,0.0148514851485,0.0,0.0,0.0,0.950495049505,0.005,0.0248756218905,0.0,0.00492610837438,0.0,0.0148514851485,0.00497512437811,0.0148514851485,0.0,0.0,0.0,0.0152284263959,0.00507614213198,0.0,0.0,0.984126984127,0.0,0.0,0.0,0.969696969697,0.010101010101,0.0,0.0,0.0,0.0,0.0,0.0,0.0,0.984375,0.0,0.0,0.0,0.0,0.0,0.0,0.0,0.954314720812,0.0253807106599,0.00507614213198,0.0251256281407,0.00995024875622,0.0,0.0,0.00995024875622,0.00497512437811,0.0,0.94,0.0,0.0,0.0,0.0,0.0,0.0,0.0,0.0,0.0,0.0,0.0,0.0,0.0,0.0,0.0,0.0197044334975,0.0245098039216,0.0292682926829,0.00492610837438,0.0,0.0247524752475,0.0,0.0,0.00487804878049,0.00487804878049,0.0252525252525,0.0,0.0,0.0151515151515,0.915,0.00641025641026,0.0,0.0255102040816,0.00510204081633,0.0,0.0102040816327,0.010152284264,0.00507614213198,0.0,0.00507614213198,0.0,0.0,0.0,0.0,0.0,0.0,0.00537634408602,0.00540540540541,0.0,0.00540540540541,0.0,0.0,0.0,0.00540540540541,0.0,0.0,0.0,0.0,0.0,0.00540540540541,0.0,0.0,0.0,0.0,0.0,0.0,0.0,0.0,0.0,0.0,0.989189189189,0.0,0.0,0.0,0.0,0.0,0.0,0.0,0.0,0.983783783784,0.0,0.0,0.0,0.0,0.0,0.0,0.0108695652174,0.0,0.010989010989,0.021978021978,0.0274725274725,0.0154639175258,0.782383419689,0.0257731958763,0.0,0.031746031746
D,0.0,0.0,0.0,0.010101010101,0.0,0.0,0.0,0.0197044334975,0.0,0.0,0.0,0.00505050505051,0.0151515151515,0.00510204081633,0.0,0.0,0.0,0.00507614213198,0.92385786802,0.01,0.95,0.010152284264,0.0,0.0,0.0,0.00512820512821,0.0,0.0152284263959,0.0,0.0,0.0,0.0,0.0,0.0,0.0,0.926108374384,0.0,0.0,0.0,0.0,0.0,0.00485436893204,0.0,0.0,0.0,0.00518134715026,0.0,0.0,0.0,0.0,0.0,0.0,0.0,0.0,0.0,0.0,0.0,0.0190476190476,0.0142857142857,0.0047619047619,0.0047619047619,0.0,0.0,0.0,0.0,0.0,0.0,0.0,0.00995024875622,0.00497512437811,0.0,0.0,0.0,0.00995024875622,0.0191387559809,0.8995215311,0.00956937799043,0.0,0.0,0.0,0.0,0.935960591133,0.0,0.0,0.0,0.0,0.0,0.0,0.0,0.0,0.0,0.0,0.00490196078431,0.0,0.0049504950495,0.0,0.0,0.0,0.00985221674877,0.0,0.0,0.960199004975,0.930693069307,0.0,0.0,0.00507614213198,0.0152284263959,0.0,0.0,0.0,0.0,0.0,0.0,0.00507614213198,0.0,0.00505050505051,0.964646464646,0.0,0.0,0.00520833333333,0.00520833333333,0.0,0.00520833333333,0.0,0.0,0.0,0.0,0.0,0.994708994709,0.0,0.00526315789474,0.0,0.959390862944,0.00507614213198,0.0,0.0,0.0,0.00995024875622,0.0,0.0,0.0,0.0,0.0,0.005,0.0,0.0,0.00512820512821,0.031746031746,0.0,0.0,0.0,0.0,0.0,0.0,0.91,0.00490196078431,0.0,0.0,0.00490196078431,0.00975609756098,0.0,0.0,0.0,0.00492610837438,0.0,0.0,0.0,0.0,0.0,0.00505050505051,0.00505050505051,0.0,0.897435897436,0.0,0.00510204081633,0.0,0.0159574468085,0.0,0.0,0.964467005076,0.0,0.0,0.0147783251232,0.0,0.0,0.0,0.00537634408602,0.0,0.0,0.989189189189,0.00540540540541,0.0,0.0,0.0,0.0,0.0,0.983783783784,0.0,0.0,0.0,0.0,0.0,0.0,0.0,0.0,0.0,0.0,0.0,0.0,0.994565217391,0.0,0.0,0.0,0.0,0.0,0.994594594595,0.0,0.0,0.0,0.0,0.0,0.0,0.0,0.0,0.0,0.0,0.0,0.0,0.0054347826087,0.0,0.0164835164835,0.0,0.021978021978,0.788659793814,0.0,0.0103092783505,0.00531914893617,0.021164021164
S,0.020618556701,0.925,0.0,0.030303030303,0.0104712041885,0.0,0.0,0.0,0.0,0.00505050505051,0.0,0.0151515151515,0.0,0.0,0.0,0.00507614213198,0.0,0.00507614213198,0.0,0.005,0.0,0.0,0.0,0.0102564102564,0.00512820512821,0.00512820512821,0.00507614213198,0.959390862944,0.0,0.90206185567,0.0,0.0,0.0,0.0,0.00505050505051,0.0,0.0,0.0,0.0,0.0,0.0,0.0145631067961,0.00485436893204,0.00970873786408,0.0103626943005,0.0,0.0,0.00529100529101,0.00523560209424,0.00523560209424,0.0,0.0,0.0,0.0,0.0,0.0,0.0,0.0,0.0047619047619,0.0047619047619,0.0,0.0142857142857,0.005,0.0105263157895,0.119565217391,0.0157068062827,0.016393442623,0.0,0.00497512437811,0.0,0.0,0.62,0.0,0.00497512437811,0.00478468899522,0.0143540669856,0.00478468899522,0.00956937799043,0.00961538461538,0.0,0.0147783251232,0.00492610837438,0.00480769230769,0.0048309178744,0.0,0.945,0.005,0.0,0.00512820512821,0.0,0.0049504950495,0.00975609756098,0.00980392156863,0.00492610837438,0.0049504950495,0.025,0.00995024875622,0.0,0.133004926108,0.0,0.0049504950495,0.0,0.0,0.0,0.00505050505051,0.0,0.00507614213198,0.010152284264,0.0,0.0,0.00529100529101,0.0,0.00510204081633,0.0,0.0,0.0,0.010101010101,0.00520833333333,0.0,0.00520833333333,0.0104166666667,0.0,0.0,0.0,0.0,0.0,0.00520833333333,0.0,0.00529100529101,0.0,0.0,0.0253807106599,0.0,0.0,0.0,0.0,0.0,0.0,0.0149253731343,0.0149253731343,0.0,0.01,0.0,0.005,0.0,0.0,0.953846153846,0.0,0.0,0.010582010582,0.0,0.00529100529101,0.0,0.0,0.0,0.0147058823529,0.0,0.00985221674877,0.0,0.0,0.0,0.00492610837438,0.00990099009901,0.0,0.0,0.0,0.00487804878049,0.00505050505051,0.00505050505051,0.010101010101,0.0,0.0,0.0,0.00641025641026,0.836734693878,0.0102040816327,0.0,0.0,0.0,0.0,0.0,0.0,0.00492610837438,0.0,0.0,0.0,0.0,0.00537634408602,0.0,0.0,0.0,0.0,0.0,0.0,0.0,0.0,0.0,0.0,0.00540540540541,0.0,0.0,0.983783783784,0.0,0.0,0.967391304348,0.0,0.0,0.983783783784,0.0,0.0,0.0,0.0,0.0,0.0,0.0,0.00540540540541,0.0,0.00540540540541,0.0,0.0,0.0,0.0,0.0,0.00540540540541,0.0,0.0,0.0,0.0054347826087,0.0,0.0054347826087,0.0164835164835,0.0384615384615,0.0274725274725,0.0103092783505,0.0103626943005,0.0154639175258,0.0265957446809,0.015873015873
T,0.0,0.03,0.0,0.0,0.0,0.0,0.0,0.0,0.944162436548,0.0,0.010101010101,0.0,0.0,0.0,0.010152284264,0.0,0.0,0.0,0.010152284264,0.0,0.0,0.0,0.0150753768844,0.0,0.0102564102564,0.0,0.0,0.0,0.0,0.0,0.0,0.0,0.0,0.0,0.0,0.0147783251232,0.0,1.0,0.0,0.0,0.00970873786408,0.00970873786408,0.898058252427,0.00485436893204,0.0,0.00518134715026,0.0,0.0,0.984293193717,0.989528795812,0.0,0.0,0.0,0.0,0.0,0.0,0.00515463917526,0.0,0.904761904762,0.0142857142857,0.0,0.904761904762,0.935,0.00526315789474,0.603260869565,0.00523560209424,0.0,0.0,0.0,0.0,0.005,0.005,0.005,0.00995024875622,0.0191387559809,0.0143540669856,0.00478468899522,0.0,0.0144230769231,0.0242718446602,0.0,0.00985221674877,0.00480769230769,0.0,0.0,0.0,0.005,0.0,0.0,0.00487804878049,0.0,0.0146341463415,0.00980392156863,0.0,0.0049504950495,0.0,0.930348258706,0.00995024875622,0.00492610837438,0.0,0.00990099009901,0.0,0.0,0.0,0.0555555555556,0.0,0.0,0.94923857868,0.0,0.0,0.0,0.0,0.0,0.0,0.0,0.00505050505051,0.0,0.979166666667,0.00520833333333,0.0,0.0,0.0,0.00520833333333,0.0,0.00520833333333,0.0104166666667,0.0,0.021164021164,0.0,0.0,0.0,0.00507614213198,0.0152284263959,0.0,0.0,0.0,0.0,0.0,0.0,0.0149253731343,0.01,0.0,0.0,0.0,0.0,0.00515463917526,0.0,0.010582010582,0.00529100529101,0.0,0.0,0.0,0.41116751269,0.0203045685279,0.02,0.00490196078431,0.0,0.00492610837438,0.00980392156863,0.00975609756098,0.00492610837438,0.0,0.0,0.0,0.00492610837438,0.019512195122,0.0341463414634,0.0,0.0252525252525,0.0,0.0,0.005,0.0192307692308,0.0128205128205,0.0,0.0,0.0,0.0,0.0,0.0,0.00507614213198,0.0203045685279,0.00985221674877,0.00540540540541,0.0,0.983783783784,0.0,0.0,0.0,0.0,0.0,0.0,0.0,0.0,0.0,0.0,0.0,0.0,0.0,0.0,0.0,0.0,0.820652173913,0.0054347826087,0.0217391304348,0.0108108108108,0.0,0.00540540540541,0.0,0.0,0.0,0.0,0.0,0.00540540540541,0.0,0.0,0.0,0.0,0.0,0.0,0.0,0.00540540540541,0.0,0.0,0.989189189189,0.0,0.0,0.0,0.0,0.847826086957,0.010989010989,0.0,0.00549450549451,0.020618556701,0.00518134715026,0.0257731958763,0.00531914893617,0.015873015873
-,0.652951699463,0.642218246869,0.645796064401,0.645796064401,0.65831842576,0.661896243292,0.661896243292,0.636851520572,0.647584973166,0.645796064401,0.645796064401,0.645796064401,0.645796064401,0.649373881932,0.647584973166,0.647584973166,0.647584973166,0.647584973166,0.647584973166,0.642218246869,0.642218246869,0.647584973166,0.644007155635,0.651162790698,0.651162790698,0.651162790698,0.647584973166,0.647584973166,0.647584973166,0.652951699463,0.65831842576,0.65831842576,0.652951699463,0.656529516995,0.645796064401,0.636851520572,0.665474060823,0.665474060823,0.665474060823,0.631484794275,0.631484794275,0.631484794275,0.631484794275,0.631484794275,0.654740608229,0.654740608229,0.661896243292,0.661896243292,0.65831842576,0.65831842576,0.65831842576,0.65831842576,0.65831842576,0.65831842576,0.65831842576,0.65831842576,0.652951699463,0.624329159213,0.624329159213,0.624329159213,0.624329159213,0.624329159213,0.642218246869,0.660107334526,0.667262969589,0.65831842576,0.644007155635,0.640429338104,0.640429338104,0.640429338104,0.642218246869,0.642218246869,0.642218246869,0.640429338104,0.626118067979,0.626118067979,0.626118067979,0.626118067979,0.627906976744,0.631484794275,0.636851520572,0.636851520572,0.627906976744,0.62969588551,0.631484794275,0.642218246869,0.642218246869,0.645796064401,0.651162790698,0.633273703041,0.638640429338,0.633273703041,0.635062611807,0.636851520572,0.638640429338,0.642218246869,0.640429338104,0.640429338104,0.636851520572,0.647584973166,0.638640429338,0.640429338104,0.638640429338,0.645796064401,0.645796064401,0.647584973166,0.647584973166,0.647584973166,0.661896243292,0.661896243292,0.661896243292,0.661896243292,0.649373881932,0.647584973166,0.645796064401,0.645796064401,0.645796064401,0.656529516995,0.656529516995,0.656529516995,0.656529516995,0.656529516995,0.656529516995,0.656529516995,0.656529516995,0.656529516995,0.656529516995,0.661896243292,0.661896243292,0.661896243292,0.660107334526,0.647584973166,0.647584973166,0.647584973166,0.644007155635,0.640429338104,0.640429338104,0.640429338104,0.640429338104,0.640429338104,0.642218246869,0.642218246869,0.642218246869,0.642218246869,0.652951699463,0.652951699463,0.651162790698,0.661896243292,0.661896243292,0.661896243292,0.661896243292,0.661896243292,0.647584973166,0.647584973166,0.642218246869,0.635062611807,0.636851520572,0.636851520572,0.635062611807,0.633273703041,0.636851520572,0.636851520572,0.638640429338,0.636851520572,0.636851520572,0.633273703041,0.633273703041,0.645796064401,0.645796064401,0.645796064401,0.645796064401,0.642218246869,0.720930232558,0.720930232558,0.649373881932,0.649373881932,0.663685152057,0.649373881932,0.647584973166,0.647584973166,0.647584973166,0.647584973166,0.636851520572,0.669051878354,0.669051878354,0.669051878354,0.667262969589,0.667262969589,0.667262969589,0.669051878354,0.669051878354,0.669051878354,0.669051878354,0.669051878354,0.669051878354,0.669051878354,0.669051878354,0.669051878354,0.669051878354,0.669051878354,0.669051878354,0.669051878354,0.67084078712,0.67084078712,0.67084078712,0.669051878354,0.669051878354,0.669051878354,0.669051878354,0.67084078712,0.67084078712,0.669051878354,0.669051878354,0.669051878354,0.669051878354,0.669051878354,0.669051878354,0.669051878354,0.669051878354,0.669051878354,0.669051878354,0.669051878354,0.669051878354,0.669051878354,0.669051878354,0.669051878354,0.669051878354,0.67084078712,0.67084078712,0.67084078712,0.674418604651,0.674418604651,0.674418604651,0.652951699463,0.654740608229,0.652951699463,0.661896243292,0.661896243292
other,0.0,0.0,0.0,0.0,0.0,0.0,0.0,0.0,0.0,0.0,0.0,0.0,0.0,0.0,0.0,0.0,0.0,0.0,0.0,0.0,0.0,0.0,0.0,0.0,0.0,0.0,0.0,0.0,0.0,0.0,0.0,0.0,0.0,0.0,0.0,0.0,0.0,0.0,0.0,0.0,0.0,0.0,0.0,0.0,0.0,0.0,0.0,0.0,0.0,0.0,0.0,0.0,0.0,0.0,0.0,0.0,0.0,0.0,0.0,0.0,0.0,0.0,0.0,0.0,0.00357781753131,0.0,0.0286225402504,0.0,0.0,0.0,0.0,0.0,0.0,0.0,0.0,0.0,0.0,0.0,0.0,0.0,0.0,0.0,0.0,0.0,0.0,0.0,0.0,0.0,0.0,0.0,0.0,0.0,0.0,0.0,0.0,0.0,0.0,0.0,0.0,0.0,0.0,0.0,0.0,0.0,0.0,0.0,0.0,0.0,0.0,0.0,0.0,0.0,0.0,0.0,0.0,0.0,0.0,0.0,0.0,0.0,0.0,0.0,0.0,0.0,0.0,0.0,0.0,0.0,0.0,0.0,0.0,0.0,0.0,0.0,0.0,0.0,0.0,0.0,0.0,0.0,0.0,0.0,0.0,0.0,0.0,0.0,0.0,0.0,0.0,0.0,0.0,0.0,0.0,0.0,0.0,0.0,0.0,0.0,0.0,0.0,0.0,0.0,0.0,0.0,0.0,0.0,0.0,0.0,0.0,0.0,0.0,0.0,0.0,0.0,0.0,0.0,0.0,0.0,0.0,0.0,0.0,0.0,0.0,0.0,0.0,0.0,0.0,0.0,0.0,0.0,0.0,0.0,0.0,0.0,0.0,0.0,0.0,0.0,0.0,0.0,0.0,0.0,0.0,0.0,0.0,0.0,0.0,0.0,0.0,0.0,0.0,0.0,0.0,0.0,0.0,0.0,0.0,0.0,0.0,0.0,0.0,0.0,0.0,0.0,0.0,0.0,0.0,0.0,0.0,0.0,0.0,0.0,0.0,0.0,0.0,0.0,0.00178890876565,0.0
