G,0.0960451977401,0.0520722635494,0.0703043022036,0.0653658536585,0.00778210116732,0.0,0.0,0.0,0.0,0.000971817298348,0.0,0.939747327502,0.14854368932,0.331067961165,0.0572259941804,0.978723404255,0.101547388781,0.00193423597679,0.000965250965251,0.000965250965251,0.00192864030858,0.0,0.000965250965251,0.0,0.00193236714976,0.00289855072464,0.000966183574879,0.000965250965251,0.0161127895267,0.136363636364,0.970873786408,0.0,0.00388349514563,0.000970873786408,0.000972762645914,0.00291828793774,0.0,0.0,0.0,0.114230396902,0.323330106486,0.00872093023256,0.980582524272,0.00970873786408,0.000971817298348,0.00679611650485,0.0254403131115,0.00625978090767,0.00876338851022,0.0159362549801,0.025267249757,0.00103626943005,0.0242483026188,0.00773694390716,0.0,0.00386847195358,0.00290135396518,0.0,0.000966183574879,0.0125482625483,0.0,0.0,0.00385728061716,0.0115606936416,0.000962463907603,0.0,0.0220941402498,0.0410509031199,0.0,0.104417670683,0.0795107033639,0.0518518518519,0.0249280920422,0.00317124735729,0.0,0.00190294957184,0.00190657769304,0.00286259541985,0.879425837321,0.0,0.00956937799043,0.00764087870105,0.949427480916,0.990448901624,0.019120458891,0.0353053435115,0.0,0.0248091603053,0.00286259541985,0.00477099236641,0.00190657769304,0.000952380952381,0.0,0.00190114068441,0.0209523809524,0.0204498977505,0.0,0.000956022944551,0.00671140939597,0.00765550239234,0.0897803247373,0.0,0.0,0.0,0.0191754554171,0.025886864813,0.00959692898273,0.000959692898273,0.00095785440613,0.17990430622,0.00574712643678,0.395773294909,0.00578034682081,0.00384245917387,0.00676982591876,0.046511627907,0.00531208499336,0.00160256410256,0.00390243902439,0.0166666666667,0.0129310344828,0.0,0.0533333333333,0.0796812749004,0.0393258426966,0.0975609756098,0.0813953488372,0.0214105793451,0.0796670630202,0.0601307189542,0.012987012987,0.0988636363636,0.0497630331754,0.00700116686114,0.00173310225303,0.00135501355014,0.115254237288,0.00348837209302,0.239907727797,0.78078817734,0.0180995475113,0.0183823529412,0.0510440835267,0.13731825525,0.0497297297297,0.0205183585313,0.0314083080041,0.0771573604061,0.00611620795107,0.0010152284264,0.00708502024291,0.562184024267,0.00205761316872,0.0111448834853,0.00609137055838,0.00202224469161,0.00405679513185,0.0561797752809,0.0140845070423,0.00603015075377,0.00201005025126,0.0130653266332,0.00603015075377,0.00201005025126,0.00603015075377,0.00498007968127,0.00890207715134,0.00800915331808,0.00227272727273,0.00341296928328,0.00227790432802,0.109464082098,0.0119680851064,0.00115074798619,0.00400534045394,0.0147058823529,0.00162866449511,0.0,0.259141494436,0.0353130016051,0.00333889816361,0.0,0.0393258426966,0.0399274047187,0.013671875,0.00230414746544,0.027027027027,0.0297723292469,0.113981762918,0.0335365853659,0.0100166944908,0.0093896713615,0.00302114803625,0.00827814569536,0.0536013400335,0.313232830821,0.00499001996008,0.837810945274,0.00792864222002,0.0337301587302,0.00297914597815,0.000993048659384,0.00399201596806,0.002,0.0,0.00601805416249,0.0180360721443,0.0953815261044,0.0290872617854,0.00200601805416,0.0100502512563,0.0748987854251,0.0,0.00818833162743,0.00747863247863,0.0381909547739,0.00201005025126,0.00200803212851,0.00401203610832,0.00502512562814,0.0010060362173,0.00100401606426,0.0160804020101,0.0121334681496,0.0141557128413,0.108333333333,0.0111248454883,0.00469483568075,0.0588235294118,0.00604229607251,0.00402819738167,0.0250836120401,0.00310559006211,0.0114822546973,0.650240384615,0.0293225480283,0.0546006066734,0.0,0.0,0.00709939148073,0.0010152284264,0.0030518819939,0.00203458799593,0.0030518819939,0.00305810397554,0.00817160367722,0.0122324159021,0.00203873598369,0.00731707317073,0.0869120654397,0.0030612244898,0.00101936799185,0.00921187308086,0.0173824130879,0.0030612244898,0.0278925619835,0.0222222222222,0.008537886873,0.0114810562572,0.058432934927,0.0694006309148
P,0.0497175141243,0.03825717322,0.0356768100735,0.0370731707317,0.0311284046693,0.000970873786408,0.0,0.0,0.00193986420951,0.0,0.00581959262852,0.0,0.00679611650485,0.0,0.000969932104753,0.000967117988395,0.00193423597679,0.0,0.0,0.0,0.000964320154291,0.0,0.0,0.0,0.297584541063,0.00386473429952,0.0,0.000965250965251,0.00100704934542,0.0,0.0,0.0,0.000970873786408,0.0553398058252,0.000972762645914,0.0145914396887,0.0708737864078,0.0,0.000968054211036,0.0677637947725,0.0,0.0,0.0,0.00194174757282,0.0,0.357281553398,0.000978473581213,0.0688575899844,0.0905550146056,0.00531208499336,0.0019436345967,0.00103626943005,0.094083414161,0.0,0.00386473429952,0.00676982591876,0.0,0.0,0.000966183574879,0.0,0.927606177606,0.000964320154291,0.000964320154291,0.0,0.0,0.0,0.0028818443804,0.0,0.0019550342131,0.706827309237,0.363914373089,0.0907407407407,0.00287631831256,0.0412262156448,0.000951474785918,0.0,0.00095328884652,0.000954198473282,0.000956937799043,0.000958772770853,0.000956937799043,0.00191021967526,0.000954198473282,0.000955109837631,0.00764818355641,0.0543893129771,0.0,0.00190839694656,0.0,0.0,0.00095328884652,0.0,0.0,0.00190114068441,0.84,0.00204498977505,0.0,0.0,0.000958772770853,0.0,0.000955109837631,0.0,0.0,0.00095785440613,0.00287631831256,0.000958772770853,0.00287907869482,0.00383877159309,0.630268199234,0.0392344497608,0.225095785441,0.00192122958694,0.00481695568401,0.177713736792,0.356866537718,0.0290697674419,0.0212483399734,0.0176282051282,0.00585365853659,0.0078431372549,0.0129310344828,0.0,0.0,0.0239043824701,0.00561797752809,0.0,0.31007751938,0.0982367758186,0.0321046373365,0.0470588235294,0.00779220779221,0.0136363636364,0.0142180094787,0.0105017502917,0.0,0.0,0.00338983050847,0.109302325581,0.00346020761246,0.00862068965517,0.182503770739,0.283088235294,0.0580046403712,0.0258481421648,0.0778378378378,0.561555075594,0.0172239108409,0.0111675126904,0.0,0.00304568527919,0.0151821862348,0.0121334681496,0.550411522634,0.00405268490375,0.0010152284264,0.0,0.0141987829615,0.00715015321757,0.0010060362173,0.00301507537688,0.0,0.0190954773869,0.00100502512563,0.0,0.733668341709,0.263944223108,0.000989119683482,0.00228832951945,0.00340909090909,0.00341296928328,0.00113895216401,0.00114025085519,0.00664893617021,0.00460299194476,0.0,0.00490196078431,0.0,0.576119402985,0.0810810810811,0.16051364366,0.0233722871452,0.00635930047695,0.0411985018727,0.010889292196,0.00390625,0.0138248847926,0.014553014553,0.00700525394046,0.00759878419453,0.0411585365854,0.0634390651085,0.00156494522692,0.0,0.00827814569536,0.00167504187605,0.0,0.0,0.00199004975124,0.001982160555,0.0,0.277060575968,0.000993048659384,0.000998003992016,0.0,0.00100200400802,0.00100300902708,0.00200400801603,0.0331325301205,0.0,0.00100300902708,0.00201005025126,0.00101214574899,0.0,0.351074718526,0.224358974359,0.0170854271357,0.0,0.00100401606426,0.0,0.0,0.0,0.0,0.00201005025126,0.00202224469161,0.0,0.758333333333,0.114956736712,0.00469483568075,0.00405679513185,0.0,0.00100704934542,0.0,0.0,0.0396659707724,0.0,0.0,0.0010111223458,0.0,0.0,0.496957403651,0.0010152284264,0.0,0.0,0.00101729399797,0.924566768603,0.00408580183861,0.00713557594292,0.0,0.00243902439024,0.00204498977505,0.0,0.0,0.00307062436029,0.0,0.0,0.00206611570248,0.0010582010582,0.008537886873,0.105625717566,0.0531208499336,0.0851735015773
A,0.064406779661,0.0541976620616,0.0713536201469,0.0234146341463,0.0642023346304,0.00388349514563,0.000970873786408,0.0019436345967,0.00387972841901,0.00388726919339,0.00193986420951,0.00971817298348,0.412621359223,0.00776699029126,0.00290979631426,0.00676982591876,0.839458413926,0.0,0.019305019305,0.0,0.00192864030858,0.00289575289575,0.00675675675676,0.206563706564,0.220289855072,0.0492753623188,0.000966183574879,0.00579150579151,0.2416918429,0.818181818182,0.00388349514563,0.000970873786408,0.00873786407767,0.0757281553398,0.0126459143969,0.668287937743,0.00291262135922,0.0,0.0,0.483059051307,0.571151984511,0.143410852713,0.00776699029126,0.0815533980583,0.000971817298348,0.021359223301,0.0577299412916,0.118935837246,0.10029211295,0.0332005312085,0.0184645286686,0.0124352331606,0.0640155189137,0.00290135396518,0.00579710144928,0.145067698259,0.0174081237911,0.000967117988395,0.0772946859903,0.030888030888,0.023166023166,0.00578592092575,0.0192864030858,0.0231213872832,0.0933589990375,0.00384615384615,0.317963496638,0.151067323481,0.0361681329423,0.0441767068273,0.128440366972,0.0407407407407,0.00191754554171,0.0,0.058039961941,0.00475737392959,0.00095328884652,0.00381679389313,0.1004784689,0.0,0.00287081339713,0.102196752627,0.0248091603053,0.000955109837631,0.185468451243,0.0982824427481,0.0543893129771,0.338740458015,0.0267175572519,0.888358778626,0.190657769304,0.000952380952381,0.032319391635,0.00760456273764,0.0485714285714,0.021472392638,0.00380589914367,0.0019120458891,0.306807286673,0.244976076555,0.702960840497,0.00862068965517,0.00095785440613,0.0756704980843,0.346116970278,0.904122722915,0.132437619962,0.0172744721689,0.0095785440613,0.0478468899522,0.02969348659,0.0422670509126,0.019267822736,0.014409221902,0.0860735009671,0.107558139535,0.0212483399734,0.0737179487179,0.0321951219512,0.0852941176471,0.0183189655172,0.0135746606335,0.0711111111111,0.0239043824701,0.0561797752809,0.0487804878049,0.0503875968992,0.157430730479,0.0392390011891,0.0967320261438,0.0246753246753,0.0125,0.00829383886256,0.0105017502917,0.0155979202773,0.00135501355014,0.0429378531073,0.0162790697674,0.114186851211,0.012315270936,0.0437405731523,0.0110294117647,0.0092807424594,0.0145395799677,0.0194594594595,0.0453563714903,0.016210739615,0.186802030457,0.127420998981,0.0365482233503,0.0080971659919,0.010111223458,0.0082304526749,0.0182370820669,0.0203045685279,0.0333670374115,0.2738336714,0.0612870275792,0.0311871227364,0.0281407035176,0.00201005025126,0.0170854271357,0.0180904522613,0.00201005025126,0.0150753768844,0.113545816733,0.0118694362018,0.0194508009153,0.0170454545455,0.15244596132,0.00911161731207,0.7582668187,0.0119680851064,0.0563866513234,0.00934579439252,0.0539215686275,0.00162866449511,0.0388059701493,0.0413354531002,0.0369181380417,0.0116861435726,0.00953895071542,0.0112359550562,0.0127041742287,0.025390625,0.0230414746544,0.176715176715,0.0280210157618,0.0927051671733,0.0396341463415,0.0367278797997,0.00312989045383,0.00302114803625,0.0562913907285,0.0636515912898,0.0,0.0319361277445,0.0179104477612,0.0495540138751,0.0198412698413,0.0248262164846,0.00198609731877,0.115768463074,0.005,0.00100200400802,0.00200601805416,0.124248496994,0.0672690763052,0.0230692076229,0.00401203610832,0.0261306532663,0.36032388664,0.00315789473684,0.0133060388946,0.0491452991453,0.0773869346734,0.0291457286432,0.00301204819277,0.00100300902708,0.100502512563,0.00402414486922,0.0301204819277,0.0934673366834,0.0485338725986,0.0546006066734,0.0145833333333,0.0469715698393,0.0610328638498,0.0141987829615,0.02416918429,0.00503524672709,0.0234113712375,0.00207039337474,0.098121085595,0.0180288461538,0.439838220425,0.00404448938322,0.0,0.0578680203046,0.18154158215,0.0010152284264,0.00406917599186,0.00915564598169,0.0762970498474,0.00815494393476,0.0296220633299,0.109072375127,0.00611620795107,0.10487804878,0.0899795501022,0.0275510204082,0.00203873598369,0.0235414534289,0.0245398773006,0.0959183673469,0.712809917355,0.11746031746,0.0298826040555,0.0218140068886,0.243027888446,0.0694006309148
V,0.0372881355932,0.0276301806589,0.0178384050367,0.0253658536585,0.0107003891051,0.00291262135922,0.0174757281553,0.839650145773,0.00678952473327,0.830903790087,0.0,0.00291545189504,0.0601941747573,0.000970873786408,0.011639185257,0.000967117988395,0.00193423597679,0.0,0.0173745173745,0.000965250965251,0.000964320154291,0.0,0.391891891892,0.166023166023,0.0048309178744,0.0193236714976,0.00386473429952,0.003861003861,0.0151057401813,0.0,0.000970873786408,0.00194174757282,0.0106796116505,0.838834951456,0.0398832684825,0.0924124513619,0.199029126214,0.000971817298348,0.0,0.00968054211036,0.000968054211036,0.0,0.0,0.191262135922,0.0,0.00873786407767,0.0244618395303,0.170579029734,0.0817916260954,0.00398406374502,0.0019436345967,0.447668393782,0.0543161978661,0.0,0.0444444444444,0.0261121856867,0.0125725338491,0.0,0.174879227053,0.00289575289575,0.0,0.0453230472517,0.0337512054002,0.00385356454721,0.0712223291627,0.0673076923077,0.0220941402498,0.00985221674877,0.0293255131965,0.0200803212851,0.00917431192661,0.00740740740741,0.000958772770853,0.0,0.85537583254,0.319695528069,0.0171591992374,0.966603053435,0.00191387559809,0.0,0.000956937799043,0.0133715377268,0.0,0.000955109837631,0.0697896749522,0.0667938931298,0.235687022901,0.00286259541985,0.0467557251908,0.0515267175573,0.00571973307912,0.000952380952381,0.00855513307985,0.00950570342205,0.0047619047619,0.0040899795501,0.0,0.25621414914,0.00862895493768,0.363636363636,0.0334288443171,0.801724137931,0.0,0.408045977011,0.00671140939597,0.00191754554171,0.042226487524,0.0614203454894,0.0842911877395,0.00956937799043,0.0383141762452,0.0365033621518,0.0019267822736,0.0182516810759,0.0425531914894,0.0290697674419,0.0292164674635,0.4375,0.0614634146341,0.00980392156863,0.00754310344828,0.0226244343891,0.0266666666667,0.00796812749004,0.0280898876404,0.0365853658537,0.0116279069767,0.0591939546599,0.026159334126,0.0326797385621,0.0181818181818,0.0136363636364,0.00355450236967,0.00700116686114,0.0866551126516,0.0785907859079,0.0858757062147,0.0267441860465,0.0080738177624,0.00615763546798,0.0120663650075,0.00367647058824,0.0348027842227,0.00807754442649,0.0,0.0140388768898,0.0314083080041,0.0162436548223,0.145769622834,0.0609137055838,0.0637651821862,0.00404448938322,0.00720164609053,0.00607902735562,0.0294416243655,0.0424671385238,0.00709939148073,0.00817160367722,0.0352112676056,0.070351758794,0.00100502512563,0.00402010050251,0.00402010050251,0.00904522613065,0.00100502512563,0.0796812749004,0.00296735905045,0.0217391304348,0.114772727273,0.0386803185438,0.00911161731207,0.0205245153934,0.0159574468085,0.0126582278481,0.022696929239,0.514705882353,0.0,0.179104477612,0.0429252782194,0.0144462279294,0.0434056761269,0.0476947535771,0.142322097378,0.005444646098,0.0390625,0.0437788018433,0.00831600831601,0.0280210157618,0.0182370820669,0.0609756097561,0.0467445742905,0.0391236306729,0.0,0.00165562913907,0.0117252931323,0.00167504187605,0.0379241516966,0.00298507462687,0.001982160555,0.801587301587,0.00496524329692,0.00198609731877,0.539920159681,0.002,0.288577154309,0.423269809428,0.0200400801603,0.0070281124498,0.00100300902708,0.00200601805416,0.0190954773869,0.183198380567,0.117894736842,0.0266120777892,0.0801282051282,0.0140703517588,0.0924623115578,0.0100401606426,0.0100300902708,0.0110552763819,0.0150905432596,0.168674698795,0.00402010050251,0.00404448938322,0.0151668351871,0.003125,0.132262051916,0.0446009389671,0.0141987829615,0.869083585096,0.0704934541793,0.210702341137,0.0517598343685,0.0135699373695,0.00360576923077,0.00910010111223,0.0,0.00101214574899,0.0172588832487,0.222109533469,0.00406091370558,0.0132248219736,0.00101729399797,0.0152594099695,0.00713557594292,0.0245148110317,0.0142711518858,0.0407747196738,0.0548780487805,0.0132924335378,0.0357142857143,0.00611620795107,0.189355168884,0.0040899795501,0.0928571428571,0.0444214876033,0.026455026455,0.017075773746,0.0206659012629,0.0398406374502,0.0410094637224
L,0.0180790960452,0.137088204038,0.0209863588667,0.00878048780488,0.0136186770428,0.0,0.0320388349515,0.0359572400389,0.937924345296,0.0116618075802,0.00193986420951,0.0,0.078640776699,0.00776699029126,0.0475266731329,0.000967117988395,0.0,0.0,0.00675675675676,0.000965250965251,0.0,0.00772200772201,0.263513513514,0.0202702702703,0.000966183574879,0.636714975845,0.880193236715,0.00675675675676,0.0251762336354,0.0,0.0,0.0650485436893,0.0291262135922,0.00291262135922,0.00486381322957,0.00389105058366,0.487378640777,0.0,0.834462729913,0.00290416263311,0.0,0.0106589147287,0.0,0.0126213592233,0.000971817298348,0.103883495146,0.0107632093933,0.0985915492958,0.152872444012,0.00132802124834,0.00291545189504,0.183419689119,0.0620756547042,0.00870406189555,0.363285024155,0.00676982591876,0.0116054158607,0.000967117988395,0.0415458937198,0.023166023166,0.000965250965251,0.916104146577,0.337512054002,0.00578034682081,0.22906641001,0.4625,0.00384245917387,0.00656814449918,0.748778103617,0.0180722891566,0.0183486238532,0.0166666666667,0.0,0.00105708245243,0.0294957183635,0.00666032350143,0.95328884652,0.00477099236641,0.0,0.0,0.0,0.27029608405,0.0,0.000955109837631,0.36137667304,0.00477099236641,0.214694656489,0.00286259541985,0.364503816794,0.00763358778626,0.0734032411821,0.00761904761905,0.110266159696,0.0142585551331,0.00190476190476,0.0132924335378,0.00570884871551,0.0114722753346,0.0335570469799,0.088995215311,0.07258834766,0.00095785440613,0.00191570881226,0.355363984674,0.0,0.000958772770853,0.116122840691,0.0902111324376,0.204980842912,0.00861244019139,0.0335249042146,0.016330451489,0.175337186898,0.0268972142171,0.0715667311412,0.145348837209,0.00929614873838,0.0176282051282,0.26243902439,0.0166666666667,0.0215517241379,0.0950226244344,0.0355555555556,0.00398406374502,0.0168539325843,0.030487804878,0.0290697674419,0.142317380353,0.156956004756,0.0470588235294,0.137662337662,0.352272727273,0.00592417061611,0.0128354725788,0.0138648180243,0.138211382114,0.117514124294,0.0162790697674,0.0173010380623,0.0012315270936,0.0286576168929,0.0110294117647,0.0348027842227,0.0032310177706,0.0140540540541,0.105831533477,0.0233029381966,0.0375634517766,0.140672782875,0.251776649746,0.252024291498,0.00404448938322,0.0236625514403,0.0283687943262,0.160406091371,0.462082912032,0.00709939148073,0.0296220633299,0.182092555332,0.51959798995,0.0140703517588,0.00603015075377,0.492462311558,0.00100502512563,0.0070351758794,0.0607569721116,0.00395647873393,0.00343249427918,0.489772727273,0.00682593856655,0.879271070615,0.018244013683,0.132978723404,0.121979286536,0.893190921228,0.114379084967,0.00162866449511,0.0089552238806,0.0715421303657,0.0433386837881,0.504173622705,0.0238473767886,0.191011235955,0.00907441016334,0.033203125,0.55069124424,0.031185031185,0.143607705779,0.0197568389058,0.288109756098,0.093489148581,0.475743348983,0.0,0.00165562913907,0.00502512562814,0.00335008375209,0.0059880239521,0.00199004975124,0.0227948463826,0.00694444444444,0.000993048659384,0.0158887785501,0.0059880239521,0.003,0.0150300601202,0.0310932798395,0.0160320641283,0.133534136546,0.0140421263791,0.0,0.138693467337,0.087044534413,0.237894736842,0.0245649948823,0.104700854701,0.0070351758794,0.162814070352,0.00502008032129,0.0732196589769,0.0653266331658,0.0965794768612,0.0150602409639,0.00804020100503,0.046511627907,0.0192113245703,0.009375,0.0148331273177,0.0,0.0233265720081,0.0161127895267,0.0543806646526,0.0250836120401,0.252587991718,0.0135699373695,0.00360576923077,0.00202224469161,0.0,0.0,0.0142131979695,0.026369168357,0.0162436548223,0.24008138352,0.00508646998983,0.00406917599186,0.00203873598369,0.0694586312564,0.0581039755352,0.911314984709,0.0280487804878,0.0327198364008,0.238775510204,0.909276248726,0.39406345957,0.0081799591002,0.0418367346939,0.0175619834711,0.0179894179894,0.051227321238,0.0493685419059,0.0225763612218,0.0725552050473
I,0.00338983050847,0.0605738575983,0.0146904512067,0.0214634146341,0.0165369649805,0.00485436893204,0.0699029126214,0.113702623907,0.000969932104753,0.150631681244,0.0,0.0,0.0834951456311,0.00388349514563,0.00484966052376,0.0,0.0,0.0,0.0173745173745,0.0,0.0,0.0,0.175675675676,0.19111969112,0.0,0.024154589372,0.0202898550725,0.0019305019305,0.00704934541793,0.0,0.0,0.000970873786408,0.00970873786408,0.00582524271845,0.0398832684825,0.00291828793774,0.208737864078,0.0,0.0,0.00387221684414,0.0,0.00193798449612,0.0,0.541747572816,0.0,0.00485436893204,0.0283757338552,0.0297339593114,0.188899707887,0.00132802124834,0.0019436345967,0.338860103627,0.0184287099903,0.000967117988395,0.123671497585,0.00290135396518,0.000967117988395,0.000967117988395,0.0202898550725,0.000965250965251,0.0,0.0241080038573,0.143683702989,0.0,0.0529355149182,0.0798076923077,0.0028818443804,0.0,0.100684261975,0.00803212851406,0.00305810397554,0.0037037037037,0.0,0.00105708245243,0.0380589914367,0.647002854424,0.0152526215443,0.0162213740458,0.0,0.0,0.00191387559809,0.0382043935053,0.0,0.0,0.152007648184,0.0124045801527,0.462786259542,0.00477099236641,0.0648854961832,0.00286259541985,0.0371782650143,0.00380952380952,0.0484790874525,0.0142585551331,0.000952380952381,0.00102249488753,0.0,0.710325047801,0.00191754554171,0.0114832535885,0.0353390639924,0.17816091954,0.00095785440613,0.13601532567,0.000958772770853,0.0,0.0374280230326,0.0191938579655,0.0239463601533,0.00574162679426,0.0239463601533,0.0259365994236,0.0202312138728,0.00672430355427,0.0531914893617,0.00968992248062,0.0185922974768,0.0320512820513,0.118048780488,0.0156862745098,0.00538793103448,0.0135746606335,0.0355555555556,0.0239043824701,0.0449438202247,0.0975609756098,0.00968992248062,0.0264483627204,0.0202140309156,0.0130718954248,0.0168831168831,0.0136363636364,0.0,0.0116686114352,0.0173310225303,0.0528455284553,0.108474576271,0.0232558139535,0.038062283737,0.00369458128079,0.0135746606335,0.00735294117647,0.030162412993,0.0048465266559,0.0108108108108,0.0097192224622,0.0293819655522,0.010152284264,0.181447502548,0.140101522843,0.0688259109312,0.00808897876643,0.00205761316872,0.0081053698075,0.0416243654822,0.0839231547017,0.00507099391481,0.0102145045965,0.0835010060362,0.0663316582915,0.00502512562814,0.0,0.00603015075377,0.00100502512563,0.0,0.119521912351,0.0,0.0137299771167,0.0738636363636,0.0238907849829,0.00227790432802,0.0102622576967,0.0239361702128,0.0368239355581,0.00400534045394,0.0915032679739,0.0,0.0089552238806,0.0413354531002,0.0144462279294,0.0734557595993,0.0143084260731,0.0955056179775,0.005444646098,0.00390625,0.0161290322581,0.02079002079,0.0262697022767,0.00455927051672,0.0381097560976,0.0267111853088,0.0344287949922,0.00604229607251,0.00496688741722,0.0,0.0,0.0199600798403,0.0,0.00792864222002,0.10119047619,0.00397219463754,0.000993048659384,0.100798403194,0.0,0.680360721443,0.126379137412,0.00100200400802,0.0070281124498,0.00100300902708,0.0,0.0190954773869,0.087044534413,0.445263157895,0.00409416581372,0.0662393162393,0.00201005025126,0.0442211055276,0.00803212851406,0.00501504513541,0.00603015075377,0.056338028169,0.691767068273,0.00201005025126,0.00202224469161,0.0232558139535,0.00208333333333,0.0271940667491,0.0164319248826,0.00912778904665,0.0332326283988,0.0594159113797,0.00836120401338,0.606625258799,0.00208768267223,0.00120192307692,0.00202224469161,0.00202224469161,0.00101214574899,0.00507614213198,0.0223123732252,0.00609137055838,0.0549338758901,0.00203458799593,0.0,0.00203873598369,0.0173646578141,0.00713557594292,0.00713557594292,0.00609756097561,0.00613496932515,0.151020408163,0.039755351682,0.0552712384852,0.00306748466258,0.721428571429,0.0196280991736,0.00952380952381,0.137673425827,0.0229621125144,0.0172642762284,0.0410094637224
M,0.0632768361582,0.0616365568544,0.0209863588667,0.0829268292683,0.0068093385214,0.0,0.00194174757282,0.00485908649174,0.00678952473327,0.0,0.000969932104753,0.0,0.0271844660194,0.00388349514563,0.00193986420951,0.000967117988395,0.0,0.0,0.000965250965251,0.0019305019305,0.0,0.0,0.00579150579151,0.023166023166,0.00386473429952,0.0425120772947,0.0917874396135,0.0,0.0,0.0,0.0,0.000970873786408,0.00485436893204,0.000970873786408,0.000972762645914,0.00486381322957,0.0116504854369,0.0,0.147144240077,0.00871248789932,0.0,0.0106589147287,0.0,0.00873786407767,0.000971817298348,0.122330097087,0.00391389432485,0.0093896713615,0.00584225900682,0.0,0.0,0.0020725388601,0.00678952473327,0.0,0.03961352657,0.00967117988395,0.000967117988395,0.00290135396518,0.000966183574879,0.003861003861,0.0,0.0,0.229508196721,0.0,0.00481231953802,0.361538461538,0.0105667627281,0.00164203612479,0.0039100684262,0.0,0.0,0.0,0.0,0.00211416490486,0.000951474785918,0.00285442435775,0.00381315538608,0.00190839694656,0.0,0.0,0.0,0.129894937918,0.0,0.0,0.0764818355641,0.00572519083969,0.0171755725191,0.000954198473282,0.0314885496183,0.00381679389313,0.614871306006,0.000952380952381,0.078897338403,0.00190114068441,0.0,0.00204498977505,0.00190294957184,0.000956022944551,0.00191754554171,0.0334928229665,0.00382043935053,0.00383141762452,0.0,0.00478927203065,0.0,0.0,0.0115163147793,0.79462571977,0.00670498084291,0.000956937799043,0.0,0.000960614793468,0.00385356454721,0.0105667627281,0.0676982591876,0.00581395348837,0.00398406374502,0.00961538461538,0.0273170731707,0.00588235294118,0.0140086206897,0.0135746606335,0.00888888888889,0.0,0.0224719101124,0.0853658536585,0.0232558139535,0.0163727959698,0.0118906064209,0.0078431372549,0.00909090909091,0.364772727273,0.00118483412322,0.0151691948658,0.00866551126516,0.029810298103,0.0293785310734,0.00348837209302,0.00461361014994,0.0,0.00150829562594,0.0,0.00696055684455,0.0,0.0,0.0107991360691,0.0233029381966,0.0121827411168,0.131498470948,0.0883248730964,0.0475708502024,0.00303336703741,0.00205761316872,0.0131712259372,0.0192893401015,0.208291203236,0.00101419878296,0.0,0.0241448692153,0.0542713567839,0.00301507537688,0.00100502512563,0.0502512562814,0.0,0.00100502512563,0.00796812749004,0.00197823936696,0.0,0.00568181818182,0.0170648464164,0.0102505694761,0.00684150513113,0.0731382978723,0.264672036824,0.0253671562083,0.0964052287582,0.00162866449511,0.00298507462687,0.00953895071542,0.00321027287319,0.0651085141903,0.00317965023847,0.0711610486891,0.0,0.005859375,0.0230414746544,0.00831600831601,0.127845884413,0.0288753799392,0.0106707317073,0.00834724540902,0.0125195618153,0.00302114803625,0.0115894039735,0.00167504187605,0.0,0.00399201596806,0.000995024875622,0.0109018830525,0.000992063492063,0.00297914597815,0.000993048659384,0.00199600798403,0.0,0.00501002004008,0.0310932798395,0.00400801603206,0.0481927710843,0.00200601805416,0.0,0.0170854271357,0.0445344129555,0.0768421052632,0.00921187308086,0.00641025641026,0.00402010050251,0.0361809045226,0.00502008032129,0.0140421263791,0.00603015075377,0.750503018109,0.0100401606426,0.00402010050251,0.0262891809909,0.00606673407482,0.0,0.00123609394314,0.0,0.00405679513185,0.00402819738167,0.104733131923,0.0133779264214,0.0734989648033,0.00521920668058,0.00120192307692,0.00202224469161,0.0,0.0,0.555329949239,0.00405679513185,0.58883248731,0.0742624618515,0.0,0.0193285859613,0.0,0.00817160367722,0.00407747196738,0.00203873598369,0.0,0.00306748466258,0.0102040816327,0.00203873598369,0.0296827021494,0.0081799591002,0.00510204081633,0.00103305785124,0.0116402116402,0.0128068303095,0.00574052812859,0.00531208499336,0.0157728706625
C,0.0327683615819,0.00743889479277,0.0104931794334,0.0019512195122,0.00194552529183,0.0,0.0,0.000971817298348,0.0,0.0,0.0,0.0,0.0,0.488349514563,0.0,0.0,0.0,0.00193423597679,0.724903474903,0.000965250965251,0.00192864030858,0.0,0.000965250965251,0.000965250965251,0.0618357487923,0.00193236714976,0.0,0.0019305019305,0.00604229607251,0.0,0.000970873786408,0.00485436893204,0.0291262135922,0.000970873786408,0.00389105058366,0.0953307392996,0.0,0.0,0.00193610842207,0.000968054211036,0.00290416263311,0.0881782945736,0.0,0.0,0.000971817298348,0.0,0.00684931506849,0.0,0.0,0.00265604249668,0.00485908649174,0.0,0.00193986420951,0.00967117988395,0.0260869565217,0.00193423597679,0.000967117988395,0.00193423597679,0.0289855072464,0.0,0.0019305019305,0.0,0.0154291224687,0.0,0.00288739172281,0.00192307692308,0.00192122958694,0.00985221674877,0.0,0.0160642570281,0.0,0.0,0.000958772770853,0.0,0.0,0.0,0.0,0.000954198473282,0.00191387559809,0.0,0.000956937799043,0.0248328557784,0.000954198473282,0.000955109837631,0.0038240917782,0.196564885496,0.000954198473282,0.00190839694656,0.00381679389313,0.0,0.02192564347,0.0190476190476,0.00760456273764,0.0104562737643,0.000952380952381,0.0245398773006,0.000951474785918,0.0,0.00671140939597,0.00287081339713,0.00477554918816,0.0,0.0,0.0,0.0920421860019,0.000958772770853,0.00959692898273,0.0,0.00095785440613,0.0191387559809,0.0306513409962,0.0,0.00385356454721,0.0115273775216,0.000967117988395,0.0,0.0,0.00320512820513,0.0019512195122,0.000980392156863,0.0,0.00904977375566,0.0266666666667,0.0,0.0,0.030487804878,0.0,0.00125944584383,0.00118906064209,0.00130718954248,0.0012987012987,0.00681818181818,0.00118483412322,0.0805134189032,0.0051993067591,0.00542005420054,0.00338983050847,0.00348837209302,0.0126874279123,0.00369458128079,0.00452488687783,0.0110294117647,0.0092807424594,0.0048465266559,0.0194594594595,0.00431965442765,0.00101317122594,0.00507614213198,0.00305810397554,0.0010152284264,0.00506072874494,0.0,0.00205761316872,0.0,0.010152284264,0.0,0.00304259634888,0.00510725229826,0.0010060362173,0.00502512562814,0.0100502512563,0.00100502512563,0.0110552763819,0.202010050251,0.00100502512563,0.000996015936255,0.0,0.00343249427918,0.0227272727273,0.00227531285552,0.00113895216401,0.00570125427594,0.00398936170213,0.00805523590334,0.00267022696929,0.0016339869281,0.00325732899023,0.0,0.00953895071542,0.0176565008026,0.00667779632721,0.0111287758347,0.00187265917603,0.00181488203267,0.0,0.0,0.00831600831601,0.00350262697023,0.00151975683891,0.00457317073171,0.0300500834725,0.0,0.0,0.00165562913907,0.0,0.0,0.000998003992016,0.000995024875622,0.013875123885,0.000992063492063,0.000993048659384,0.00397219463754,0.00299401197605,0.012,0.0,0.0,0.386773547094,0.00200803212851,0.0,0.0,0.0100502512563,0.0101214574899,0.00421052631579,0.00204708290686,0.00854700854701,0.00100502512563,0.00301507537688,0.0,0.00300902708124,0.00301507537688,0.0010060362173,0.0130522088353,0.00301507537688,0.00303336703741,0.0151668351871,0.00104166666667,0.00865265760198,0.00234741784038,0.00202839756592,0.0,0.00704934541793,0.00167224080268,0.0,0.00104384133612,0.00721153846154,0.0121334681496,0.0,0.00101214574899,0.0639593908629,0.0,0.00203045685279,0.0111902339776,0.0691759918616,0.00610376398779,0.00101936799185,0.00102145045965,0.0,0.00101936799185,0.312195121951,0.00920245398773,0.163265306122,0.0,0.0102354145343,0.00204498977505,0.00102040816327,0.0051652892562,0.00634920634921,0.00213447171825,0.01607347876,0.0504648074369,0.0536277602524
F,0.00790960451977,0.00743889479277,0.00209863588667,0.00682926829268,0.000972762645914,0.0,0.799029126214,0.000971817298348,0.0397672162949,0.000971817298348,0.0,0.0,0.00873786407767,0.0233009708738,0.152279340446,0.0,0.000967117988395,0.0,0.0019305019305,0.003861003861,0.0568948891032,0.000965250965251,0.000965250965251,0.0,0.0,0.00772946859903,0.0,0.0,0.0,0.0,0.000970873786408,0.104854368932,0.00291262135922,0.00388349514563,0.000972762645914,0.0,0.0155339805825,0.0,0.00387221684414,0.000968054211036,0.0,0.00290697674419,0.0,0.00679611650485,0.0,0.00485436893204,0.0587084148728,0.00156494522692,0.0116845180136,0.0,0.0019436345967,0.00310880829016,0.0271580989331,0.00290135396518,0.375845410628,0.0106382978723,0.0,0.0174081237911,0.0714975845411,0.0,0.0019305019305,0.00482160077146,0.0337512054002,0.000963391136802,0.449470644851,0.0211538461538,0.000960614793468,0.00164203612479,0.0234604105572,0.0,0.0,0.0,0.0,0.0,0.000951474785918,0.00570884871551,0.00095328884652,0.000954198473282,0.0,0.00479386385427,0.0,0.232091690544,0.0,0.0,0.046845124283,0.0,0.000954198473282,0.0,0.0286259541985,0.0114503816794,0.0,0.0,0.00475285171103,0.769961977186,0.0,0.00920245398773,0.00285442435775,0.0038240917782,0.00575263662512,0.00478468899522,0.0,0.00191570881226,0.778735632184,0.00287356321839,0.0,0.000958772770853,0.309980806142,0.00191938579655,0.00574712643678,0.000956937799043,0.0392720306513,0.00384245917387,0.107899807322,0.00192122958694,0.0493230174081,0.0736434108527,0.0823373173971,0.0112179487179,0.213658536585,0.00392156862745,0.0010775862069,0.330316742081,0.0311111111111,0.0119521912351,0.0168539325843,0.0548780487805,0.00581395348837,0.0113350125945,0.00832342449465,0.0771241830065,0.220779220779,0.0102272727273,0.00236966824645,0.0128354725788,0.00693240901213,0.505420054201,0.0338983050847,0.241860465116,0.0230680507497,0.0,0.00150829562594,0.0110294117647,0.0162412993039,0.0032310177706,0.00432432432432,0.00647948164147,0.00405268490375,0.0243654822335,0.176350662589,0.0954314720812,0.472672064777,0.00202224469161,0.00617283950617,0.00202634245187,0.41421319797,0.0111223458038,0.0,0.00102145045965,0.0241448692153,0.141708542714,0.196984924623,0.00100502512563,0.0110552763819,0.00100502512563,0.00100502512563,0.00199203187251,0.0,0.00228832951945,0.0431818181818,0.00568828213879,0.0113895216401,0.00684150513113,0.0159574468085,0.00575373993096,0.00133511348465,0.0016339869281,0.00325732899023,0.00298507462687,0.0731319554849,0.0208667736758,0.0818030050083,0.64546899841,0.00749063670412,0.005444646098,0.00390625,0.0161290322581,0.002079002079,0.00875656742557,0.00151975683891,0.00762195121951,0.0217028380634,0.361502347418,0.00906344410876,0.00165562913907,0.00167504187605,0.0,0.105788423154,0.0,0.001982160555,0.00198412698413,0.0,0.000993048659384,0.159680638723,0.284,0.00300601202405,0.00501504513541,0.0060120240481,0.00100401606426,0.00300902708124,0.00100300902708,0.0130653266332,0.00404858299595,0.0473684210526,0.00307062436029,0.00641025641026,0.00804020100503,0.366834170854,0.00200803212851,0.0,0.0150753768844,0.0120724346076,0.00502008032129,0.0,0.00404448938322,0.0758341759353,0.00208333333333,0.0148331273177,0.0,0.00202839756592,0.0100704934542,0.179254783484,0.0133779264214,0.00207039337474,0.00104384133612,0.00120192307692,0.0,0.0,0.00101214574899,0.00507614213198,0.00101419878296,0.355329949239,0.548321464903,0.00101729399797,0.00101729399797,0.00101936799185,0.0612870275792,0.0,0.0203873598369,0.257317073171,0.0143149284254,0.0285714285714,0.0316004077472,0.00511770726714,0.0,0.0030612244898,0.00309917355372,0.0031746031746,0.0128068303095,0.0780711825488,0.0159362549801,0.00946372239748
Y,0.00112994350282,0.00318809776833,0.00944386149003,0.00292682926829,0.00486381322957,0.00194174757282,0.0757281553398,0.0,0.0,0.0,0.0,0.0,0.0,0.00970873786408,0.015518913676,0.0,0.000967117988395,0.00193423597679,0.00772200772201,0.00579150579151,0.854387656702,0.000965250965251,0.0,0.0,0.00193236714976,0.00193236714976,0.0,0.000965250965251,0.00201409869084,0.0,0.0,0.125242718447,0.00679611650485,0.0,0.00194552529183,0.0,0.0,0.0,0.0,0.0,0.00193610842207,0.000968992248062,0.0,0.000970873786408,0.000971817298348,0.00291262135922,0.00684931506849,0.0,0.00292112950341,0.00398406374502,0.00291545189504,0.0,0.00678952473327,0.00290135396518,0.0048309178744,0.0183752417795,0.0,0.944874274662,0.0231884057971,0.0,0.000965250965251,0.0,0.00771456123433,0.0028901734104,0.0635226179018,0.0,0.000960614793468,0.0,0.00293255131965,0.0,0.0,0.00185185185185,0.0,0.0,0.0,0.000951474785918,0.0,0.0,0.0,0.00191754554171,0.0,0.0735434574976,0.00190839694656,0.0,0.0286806883365,0.0,0.000954198473282,0.000954198473282,0.170801526718,0.0,0.0,0.0047619047619,0.0142585551331,0.116920152091,0.00190476190476,0.0040899795501,0.0,0.0019120458891,0.0153403643337,0.000956937799043,0.000955109837631,0.00191570881226,0.216475095785,0.00095785440613,0.000958772770853,0.0,0.0748560460653,0.0,0.00862068965517,0.000956937799043,0.0134099616858,0.000960614793468,0.0163776493256,0.000960614793468,0.0580270793037,0.00387596899225,0.274900398406,0.00160256410256,0.070243902439,0.00196078431373,0.00323275862069,0.343891402715,0.0133333333333,0.0119521912351,0.0393258426966,0.0121951219512,0.00387596899225,0.00755667506297,0.00237812128419,0.0209150326797,0.0623376623377,0.00568181818182,0.0,0.00233372228705,0.00346620450607,0.115176151762,0.00677966101695,0.331395348837,0.148788927336,0.00492610837438,0.00603318250377,0.00367647058824,0.00696055684455,0.0048465266559,0.00216216216216,0.0,0.00202634245187,0.0121827411168,0.0142711518858,0.00913705583756,0.0192307692308,0.00202224469161,0.0082304526749,0.00303951367781,0.142131979695,0.010111223458,0.0,0.00510725229826,0.0513078470825,0.0894472361809,0.741708542714,0.00100502512563,0.00603015075377,0.0,0.00100502512563,0.00199203187251,0.000989119683482,0.00114416475973,0.0477272727273,0.00796359499431,0.00911161731207,0.00228050171038,0.00664893617021,0.0207134637514,0.00133511348465,0.00326797385621,0.0,0.00298507462687,0.00635930047695,0.0674157303371,0.0200333889816,0.158982511924,0.00561797752809,0.0235934664247,0.00390625,0.00460829493088,0.002079002079,0.0,0.00455927051672,0.0,0.0217028380634,0.0203442879499,0.00302114803625,0.0,0.00502512562814,0.0,0.72255489022,0.000995024875622,0.001982160555,0.0,0.00198609731877,0.0,0.0319361277445,0.686,0.0,0.00601805416249,0.0,0.0,0.0110330992979,0.0,0.0140703517588,0.0,0.00421052631579,0.00102354145343,0.00106837606838,0.0,0.0994974874372,0.0,0.00501504513541,0.0261306532663,0.00402414486922,0.0190763052209,0.0,0.00505561172902,0.0434782608696,0.0,0.0160692212608,0.00234741784038,0.00202839756592,0.00201409869084,0.124874118832,0.0100334448161,0.0,0.00417536534447,0.00120192307692,0.0,0.0,0.0,0.0,0.0,0.00406091370558,0.0111902339776,0.00101729399797,0.00203458799593,0.0,0.00306435137896,0.0,0.0,0.0219512195122,0.00613496932515,0.0510204081633,0.00101936799185,0.00307062436029,0.00613496932515,0.0,0.0051652892562,0.0201058201058,0.0042689434365,0.492537313433,0.0371845949535,0.0315457413249
W,0.0,0.00212539851222,0.00104931794334,0.0019512195122,0.0,0.0,0.000970873786408,0.0,0.0,0.0,0.0,0.000971817298348,0.0,0.0378640776699,0.0,0.000967117988395,0.0,0.990328820116,0.0,0.98166023166,0.0,0.0,0.0,0.0,0.00386473429952,0.000966183574879,0.0,0.0,0.0,0.0,0.0,0.0,0.000970873786408,0.0,0.0,0.00194552529183,0.00194174757282,0.0,0.00193610842207,0.0,0.0,0.000968992248062,0.000970873786408,0.0,0.0,0.000970873786408,0.0,0.00156494522692,0.0,0.0,0.0,0.0,0.0,0.0,0.000966183574879,0.00290135396518,0.0,0.00967117988395,0.00193236714976,0.000965250965251,0.0,0.0,0.000964320154291,0.0,0.0,0.0,0.0,0.0,0.0,0.0,0.0,0.0,0.0,0.0,0.0,0.0,0.0,0.0,0.0,0.000958772770853,0.0,0.000955109837631,0.0,0.0,0.0,0.000954198473282,0.0,0.0,0.000954198473282,0.0,0.0,0.0,0.00665399239544,0.0,0.0,0.00102249488753,0.0,0.0,0.0,0.0,0.0,0.0,0.0,0.0,0.0,0.0,0.00863723608445,0.0,0.0,0.00382775119617,0.00287356321839,0.000960614793468,0.0,0.00576368876081,0.0,0.0,0.0,0.0,0.00780487804878,0.000980392156863,0.0,0.00452488687783,0.00888888888889,0.00398406374502,0.0,0.0,0.0,0.0239294710327,0.0,0.00130718954248,0.292207792208,0.00113636363636,0.0,0.0,0.0,0.0,0.00564971751412,0.00232558139535,0.00230680507497,0.00246305418719,0.0,0.00367647058824,0.0,0.0,0.00108108108108,0.0,0.00101317122594,0.00710659898477,0.00203873598369,0.0010152284264,0.00708502024291,0.0,0.00102880658436,0.0,0.00710659898477,0.00202224469161,0.0,0.00102145045965,0.0010060362173,0.00100502512563,0.00100502512563,0.0,0.0,0.0,0.0,0.0,0.000989119683482,0.00343249427918,0.0363636363636,0.0,0.00341685649203,0.00228050171038,0.00132978723404,0.00115074798619,0.00133511348465,0.0,0.0,0.0,0.0,0.00802568218299,0.0233722871452,0.00635930047695,0.0,0.0,0.001953125,0.0,0.00831600831601,0.00350262697023,0.00151975683891,0.0,0.0,0.0,0.0,0.00662251655629,0.0,0.00167504187605,0.00698602794411,0.0,0.0,0.000992063492063,0.000993048659384,0.00198609731877,0.00399201596806,0.0,0.0,0.00501504513541,0.0,0.0,0.0,0.0,0.00100502512563,0.00506072874494,0.0147368421053,0.00102354145343,0.0,0.00100502512563,0.00201005025126,0.0,0.00601805416249,0.447236180905,0.00201207243461,0.0,0.0,0.0171890798787,0.121334681496,0.0,0.0,0.0,0.00101419878296,0.00100704934542,0.00100704934542,0.00167224080268,0.00207039337474,0.0,0.00120192307692,0.0,0.0,0.00202429149798,0.0,0.0,0.0,0.00101729399797,0.0,0.0,0.0,0.0,0.0,0.0,0.0158536585366,0.00102249488753,0.0,0.0,0.0,0.0,0.0,0.0,0.0010582010582,0.00106723585912,0.00114810562572,0.00132802124834,0.0
H,0.0169491525424,0.0138150903294,0.0146904512067,0.0175609756098,0.0622568093385,0.768932038835,0.0,0.0,0.000969932104753,0.0,0.984481086324,0.0,0.0,0.0,0.673132880698,0.0,0.000967117988395,0.00193423597679,0.0,0.0,0.023143683703,0.0019305019305,0.0,0.0,0.0115942028986,0.0173913043478,0.0,0.000965250965251,0.012084592145,0.0,0.0,0.653398058252,0.026213592233,0.0,0.00972762645914,0.000972762645914,0.0,0.0,0.00290416263311,0.0,0.0,0.0339147286822,0.000970873786408,0.000970873786408,0.183673469388,0.0165048543689,0.00587084148728,0.00156494522692,0.0350535540409,0.0345285524568,0.00680272108844,0.0,0.106692531523,0.0251450676983,0.0,0.0280464216634,0.027079303675,0.00676982591876,0.0144927536232,0.00579150579151,0.00482625482625,0.0,0.000964320154291,0.0154142581888,0.00481231953802,0.0,0.00480307396734,0.0,0.0,0.00200803212851,0.0122324159021,0.0222222222222,0.0201342281879,0.00211416490486,0.000951474785918,0.0,0.0,0.0,0.0,0.969319271333,0.0,0.0219675262655,0.0,0.0,0.0057361376673,0.0,0.000954198473282,0.000954198473282,0.0381679389313,0.000954198473282,0.0,0.072380952381,0.0484790874525,0.0190114068441,0.0104761904762,0.0674846625767,0.000951474785918,0.0,0.0172579098754,0.000956937799043,0.0,0.0,0.00095785440613,0.00766283524904,0.0,0.0,0.00575815738964,0.0,0.00383141762452,0.0172248803828,0.0478927203065,0.0124879923151,0.175337186898,0.0317002881844,0.00483558994197,0.0145348837209,0.0464807436919,0.00320512820513,0.00390243902439,0.00490196078431,0.0118534482759,0.027149321267,0.0,0.0,0.0,0.00609756097561,0.00581395348837,0.0088161209068,0.00237812128419,0.00915032679739,0.0142857142857,0.00454545454545,0.00236966824645,0.00233372228705,0.0415944540728,0.00542005420054,0.00338983050847,0.0255813953488,0.0149942329873,0.0,0.0180995475113,0.0367647058824,0.00696055684455,0.016155088853,0.0843243243243,0.00539956803456,0.00303951367781,0.00406091370558,0.00917431192661,0.0142131979695,0.00101214574899,0.00303336703741,0.0154320987654,0.0101317122594,0.0294416243655,0.0010111223458,0.0162271805274,0.0347293156282,0.0130784708249,0.0,0.00402010050251,0.0834170854271,0.0291457286432,0.00100502512563,0.00301507537688,0.0249003984064,0.00395647873393,0.00228832951945,0.00454545454545,0.00227531285552,0.00455580865604,0.00114025085519,0.00531914893617,0.00460299194476,0.00133511348465,0.0114379084967,0.0,0.0,0.0349761526232,0.00802568218299,0.00333889816361,0.00953895071542,0.00187265917603,0.0235934664247,0.017578125,0.00691244239631,0.004158004158,0.00350262697023,0.00303951367781,0.0015243902439,0.0300500834725,0.00312989045383,0.0,0.0165562913907,0.0117252931323,0.00167504187605,0.0179640718563,0.00199004975124,0.00495540138751,0.000992063492063,0.012909632572,0.00198609731877,0.0059880239521,0.0,0.0,0.00100300902708,0.0,0.00301204819277,0.049147442327,0.0,0.0814070351759,0.0,0.00105263157895,0.00511770726714,0.00961538461538,0.00904522613065,0.0150753768844,0.00803212851406,0.0330992978937,0.00603015075377,0.0,0.00100401606426,0.0140703517588,0.00910010111223,0.00404448938322,0.00520833333333,0.0160692212608,0.0352112676056,0.0212981744422,0.00302114803625,0.0191339375629,0.0066889632107,0.0,0.0146137787056,0.00360576923077,0.0,0.0010111223458,0.975708502024,0.0,0.00101419878296,0.0,0.0,0.0,0.0030518819939,0.00407747196738,0.0326864147089,0.00815494393476,0.0,0.0182926829268,0.0316973415133,0.0969387755102,0.0,0.0102354145343,0.0316973415133,0.0,0.00413223140496,0.0497354497354,0.0117395944504,0.044776119403,0.0504648074369,0.0220820189274
K,0.0892655367232,0.187035069075,0.143756558237,0.231219512195,0.485408560311,0.0504854368932,0.0,0.0,0.0,0.0,0.0,0.00291545189504,0.0,0.0,0.000969932104753,0.0,0.000967117988395,0.0,0.000965250965251,0.0,0.000964320154291,0.910231660232,0.0,0.26833976834,0.00193236714976,0.0144927536232,0.0,0.17277992278,0.0342396777442,0.0,0.00291262135922,0.0,0.312621359223,0.0,0.000972762645914,0.00291828793774,0.0,0.000971817298348,0.000968054211036,0.0851887705712,0.0,0.0,0.0,0.0116504854369,0.00291545189504,0.026213592233,0.286692759295,0.140845070423,0.0136319376826,0.0146082337317,0.0165208940719,0.0,0.0242483026188,0.00193423597679,0.0,0.0309477756286,0.0125725338491,0.0,0.0,0.312741312741,0.0202702702703,0.0,0.0,0.0606936416185,0.0,0.0,0.0317002881844,0.00821018062397,0.0019550342131,0.0,0.0275229357798,0.0111111111111,0.0421860019175,0.636363636364,0.0,0.0,0.00095328884652,0.0,0.0,0.000958772770853,0.0,0.00668576886342,0.0,0.000955109837631,0.0019120458891,0.0,0.0,0.0,0.0543893129771,0.000954198473282,0.0,0.0,0.26711026616,0.000950570342205,0.0047619047619,0.0736196319018,0.887725975262,0.0,0.0441035474593,0.19043062201,0.0,0.0,0.0,0.0,0.0,0.0,0.0,0.0,0.00095785440613,0.0966507177033,0.00191570881226,0.0634005763689,0.0539499036609,0.0489913544669,0.00193423597679,0.00968992248062,0.00265604249668,0.00320512820513,0.0146341463415,0.110784313725,0.231681034483,0.0588235294118,0.0488888888889,0.0717131474104,0.0898876404494,0.0365853658537,0.0484496124031,0.0264483627204,0.0178359096314,0.0196078431373,0.012987012987,0.0215909090909,0.0248815165877,0.0315052508751,0.138648180243,0.0,0.0474576271186,0.0127906976744,0.0080738177624,0.00738916256158,0.174962292609,0.136029411765,0.0510440835267,0.0468497576737,0.194594594595,0.036717062635,0.0273556231003,0.00203045685279,0.00101936799185,0.0223350253807,0.00202429149798,0.110212335693,0.215020576132,0.262411347518,0.0142131979695,0.00202224469161,0.18154158215,0.131767109295,0.290744466801,0.0,0.0,0.0211055276382,0.0100502512563,0.00100502512563,0.0070351758794,0.0209163346614,0.177052423343,0.00228832951945,0.00113636363636,0.0159271899886,0.00569476082005,0.00228050171038,0.324468085106,0.0402761795167,0.00267022696929,0.0424836601307,0.0293159609121,0.0626865671642,0.00158982511924,0.0288924558587,0.00667779632721,0.00158982511924,0.0224719101124,0.0399274047187,0.00390625,0.0276497695853,0.024948024948,0.239929947461,0.0471124620061,0.178353658537,0.115191986644,0.0,0.0,0.311258278146,0.134003350084,0.252931323283,0.000998003992016,0.000995024875622,0.0792864222002,0.000992063492063,0.139026812314,0.123138033764,0.0,0.0,0.00100200400802,0.129388164493,0.0,0.106425702811,0.115346038114,0.0,0.233165829146,0.0,0.00631578947368,0.17604912999,0.0929487179487,0.0381909547739,0.00402010050251,0.00200803212851,0.0511534603811,0.0763819095477,0.0,0.00100401606426,0.166834170854,0.100101112235,0.00303336703741,0.0166666666667,0.0791100123609,0.0915492957746,0.0933062880325,0.00100704934542,0.220543806647,0.0451505016722,0.00103519668737,0.334029227557,0.0144230769231,0.0010111223458,0.0010111223458,0.00202429149798,0.0111675126904,0.00101419878296,0.0010152284264,0.0,0.00101729399797,0.623601220753,0.00203873598369,0.108273748723,0.0499490316004,0.00101936799185,0.0,0.154396728016,0.0030612244898,0.0,0.00818833162743,0.153374233129,0.00204081632653,0.00206611570248,0.0910052910053,0.403415154749,0.00918484500574,0.0278884462151,0.116719242902
R,0.038418079096,0.0403825717322,0.10703043022,0.0663414634146,0.0622568093385,0.0776699029126,0.0,0.0,0.0,0.0,0.0,0.00291545189504,0.0,0.000970873786408,0.0,0.0,0.000967117988395,0.0,0.0,0.000965250965251,0.00964320154291,0.0482625482625,0.0,0.0675675675676,0.0048309178744,0.0821256038647,0.0,0.171814671815,0.0211480362538,0.0,0.00291262135922,0.00388349514563,0.294174757282,0.0,0.00778210116732,0.000972762645914,0.0,0.0,0.0,0.00484027105518,0.000968054211036,0.00290697674419,0.00291262135922,0.0281553398058,0.00971817298348,0.0330097087379,0.119373776908,0.18779342723,0.00681596884129,0.0371845949535,0.00971817298348,0.00103626943005,0.11639185257,0.00773694390716,0.0,0.0299806576402,0.00773694390716,0.000967117988395,0.00289855072464,0.111003861004,0.00675675675676,0.000964320154291,0.016393442623,0.019267822736,0.00192492781521,0.0,0.030739673391,0.00328407224959,0.000977517106549,0.0,0.0122324159021,0.00925925925926,0.0124640460211,0.19978858351,0.0,0.00190294957184,0.00285986653956,0.0,0.0,0.0,0.00382775119617,0.0152817574021,0.000954198473282,0.00191021967526,0.00286806883365,0.00190839694656,0.0,0.0,0.00858778625954,0.0,0.0,0.00571428571429,0.195817490494,0.027566539924,0.00761904761905,0.0276073619632,0.0627973358706,0.000956022944551,0.0402684563758,0.0114832535885,0.000955109837631,0.0,0.0,0.00095785440613,0.000958772770853,0.0,0.00287907869482,0.00191938579655,0.00095785440613,0.044976076555,0.00383141762452,0.0393852065322,0.0231213872832,0.0960614793468,0.0106382978723,0.0135658914729,0.0106241699867,0.00160256410256,0.0341463414634,0.0166666666667,0.0183189655172,0.00904977375566,0.102222222222,0.183266932271,0.26404494382,0.00609756097561,0.0251937984496,0.0289672544081,0.013079667063,0.043137254902,0.0233766233766,0.00113636363636,0.0675355450237,0.0198366394399,0.0935875216638,0.00813008130081,0.0463276836158,0.0104651162791,0.00922722029988,0.00985221674877,0.0331825037707,0.0404411764706,0.0185614849188,0.00969305331179,0.0572972972973,0.0183585313175,0.0182370820669,0.00710659898477,0.00611620795107,0.0243654822335,0.00202429149798,0.0323559150657,0.0421810699588,0.0314083080041,0.00710659898477,0.0151668351871,0.209939148073,0.0337078651685,0.0804828973843,0.00201005025126,0.0,0.00904522613065,0.043216080402,0.00201005025126,0.00603015075377,0.0159362549801,0.00494559841741,0.00228832951945,0.0204545454545,0.00568828213879,0.0193621867882,0.00342075256556,0.0505319148936,0.0149597238205,0.00133511348465,0.00816993464052,0.941368078176,0.0179104477612,0.0158982511924,0.125200642055,0.0350584307179,0.00635930047695,0.0374531835206,0.00362976406534,0.0078125,0.00230414746544,0.010395010395,0.061295971979,0.0334346504559,0.047256097561,0.025041736227,0.00469483568075,0.00906344410876,0.0612582781457,0.0117252931323,0.278056951424,0.000998003992016,0.00497512437811,0.0505450941526,0.00396825396825,0.328699106256,0.825223435948,0.00199600798403,0.001,0.00100200400802,0.0431293881645,0.00200400801603,0.0220883534137,0.0210631895687,0.00100300902708,0.127638190955,0.00303643724696,0.0,0.028659160696,0.0138888888889,0.0070351758794,0.0150753768844,0.00200803212851,0.386158475426,0.0723618090452,0.0,0.00200803212851,0.0924623115578,0.12537917088,0.00505561172902,0.015625,0.00865265760198,0.00469483568075,0.0557809330629,0.00302114803625,0.0513595166163,0.0117056856187,0.0,0.0229645093946,0.00240384615385,0.00303336703741,0.00202224469161,0.00202429149798,0.0010152284264,0.00202839756592,0.00203045685279,0.00101729399797,0.00203458799593,0.0844354018311,0.00101936799185,0.0755873340143,0.0101936799185,0.00305810397554,0.00365853658537,0.0623721881391,0.0357142857143,0.00101936799185,0.00818833162743,0.079754601227,0.00204081632653,0.0,0.037037037037,0.034151547492,0.0149253731343,0.0146082337317,0.0441640378549
Q,0.0497175141243,0.0393198724761,0.0577124868835,0.117073170732,0.0573929961089,0.021359223301,0.0,0.0,0.0,0.0,0.0,0.0,0.000970873786408,0.00291262135922,0.0184287099903,0.000967117988395,0.0,0.000967117988395,0.0,0.0,0.00289296046287,0.00772200772201,0.000965250965251,0.00482625482625,0.0,0.0550724637681,0.000966183574879,0.0376447876448,0.0130916414904,0.0,0.000970873786408,0.0184466019417,0.047572815534,0.0,0.0,0.0,0.0,0.0,0.0,0.0,0.0,0.00290697674419,0.0,0.00679611650485,0.0019436345967,0.0669902912621,0.0293542074364,0.0422535211268,0.0486854917235,0.0889774236388,0.0651117589893,0.00103626943005,0.0727449078565,0.000967117988395,0.00193236714976,0.0203094777563,0.161508704062,0.00193423597679,0.0,0.127413127413,0.0019305019305,0.0,0.0,0.0616570327553,0.00192492781521,0.0,0.0336215177714,0.0,0.0224828934506,0.0100401606426,0.0489296636086,0.0740740740741,0.0517737296261,0.0824524312896,0.0,0.0,0.0,0.0,0.000956937799043,0.00479386385427,0.0,0.00859598853868,0.0,0.0,0.0124282982792,0.0,0.000954198473282,0.0,0.0906488549618,0.0,0.0,0.012380952381,0.0342205323194,0.0,0.000952380952381,0.079754601227,0.00856327307326,0.0,0.0124640460211,0.0114832535885,0.0,0.0,0.0,0.00191570881226,0.0,0.000958772770853,0.000959692898273,0.000959692898273,0.00191570881226,0.0315789473684,0.0105363984674,0.0220941402498,0.173410404624,0.0634005763689,0.00773694390716,0.0077519379845,0.0942895086321,0.00961538461538,0.00878048780488,0.158823529412,0.1875,0.0135746606335,0.0711111111111,0.0318725099602,0.0280898876404,0.0,0.015503875969,0.0705289672544,0.0107015457788,0.0196078431373,0.0493506493506,0.0102272727273,0.0829383886256,0.0933488914819,0.230502599653,0.00271002710027,0.00677966101695,0.0186046511628,0.0392156862745,0.00369458128079,0.0165912518854,0.121323529412,0.0278422273782,0.0452342487884,0.0864864864865,0.0129589632829,0.0151975683891,0.00203045685279,0.00203873598369,0.010152284264,0.00101214574899,0.00707785642063,0.0133744855967,0.0921985815603,0.043654822335,0.093023255814,0.0223123732252,0.0633299284985,0.00804828973843,0.00201005025126,0.0,0.531658291457,0.185929648241,0.00100502512563,0.0241206030151,0.046812749004,0.105835806133,0.00228832951945,0.0170454545455,0.0147895335609,0.00569476082005,0.00912200684151,0.0212765957447,0.00460299194476,0.0,0.00326797385621,0.0,0.0268656716418,0.0222575516693,0.0128410914928,0.0450751252087,0.00635930047695,0.0430711610487,0.0127041742287,0.033203125,0.00921658986175,0.016632016632,0.0700525394046,0.0896656534954,0.0167682926829,0.0133555926544,0.00156494522692,0.0,0.0215231788079,0.0519262981575,0.00167504187605,0.0,0.00199004975124,0.013875123885,0.0,0.00993048659384,0.00198609731877,0.000998003992016,0.0,0.0,0.0641925777332,0.0,0.0341365461847,0.153460381143,0.0,0.0381909547739,0.00202429149798,0.00210526315789,0.0102354145343,0.0235042735043,0.027135678392,0.0884422110553,0.940763052209,0.0942828485456,0.0190954773869,0.0321931589537,0.0120481927711,0.109547738693,0.0222446916077,0.00202224469161,0.0125,0.0222496909765,0.0258215962441,0.122718052738,0.00100704934542,0.00604229607251,0.0150501672241,0.0,0.0480167014614,0.00120192307692,0.0,0.0,0.00101214574899,0.0,0.00202839756592,0.00812182741117,0.00101729399797,0.0,0.0356052899288,0.0,0.377936670072,0.147808358818,0.0,0.00121951219512,0.0654396728016,0.00816326530612,0.00101936799185,0.141248720573,0.0685071574642,0.00204081632653,0.00103305785124,0.128042328042,0.0192102454642,0.0137772675086,0.0265604249668,0.0252365930599
N,0.11186440678,0.0552603613177,0.0776495278069,0.0273170731707,0.079766536965,0.00679611650485,0.0,0.000971817298348,0.0,0.0,0.0,0.00777453838678,0.0,0.0145631067961,0.00193986420951,0.0,0.0,0.0,0.0125482625483,0.0,0.0,0.0,0.003861003861,0.000965250965251,0.0173913043478,0.000966183574879,0.0,0.011583011583,0.0574018126888,0.0,0.00388349514563,0.0145631067961,0.112621359223,0.0,0.00875486381323,0.0,0.0,0.0213799805637,0.000968054211036,0.0,0.0,0.00387596899225,0.0,0.00873786407767,0.379980563654,0.00776699029126,0.00978473581213,0.00625978090767,0.0194741966894,0.310756972112,0.0495626822157,0.0,0.0533462657614,0.00967117988395,0.0,0.0116054158607,0.00193423597679,0.00386847195358,0.141062801932,0.0135135135135,0.0,0.0,0.00289296046287,0.0414258188825,0.00192492781521,0.0,0.028818443804,0.00656814449918,0.000977517106549,0.00200803212851,0.0275229357798,0.135185185185,0.00575263662512,0.00634249471459,0.0,0.000951474785918,0.0,0.0,0.0,0.000958772770853,0.00765550239234,0.00286532951289,0.00763358778626,0.0,0.000956022944551,0.160305343511,0.000954198473282,0.000954198473282,0.00572519083969,0.000954198473282,0.0,0.00285714285714,0.0342205323194,0.0,0.00190476190476,0.0480572597137,0.0199809705043,0.0,0.00383509108341,0.0,0.00286532951289,0.0,0.0,0.0,0.0268456375839,0.0,0.00863723608445,0.0,0.00095785440613,0.0334928229665,0.120689655172,0.0528338136407,0.0915221579961,0.129682997118,0.00580270793037,0.00484496124031,0.0119521912351,0.0128205128205,0.0263414634146,0.0343137254902,0.0183189655172,0.00904977375566,0.106666666667,0.0119521912351,0.0280898876404,0.0243902439024,0.00968992248062,0.0239294710327,0.0142687277051,0.0457516339869,0.0207792207792,0.00568181818182,0.0142180094787,0.0863477246208,0.00866551126516,0.00677506775068,0.0214689265537,0.0139534883721,0.0219146482122,0.0431034482759,0.14479638009,0.0330882352941,0.178654292343,0.0969305331179,0.233513513514,0.0097192224622,0.0151975683891,0.0010152284264,0.00101936799185,0.0253807106599,0.00101214574899,0.0323559150657,0.00720164609053,0.0952380952381,0.00406091370558,0.0010111223458,0.00304259634888,0.0418794688458,0.0985915492958,0.00201005025126,0.00502512562814,0.227135678392,0.0311557788945,0.00301507537688,0.00301507537688,0.0179282868526,0.00197823936696,0.00572082379863,0.00340909090909,0.0182025028441,0.00113895216401,0.00228050171038,0.0292553191489,0.00230149597238,0.00133511348465,0.0016339869281,0.00162866449511,0.0,0.00953895071542,0.0465489566613,0.00834724540902,0.0127186009539,0.0449438202247,0.127041742287,0.1328125,0.0230414746544,0.02079002079,0.0367775831874,0.00911854103343,0.0868902439024,0.0834724540902,0.00312989045383,0.0,0.0711920529801,0.0150753768844,0.132328308208,0.0179640718563,0.0109452736318,0.01189296333,0.0,0.0357497517378,0.00198609731877,0.0,0.001,0.00100200400802,0.0,0.00100200400802,0.0281124497992,0.0260782347041,0.0100300902708,0.195979899497,0.0,0.00315789473684,0.0194472876151,0.00320512820513,0.0301507537688,0.00603015075377,0.00200803212851,0.0160481444333,0.0201005025126,0.00704225352113,0.00903614457831,0.0693467336683,0.35894843276,0.394337714863,0.009375,0.0506798516687,0.267605633803,0.0243407707911,0.00302114803625,0.00201409869084,0.00501672240803,0.0,0.0553235908142,0.0264423076923,0.0010111223458,0.0010111223458,0.0,0.00406091370558,0.0,0.00304568527919,0.0223804679552,0.00101729399797,0.0335707019329,0.00101936799185,0.023493360572,0.00407747196738,0.00101936799185,0.00365853658537,0.0449897750511,0.0122448979592,0.0,0.0133060388946,0.0235173824131,0.0030612244898,0.0,0.116402116402,0.0533617929562,0.0103329506315,0.0597609561753,0.0599369085174
E,0.105084745763,0.103081827843,0.168940188877,0.0478048780488,0.0175097276265,0.00388349514563,0.0,0.0,0.0,0.0,0.0,0.0,0.0611650485437,0.0,0.0,0.000967117988395,0.00870406189555,0.0,0.0,0.0,0.0221793635487,0.00579150579151,0.0,0.000965250965251,0.00966183574879,0.00772946859903,0.0,0.545366795367,0.154078549849,0.0,0.0,0.000970873786408,0.0174757281553,0.0,0.00194552529183,0.0,0.0,0.0204081632653,0.000968054211036,0.00193610842207,0.000968054211036,0.000968992248062,0.00291262135922,0.00970873786408,0.0106899902818,0.0116504854369,0.00782778864971,0.00156494522692,0.0379746835443,0.229747675963,0.3527696793,0.0,0.0242483026188,0.00483558994197,0.0,0.171179883946,0.280464216634,0.0,0.0,0.271235521236,0.000965250965251,0.0,0.00192864030858,0.308285163776,0.000962463907603,0.0,0.231508165226,0.00492610837438,0.0019550342131,0.00401606425703,0.039755351682,0.211111111111,0.735378715244,0.0105708245243,0.00190294957184,0.000951474785918,0.00095328884652,0.000954198473282,0.0,0.00958772770853,0.00382775119617,0.000955109837631,0.000954198473282,0.000955109837631,0.000956022944551,0.0,0.0,0.0,0.0200381679389,0.00286259541985,0.0,0.708571428571,0.0237642585551,0.0,0.000952380952381,0.335378323108,0.000951474785918,0.000956022944551,0.0287631831256,0.00287081339713,0.000955109837631,0.0,0.0,0.0,0.0,0.000958772770853,0.000959692898273,0.0,0.0,0.00956937799043,0.00862068965517,0.0576368876081,0.02408477842,0.0028818443804,0.000967117988395,0.0290697674419,0.0650730411687,0.00320512820513,0.00487804878049,0.252941176471,0.301724137931,0.0135746606335,0.257777777778,0.215139442231,0.061797752809,0.0731707317073,0.0290697674419,0.0591939546599,0.274673008323,0.16862745098,0.0233766233766,0.0215909090909,0.0450236966825,0.0758459743291,0.279029462738,0.0108401084011,0.0531073446328,0.0186046511628,0.0288350634371,0.0197044334975,0.0407239819005,0.0404411764706,0.204176334107,0.138933764136,0.0562162162162,0.0259179265659,0.0344478216819,0.00203045685279,0.00509683995923,0.0223350253807,0.00101214574899,0.056622851365,0.037037037037,0.240121580547,0.00406091370558,0.0,0.0588235294118,0.110316649642,0.00402414486922,0.00100502512563,0.0,0.00603015075377,0.0301507537688,0.0,0.0150753768844,0.0308764940239,0.651829871414,0.0240274599542,0.00227272727273,0.296928327645,0.00683371298405,0.00114025085519,0.0172872340426,0.0115074798619,0.0,0.00326797385621,0.00162866449511,0.0238805970149,0.00635930047695,0.0,0.0,0.00317965023847,0.00749063670412,0.308529945554,0.12890625,0.175115207373,0.0748440748441,0.0542907180385,0.355623100304,0.0487804878049,0.0267111853088,0.00156494522692,0.0,0.241721854305,0.556113902848,0.0,0.00698602794411,0.0626865671642,0.00594648166501,0.000992063492063,0.0119165839126,0.000993048659384,0.000998003992016,0.0,0.0,0.112337011033,0.0,0.153614457831,0.400200601805,0.00601805416249,0.0371859296482,0.00910931174089,0.00315789473684,0.0255885363357,0.263888888889,0.369849246231,0.0100502512563,0.00502008032129,0.212637913741,0.0180904522613,0.0010060362173,0.00100401606426,0.243216080402,0.093023255814,0.0,0.0166666666667,0.215080346106,0.0539906103286,0.423935091278,0.00100704934542,0.0785498489426,0.54347826087,0.00103519668737,0.150313152401,0.0769230769231,0.00202224469161,0.00404448938322,0.00101214574899,0.0010152284264,0.00101419878296,0.0,0.00203458799593,0.0,0.0111902339776,0.00101936799185,0.0725229826353,0.432212028542,0.0,0.0,0.0541922290389,0.00918367346939,0.00101936799185,0.0368474923234,0.425357873211,0.00102040816327,0.00309917355372,0.10582010582,0.0234791889007,0.0114810562572,0.0318725099602,0.0441640378549
D,0.0915254237288,0.0276301806589,0.0503672612802,0.0,0.0068093385214,0.00388349514563,0.0,0.0,0.0,0.0,0.000969932104753,0.000971817298348,0.00194174757282,0.0,0.0,0.0,0.0,0.0,0.0,0.0,0.0192864030858,0.00868725868726,0.0,0.0,0.0106280193237,0.00289855072464,0.0,0.00675675675676,0.036253776435,0.0,0.00582524271845,0.000970873786408,0.0135922330097,0.0,0.0515564202335,0.000972762645914,0.0,0.953352769679,0.0,0.00580832526621,0.0,0.0,0.00291262135922,0.0126213592233,0.355685131195,0.00485436893204,0.000978473581213,0.00625978090767,0.0321324245375,0.160690571049,0.204081632653,0.00103626943005,0.0320077594568,0.00870406189555,0.0,0.145067698259,0.435203094778,0.000967117988395,0.0183574879227,0.0357142857143,0.0019305019305,0.0,0.00289296046287,0.368015414258,0.0,0.0,0.0605187319885,0.00821018062397,0.0019550342131,0.0180722891566,0.155963302752,0.268518518519,0.0882070949185,0.00105708245243,0.000951474785918,0.0,0.0,0.0,0.000956937799043,0.000958772770853,0.0966507177033,0.000955109837631,0.00190839694656,0.000955109837631,0.000956022944551,0.00190839694656,0.0,0.0,0.0248091603053,0.0,0.00095328884652,0.155238095238,0.00285171102662,0.00190114068441,0.000952380952381,0.132924335378,0.0,0.0,0.0210930009588,0.000956937799043,0.000955109837631,0.0,0.0,0.00095785440613,0.00383509108341,0.000958772770853,0.00959692898273,0.0,0.00095785440613,0.281339712919,0.0622605363985,0.0768491834774,0.014450867052,0.0249759846302,0.00290135396518,0.062015503876,0.254980079681,0.00961538461538,0.00487804878049,0.106862745098,0.101293103448,0.00452488687783,0.0177777777778,0.0119521912351,0.0280898876404,0.0,0.158914728682,0.125944584383,0.123662306778,0.124183006536,0.0116883116883,0.00795454545455,0.654028436019,0.0758459743291,0.0051993067591,0.00406504065041,0.0112994350282,0.00348837209302,0.181084198385,0.0418719211823,0.0377073906486,0.128676470588,0.178654292343,0.329563812601,0.0183783783784,0.0399568034557,0.00709219858156,0.0010152284264,0.00305810397554,0.0771573604061,0.00303643724696,0.117290192113,0.0102880658436,0.0526849037487,0.0131979695431,0.0010111223458,0.00405679513185,0.130745658836,0.00503018108652,0.00100502512563,0.00100502512563,0.0150753768844,0.0462311557789,0.00100502512563,0.00502512562814,0.0348605577689,0.0128585558853,0.868421052632,0.0,0.0159271899886,0.00569476082005,0.0,0.0,0.00345224395857,0.00267022696929,0.00326797385621,0.00162866449511,0.0,0.00317965023847,0.0,0.00333889816361,0.00158982511924,0.0337078651685,0.212341197822,0.50390625,0.0506912442396,0.168399168399,0.0210157618214,0.0790273556231,0.0289634146341,0.00500834724541,0.0219092331768,0.0,0.0877483443709,0.0469011725293,0.0,0.000998003992016,0.044776119403,0.00297324083251,0.0,0.0218470705065,0.0,0.00499001996008,0.0,0.0,0.0,0.00200400801603,0.0983935742972,0.1444332999,0.964894684052,0.00502512562814,0.00303643724696,0.0,0.0255885363357,0.00854700854701,0.272361809045,0.00301507537688,0.00200803212851,0.0792377131394,0.00402010050251,0.0,0.0,0.0804020100503,0.0323559150657,0.00808897876643,0.00104166666667,0.0494437577256,0.328638497653,0.0943204868154,0.00503524672709,0.0,0.0133779264214,0.0,0.122129436326,0.175480769231,0.0010111223458,0.899898887765,0.00202429149798,0.0,0.00101419878296,0.0,0.0,0.00203458799593,0.0111902339776,0.00101936799185,0.0275791624106,0.0366972477064,0.0,0.00121951219512,0.168711656442,0.0,0.0,0.0112589559877,0.0777096114519,0.00204081632653,0.00413223140496,0.116402116402,0.0213447171825,0.0114810562572,0.0464807436919,0.0220820189274
S,0.0734463276836,0.0595111583422,0.0745015739769,0.0546341463415,0.0437743190661,0.00388349514563,0.000970873786408,0.0,0.0,0.0,0.00290979631426,0.00291545189504,0.0922330097087,0.0660194174757,0.00581959262852,0.00773694390716,0.0406189555126,0.000967117988395,0.158301158301,0.0019305019305,0.00192864030858,0.0019305019305,0.0173745173745,0.0241312741313,0.0685990338164,0.0251207729469,0.000966183574879,0.011583011583,0.339375629406,0.0,0.00582524271845,0.000970873786408,0.0330097087379,0.00582524271845,0.103112840467,0.0262645914397,0.00194174757282,0.000971817298348,0.00387221684414,0.0367860600194,0.0948693126815,0.68023255814,0.000970873786408,0.00679611650485,0.0495626822157,0.11359223301,0.0958904109589,0.0892018779343,0.0457643622201,0.0185922974768,0.152575315841,0.00103626943005,0.0640155189137,0.510638297872,0.00869565217391,0.303675048356,0.0203094777563,0.00290135396518,0.285024154589,0.0415057915058,0.00579150579151,0.0,0.0106075216972,0.0462427745665,0.0,0.000961538461538,0.155619596542,0.665024630542,0.0156402737048,0.0401606425703,0.0642201834862,0.037037037037,0.00958772770853,0.00739957716702,0.00190294957184,0.0,0.00095328884652,0.0,0.0124401913876,0.00383509108341,0.86985645933,0.0296084049666,0.00954198473282,0.0,0.00669216061185,0.333015267176,0.0,0.486641221374,0.0124045801527,0.00763358778626,0.0181124880839,0.00190476190476,0.037072243346,0.000950570342205,0.04,0.102249488753,0.00285442435775,0.0,0.431447746884,0.00574162679426,0.0448901623687,0.00191570881226,0.0,0.00095785440613,0.110258868648,0.0565675934803,0.0460652591171,0.0,0.0114942528736,0.103349282297,0.0909961685824,0.0374639769452,0.0645472061657,0.261287223823,0.036750483559,0.343992248062,0.0318725099602,0.0496794871795,0.0507317073171,0.109803921569,0.0140086206897,0.0135746606335,0.0488888888889,0.243027888446,0.168539325843,0.0914634146341,0.127906976744,0.0566750629723,0.133174791914,0.142483660131,0.0324675324675,0.025,0.00829383886256,0.169194865811,0.0173310225303,0.00677506775068,0.090395480226,0.0662790697674,0.0668973471742,0.0233990147783,0.11161387632,0.0845588235294,0.0626450116009,0.100161550889,0.0540540540541,0.0475161987041,0.0506585612969,0.402030456853,0.0295616717635,0.0558375634518,0.0182186234818,0.0222446916077,0.0195473251029,0.09726443769,0.0253807106599,0.010111223458,0.157200811359,0.162410623085,0.0221327967807,0.00502512562814,0.00804020100503,0.0241206030151,0.00804020100503,0.732663316583,0.154773869347,0.0707171314741,0.00494559841741,0.00572082379863,0.0829545454545,0.0295790671217,0.00569476082005,0.0296465222349,0.0651595744681,0.196777905639,0.0173564753004,0.0016339869281,0.00651465798046,0.0089552238806,0.214626391097,0.345104333868,0.0283806343907,0.00794912559618,0.0823970037453,0.128856624319,0.0234375,0.00691244239631,0.307692307692,0.0297723292469,0.0212765957447,0.0381097560976,0.290484140234,0.0,0.543806646526,0.0612582781457,0.0201005025126,0.00837520938023,0.00499001996008,0.00597014925373,0.629335976214,0.0119047619048,0.0536246276068,0.00595829195631,0.0109780439122,0.004,0.00100200400802,0.00802407221665,0.0991983967936,0.0271084337349,0.00601805416249,0.00802407221665,0.00904522613065,0.0587044534413,0.0263157894737,0.14022517912,0.0192307692308,0.0572864321608,0.0120603015075,0.00200803212851,0.00300902708124,0.0854271356784,0.00603621730382,0.00100401606426,0.0623115577889,0.0677451971689,0.150657229525,0.021875,0.097651421508,0.0211267605634,0.0152129817444,0.00604229607251,0.00100704934542,0.0217391304348,0.00310559006211,0.053235908142,0.00961538461538,0.41456016178,0.0273003033367,0.00506072874494,0.260913705584,0.0131845841785,0.00203045685279,0.00813835198372,0.87995930824,0.0162767039674,0.0112130479103,0.0194075587334,0.0784913353721,0.00203873598369,0.136585365854,0.108384458078,0.0775510204082,0.00203873598369,0.0368474923234,0.0511247443763,0.0173469387755,0.13326446281,0.0497354497354,0.0907150480256,0.036739380023,0.142098273572,0.110410094637
T,0.0497175141243,0.0223166843783,0.0304302203568,0.16,0.0262645914397,0.0485436893204,0.000970873786408,0.000971817298348,0.000969932104753,0.000971817298348,0.000969932104753,0.0291545189504,0.0174757281553,0.000970873786408,0.00484966052376,0.0,0.000967117988395,0.0,0.030888030888,0.0,0.000964320154291,0.00289575289575,0.131274131274,0.0250965250965,0.278260869565,0.00289855072464,0.0,0.0183397683398,0.0181268882175,0.0454545454545,0.0,0.00194174757282,0.0349514563107,0.00873786407767,0.709143968872,0.0807392996109,0.0,0.0019436345967,0.0,0.173281703775,0.00290416263311,0.00678294573643,0.0,0.0592233009709,0.0,0.0854368932039,0.220156555773,0.018779342723,0.116845180136,0.0371845949535,0.0806608357629,0.00621761658031,0.146459747818,0.394584139265,0.000966183574879,0.0241779497099,0.00580270793037,0.00290135396518,0.095652173913,0.00579150579151,0.000965250965251,0.00192864030858,0.137897782064,0.0308285163776,0.0202117420597,0.000961538461538,0.0365033621518,0.0821018062397,0.00684261974585,0.00602409638554,0.00917431192661,0.0185185185185,0.00287631831256,0.00528541226216,0.0104662226451,0.00666032350143,0.0,0.0,0.000956937799043,0.000958772770853,0.000956937799043,0.018147086915,0.000954198473282,0.0,0.0162523900574,0.0276717557252,0.00954198473282,0.131679389313,0.00381679389313,0.0162213740458,0.0343183984747,0.00190476190476,0.0446768060837,0.000950570342205,0.012380952381,0.0296523517382,0.000951474785918,0.0105162523901,0.0124640460211,0.0172248803828,0.00477554918816,0.00095785440613,0.0,0.00287356321839,0.389261744966,0.00479386385427,0.169865642994,0.00767754318618,0.00287356321839,0.0650717703349,0.210727969349,0.112391930836,0.0202312138728,0.0624399615754,0.135396518375,0.0639534883721,0.0159362549801,0.301282051282,0.0468292682927,0.0392156862745,0.0183189655172,0.00452488687783,0.0355555555556,0.0398406374502,0.061797752809,0.268292682927,0.0542635658915,0.0340050377834,0.0321046373365,0.0222222222222,0.00779220779221,0.00909090909091,0.0142180094787,0.275379229872,0.0259965337955,0.0271002710027,0.167231638418,0.0523255813953,0.0173010380623,0.0270935960591,0.110105580694,0.0147058823529,0.0139211136891,0.00969305331179,0.0162162162162,0.024838012959,0.6484295846,0.178680203046,0.0142711518858,0.0598984771574,0.00404858299595,0.0111223458038,0.0267489711934,0.0243161094225,0.00710659898477,0.0212335692619,0.0314401622718,0.106230847804,0.0291750503018,0.00201005025126,0.00502512562814,0.0190954773869,0.0100502512563,0.0402010050251,0.0150753768844,0.0816733067729,0.00395647873393,0.00800915331808,0.0113636363636,0.339021615472,0.00683371298405,0.00912200684151,0.182180851064,0.187571921749,0.00801068090788,0.0277777777778,0.00488599348534,0.0388059701493,0.0556438791733,0.0112359550562,0.0133555926544,0.0238473767886,0.119850187266,0.0290381125227,0.013671875,0.00460829493088,0.0644490644491,0.077057793345,0.0668693009119,0.0289634146341,0.0517529215359,0.00625978090767,0.419939577039,0.0248344370861,0.00837520938023,0.00502512562814,0.00798403193613,0.0,0.0802775024777,0.0128968253968,0.06454816286,0.00794438927507,0.0059880239521,0.0,0.00200400801603,0.00501504513541,0.317635270541,0.132530120482,0.0,0.0,0.00201005025126,0.0668016194332,0.00631578947368,0.124872057318,0.0106837606838,0.0190954773869,0.00804020100503,0.0,0.00300902708124,0.0130653266332,0.0110663983903,0.0190763052209,0.0291457286432,0.0202224469161,0.0444893832154,0.00208333333333,0.0729295426452,0.0352112676056,0.0141987829615,0.0110775427996,0.0100704934542,0.00501672240803,0.00103519668737,0.00939457202505,0.00120192307692,0.0808897876643,0.00202224469161,0.00506072874494,0.00304568527919,0.0172413793103,0.00406091370558,0.00406917599186,0.0233977619532,0.0528992878942,0.0295616717635,0.0357507660878,0.0203873598369,0.00203873598369,0.0243902439024,0.0449897750511,0.0479591836735,0.00203873598369,0.0112589559877,0.0153374233129,0.00612244897959,0.0134297520661,0.0687830687831,0.0565635005336,0.0218140068886,0.0557768924303,0.0662460567823
-,0.17750929368,0.124535315985,0.114312267658,0.0473977695167,0.0446096654275,0.042750929368,0.042750929368,0.042750929368,0.0418215613383,0.042750929368,0.0418215613383,0.0436802973978,0.042750929368,0.042750929368,0.0418215613383,0.0390334572491,0.0381040892193,0.0381040892193,0.0371747211896,0.0362453531599,0.0362453531599,0.0371747211896,0.0371747211896,0.0371747211896,0.0381040892193,0.0381040892193,0.0381040892193,0.0371747211896,0.0771375464684,0.979553903346,0.042750929368,0.042750929368,0.042750929368,0.042750929368,0.0446096654275,0.0446096654275,0.042750929368,0.0436802973978,0.0399628252788,0.0399628252788,0.0390334572491,0.0408921933086,0.042750929368,0.042750929368,0.042750929368,0.042750929368,0.0501858736059,0.406133828996,0.0455390334572,0.300185873606,0.0436802973978,0.103159851301,0.0408921933086,0.0381040892193,0.0381040892193,0.0381040892193,0.0381040892193,0.0381040892193,0.0371747211896,0.0362453531599,0.0362453531599,0.0353159851301,0.0334572490706,0.0343866171004,0.0343866171004,0.0325278810409,0.0325278810409,0.434014869888,0.0492565055762,0.53717472119,0.696096654275,0.498141263941,0.0297397769517,0.120817843866,0.0232342007435,0.0232342007435,0.025092936803,0.0260223048327,0.0288104089219,0.0306691449814,0.0288104089219,0.0269516728625,0.0260223048327,0.0269516728625,0.0269516728625,0.0260223048327,0.0260223048327,0.0260223048327,0.0260223048327,0.0260223048327,0.0241635687732,0.0241635687732,0.0223048327138,0.0223048327138,0.0232342007435,0.0901486988848,0.0232342007435,0.0278810408922,0.0297397769517,0.0288104089219,0.0269516728625,0.0297397769517,0.0297397769517,0.0297397769517,0.0306691449814,0.0306691449814,0.0315985130112,0.0306691449814,0.0297397769517,0.0288104089219,0.0297397769517,0.0325278810409,0.0353159851301,0.0325278810409,0.0390334572491,0.0408921933086,0.300185873606,0.420074349442,0.0473977695167,0.0520446096654,0.137546468401,0.794609665428,0.790892193309,0.766728624535,0.834572490706,0.847583643123,0.519516728625,0.262081784387,0.217472118959,0.289033457249,0.283457249071,0.181226765799,0.2156133829,0.203531598513,0.46375464684,0.314126394052,0.17750929368,0.200743494424,0.193308550186,0.245353159851,0.383828996283,0.747211895911,0.599442379182,0.424721189591,0.140334572491,0.138475836431,0.0827137546468,0.0845724907063,0.0873605947955,0.0845724907063,0.0817843866171,0.0808550185874,0.0966542750929,0.0827137546468,0.0845724907063,0.0808550185874,0.0836431226766,0.0901486988848,0.0762081784387,0.0752788104089,0.0752788104089,0.0752788104089,0.0752788104089,0.0752788104089,0.0752788104089,0.0669144981413,0.0604089219331,0.187732342007,0.182156133829,0.183085501859,0.184014869888,0.184944237918,0.301115241636,0.192379182156,0.303903345725,0.431226765799,0.42936802974,0.688661710037,0.415427509294,0.421003717472,0.443308550186,0.415427509294,0.502788104089,0.487918215613,0.524163568773,0.596654275093,0.552973977695,0.469330855019,0.388475836431,0.390334572491,0.443308550186,0.406133828996,0.692379182156,0.438661710037,0.445167286245,0.445167286245,0.0687732342007,0.0659851301115,0.0622676579926,0.0631970260223,0.064126394052,0.064126394052,0.0687732342007,0.0706319702602,0.0724907063197,0.0724907063197,0.0724907063197,0.0743494423792,0.0734200743494,0.0734200743494,0.0752788104089,0.0817843866171,0.117100371747,0.0920074349442,0.130111524164,0.0752788104089,0.0752788104089,0.0743494423792,0.0734200743494,0.0752788104089,0.0762081784387,0.0743494423792,0.0752788104089,0.0808550185874,0.0808550185874,0.10687732342,0.248141263941,0.604089219331,0.0836431226766,0.0771375464684,0.0771375464684,0.444237918216,0.102230483271,0.109665427509,0.226765799257,0.0808550185874,0.0808550185874,0.0817843866171,0.0827137546468,0.0836431226766,0.0836431226766,0.0864312267658,0.0864312267658,0.0864312267658,0.0882899628253,0.0901486988848,0.0882899628253,0.0882899628253,0.237918215613,0.0910780669145,0.089219330855,0.0882899628253,0.0920074349442,0.0910780669145,0.089219330855,0.100371747212,0.121747211896,0.129182156134,0.190520446097,0.300185873606,0.704460966543
other,0.0,0.00092936802974,0.0,0.0,0.0,0.0,0.0,0.00092936802974,0.0,0.00092936802974,0.0,0.0,0.0,0.0,0.0,0.0,0.00092936802974,0.00092936802974,0.0,0.00092936802974,0.0,0.0,0.0,0.0,0.0,0.0,0.0,0.0,0.0,0.0,0.0,0.0,0.0,0.0,0.0,0.0,0.0,0.0,0.0,0.0,0.00092936802974,0.0,0.0,0.0,0.00092936802974,0.0,0.0,0.0,0.0,0.0,0.0,0.0,0.00092936802974,0.00092936802974,0.0,0.00092936802974,0.00092936802974,0.00092936802974,0.00092936802974,0.00092936802974,0.00092936802974,0.00092936802974,0.00278810408922,0.00092936802974,0.0,0.00092936802974,0.0,0.0,0.0,0.0,0.0,0.0,0.00092936802974,0.0,0.0,0.0,0.0,0.0,0.0,0.0,0.0,0.0,0.0,0.0,0.00092936802974,0.0,0.0,0.0,0.0,0.0,0.00092936802974,0.0,0.0,0.0,0.00092936802974,0.00092936802974,0.0,0.0,0.00092936802974,0.0,0.0,0.0,0.0,0.0,0.0,0.0,0.0,0.00092936802974,0.0,0.0,0.0,0.0,0.0,0.0,0.0,0.0,0.0,0.0,0.0,0.0,0.0,0.0,0.0,0.0,0.0,0.0,0.00092936802974,0.0,0.00092936802974,0.0,0.00092936802974,0.00092936802974,0.0,0.0,0.0,0.0,0.0,0.0,0.00092936802974,0.0,0.0,0.0,0.0,0.0,0.0,0.00092936802974,0.0,0.0,0.00092936802974,0.0,0.0,0.0,0.0,0.0,0.0,0.0,0.0,0.0,0.0,0.0,0.0,0.0,0.0,0.0,0.0,0.0,0.0,0.0,0.0,0.0,0.0,0.0,0.0,0.0,0.0,0.0,0.0,0.0,0.0,0.0,0.0,0.0,0.00092936802974,0.0,0.0,0.0,0.0,0.0,0.0,0.0,0.0,0.0,0.0,0.0,0.0,0.0,0.0,0.0,0.0,0.0,0.0,0.0,0.0,0.0,0.0,0.00092936802974,0.0,0.0,0.0,0.0,0.0,0.0,0.0,0.0,0.0,0.0,0.0,0.0,0.0,0.0,0.0,0.0,0.0,0.0,0.0,0.00092936802974,0.0,0.0,0.0,0.0,0.0,0.0,0.0,0.0,0.0,0.0,0.0,0.0,0.00185873605948,0.0,0.00092936802974,0.0,0.0,0.0,0.0,0.0,0.0,0.0,0.0,0.0,0.0,0.0,0.0,0.0,0.0,0.0,0.0,0.0,0.0,0.0,0.00092936802974
