G,68,63,7,0,0,0,0,1,0,966,153,345,61,1007,99,0,0,0,1,0,1,3,1,3,1,0,2,46,1004,0,4,1,1,3,0,0,0,112,342,13,1008,15,2,6,14,3,3,7,28,1,21,9,0,4,8,0,4,14,1,0,3,12,0,3,22,36,48,12,9,37,33,2,1,2,2,1,912,0,11,7,977,1024,24,37,1,25,3,5,1,1,0,2,4,25,2,1,7,7,94,1,1,0,21,27,6,2,1,175,5,318,7,5,10,44,5,2,4,20,58,7,1,4,1,5,144,40,5,17,35,4,5,4,44,65,4,353,9,5,68,9,10,95,27,80,5,4,5,494,1,10,6,3,6,0,59,7,1,12,7,5,7,5,2,9,3,4,4,89,7,1,5,13,17,0,173,26,0,2,26,44,5,7,20,25,50,11,23,13,7,45,55,213,3,786,9,36,3,1,6,3,0,6,17,89,29,1,11,63,4,9,5,31,5,1,2,2,0,0,7,7,11,17,91,1,55,2,3,3,4,10,498,59,35,1,0,8,0,1,2,2,2,13,18,1,5,14,1,1,10,17,4,20,22,14,8,42
P,33,41,34,4,0,0,2,0,6,0,7,0,1,0,4,0,1,0,1,0,0,0,319,2,0,1,1,2,0,0,2,55,0,14,62,0,1,93,0,0,0,2,0,328,0,102,121,1,2,0,86,0,4,6,0,0,0,1,938,1,1,0,0,0,2,0,549,205,5,0,10,46,1,0,2,1,1,1,1,2,1,1,11,85,0,1,0,0,0,0,1,0,836,1,1,1,1,0,0,1,0,2,2,1,2,4,650,35,222,17,5,170,361,34,18,13,6,13,15,37,1,0,3,31,26,31,11,11,3,14,18,4,1,88,2,2,5,71,16,66,513,512,19,10,2,2,11,1,521,2,2,0,23,0,9,3,3,25,1,0,724,249,0,2,3,8,2,2,2,5,0,2,4,619,4,209,14,1,23,30,5,3,2,5,4,87,31,1,1,62,23,1,0,2,2,0,293,0,0,0,0,2,0,33,0,1,1,1,0,332,251,20,0,0,1,0,1,0,0,0,0,293,631,3,2,0,3,0,1,34,1,0,0,1,0,494,0,0,0,0,879,4,5,0,0,2,0,0,3,0,0,4,2,7,90,44
A,75,23,84,1,0,0,3,4,1,9,423,15,3,6,862,0,25,0,2,2,6,168,223,59,1,2,70,418,5,2,11,97,12,687,1,0,0,482,563,158,10,73,1,23,58,28,143,4,23,12,57,4,4,141,19,1,88,33,44,6,14,28,112,2,309,136,64,72,4,0,6,0,33,3,1,4,98,0,3,110,33,1,189,97,58,333,43,919,219,2,33,24,18,22,6,0,309,263,704,7,1,76,352,932,126,25,12,38,13,49,22,19,84,118,46,22,34,37,14,1,1,6,1,14,28,74,19,5,5,9,16,3,21,22,0,92,11,5,17,29,36,37,14,178,129,35,8,1,9,30,19,43,242,6,30,25,2,13,18,2,15,111,1,19,18,253,10,801,56,50,6,30,0,46,73,15,22,0,13,34,107,17,38,83,62,36,38,4,4,53,67,17,35,38,36,21,28,2,118,4,2,2,104,75,18,4,9,340,13,13,29,57,37,3,0,7,1,4,36,2,45,13,30,30,13,19,3,7,4,86,29,371,4,3,54,163,2,4,30,75,9,27,104,5,43,65,15,2,26,27,97,683,115,33,18,172
V,17,26,9,2,20,845,5,852,0,3,52,1,12,2,2,0,18,1,0,0,380,150,5,19,3,2,3,35,1,2,13,847,39,92,213,1,0,8,1,0,0,198,0,6,16,6,193,2,1,411,71,0,44,26,12,0,174,5,0,57,41,5,65,51,24,6,5,8,0,0,1,0,513,319,32,1004,1,0,0,14,2,0,68,64,243,5,51,51,5,1,11,5,2,1,0,260,11,344,34,812,1,406,7,2,46,77,86,12,38,35,3,19,41,37,36,380,70,8,3,17,3,0,14,2,22,9,23,21,4,5,76,55,13,52,11,6,2,1,2,1,9,8,33,15,151,63,78,0,8,5,25,45,11,0,13,62,1,4,2,12,1,77,3,21,205,37,7,21,7,155,19,297,6,57,25,14,27,15,95,16,6,42,17,27,10,7,68,82,6,4,8,7,38,3,3,780,3,1,495,2,257,390,18,7,1,1,17,188,119,35,69,10,92,13,2,0,8,63,1,1,8,1,43,33,11,836,67,118,51,10,3,8,0,0,13,207,4,12,2,15,7,21,15,40,14,11,23,4,179,3,79,45,27,13,18,29
L,23,8,18,0,33,58,964,12,2,0,77,7,48,0,0,0,8,0,1,9,287,23,1,644,911,1,20,39,0,65,28,2,4,3,472,0,878,2,0,8,0,16,0,103,9,5,167,41,2,173,68,9,396,8,15,1,45,19,1,932,362,3,239,493,4,5,33,14,0,0,0,1,31,7,972,6,1,1,0,283,0,1,371,4,200,1,360,7,78,7,120,14,5,14,8,9,35,96,96,1,1,387,3,1,117,93,211,9,34,16,183,29,90,150,15,134,256,22,9,122,12,3,1,8,36,20,102,351,30,13,14,181,20,69,13,2,88,4,3,10,44,100,32,35,115,241,241,1,25,31,163,434,4,2,10,495,13,8,462,4,9,61,2,5,403,5,890,14,93,98,691,163,3,4,60,12,291,19,83,16,16,262,90,111,2,1,219,428,30,2,14,2,8,1,20,10,2,12,5,3,17,32,15,135,13,0,136,86,220,31,95,6,156,5,64,44,19,2,2,31,0,18,6,0,31,19,56,14,240,12,3,1,1,1,12,28,15,224,3,2,1,65,62,872,12,26,79,866,360,4,44,21,13,50,49,14
I,15,24,20,4,78,114,1,154,0,0,86,3,5,0,0,0,18,0,0,0,190,214,0,24,20,2,1,6,0,1,11,5,40,5,250,0,0,4,0,2,0,559,0,3,29,3,214,1,3,333,24,3,129,3,0,0,21,1,0,35,153,1,51,91,4,0,7,5,0,0,2,2,23,694,19,18,0,1,1,43,0,0,148,10,499,5,69,3,39,3,56,15,0,1,0,733,4,12,38,202,0,137,0,2,38,16,23,7,25,29,22,7,52,14,18,130,116,7,7,4,10,0,4,9,19,5,12,8,7,10,66,46,4,91,27,0,4,2,8,15,5,24,27,12,169,130,80,0,1,8,36,87,4,1,12,61,5,0,5,2,0,114,1,15,106,20,5,7,10,40,4,63,0,5,22,10,41,9,59,5,25,40,16,25,6,3,104,31,4,3,8,1,27,0,7,106,2,0,102,0,689,118,3,7,1,0,19,90,423,13,58,1,38,7,3,0,42,472,1,0,16,6,4,7,9,34,51,9,568,1,0,1,1,0,5,22,5,51,1,2,0,16,8,11,1,3,26,43,50,2,694,15,8,120,20,12
M,19,103,7,0,2,5,4,0,1,0,28,4,2,1,1,0,1,1,0,0,8,22,4,43,97,0,0,4,0,1,5,0,1,5,12,0,138,9,0,8,0,9,1,119,3,0,12,0,0,2,8,0,36,10,5,0,1,4,0,0,230,0,6,370,13,1,0,3,0,0,0,2,0,5,3,3,0,0,0,150,0,0,81,5,17,1,32,5,608,1,85,4,1,1,2,9,1,41,4,4,0,5,0,0,11,794,6,2,0,1,10,11,60,5,4,101,28,10,8,7,15,0,3,2,9,7,8,192,113,13,3,19,2,20,1,1,9,1,2,0,4,10,27,0,137,84,43,1,0,13,21,193,0,0,19,52,5,1,51,0,0,8,1,0,4,16,8,5,74,226,13,218,4,2,6,1,31,2,36,6,5,40,53,76,21,1,14,4,1,8,10,1,5,1,10,1,4,1,3,1,5,32,4,45,2,1,12,47,72,9,9,1,39,1,13,1,437,4,1,13,2,1,0,0,6,3,102,6,85,5,0,1,0,0,504,4,530,67,0,18,0,7,5,3,0,1,0,2,21,8,5,1,10,13,6,4
C,11,3,1,0,0,0,0,0,0,0,0,492,0,0,0,1,752,0,4,1,1,1,65,3,0,0,3,9,1,5,32,1,4,104,0,0,2,1,3,73,1,0,0,0,7,4,0,2,4,0,2,10,26,2,1,13,31,0,0,0,10,0,3,1,1,6,3,2,1,0,0,0,0,0,0,0,2,0,1,25,1,1,4,203,1,3,5,0,23,22,8,12,2,25,1,1,7,2,5,0,0,0,125,1,9,0,3,20,31,1,4,14,3,0,1,2,2,0,3,6,0,0,1,6,1,0,2,1,4,54,2,6,3,3,14,1,1,2,6,18,4,1,1,4,1,1,5,1,1,1,11,0,3,0,3,3,8,1,9,206,1,0,2,3,17,3,0,5,7,7,4,1,32,0,8,12,5,4,1,1,1,6,2,2,1,0,5,4,2,0,0,0,1,1,12,0,2,3,2,4,0,0,382,2,0,0,11,10,4,1,8,1,2,0,2,1,0,2,2,1,8,5,2,2,2,0,5,1,0,1,17,4,0,0,64,1,2,11,63,2,0,1,0,0,228,7,140,0,8,3,1,3,4,2,14,39
F,2,10,1,0,822,1,44,0,0,0,10,22,156,0,1,2,4,3,59,0,1,0,0,7,1,0,0,10,1,111,2,4,1,0,14,0,4,1,1,3,0,8,0,5,59,1,7,5,2,2,31,3,377,11,0,19,71,0,2,5,33,1,467,21,1,1,0,1,0,0,0,0,1,5,2,2,0,4,1,223,0,1,57,1,1,0,27,13,0,0,4,792,0,10,1,5,6,5,0,2,781,3,0,1,305,3,6,0,41,4,108,1,52,78,55,15,203,1,3,30,0,0,0,22,5,44,70,67,2,8,49,386,13,25,214,1,3,2,2,7,5,6,3,26,164,81,459,0,10,4,396,11,0,2,3,155,196,1,9,0,1,2,0,0,39,5,14,4,5,6,5,2,5,14,43,7,49,374,4,3,3,6,104,11,2,3,15,233,5,0,2,3,114,0,1,2,1,0,156,271,4,5,6,1,3,0,12,4,46,2,8,8,341,4,2,12,4,1,1,2,64,14,6,0,2,13,182,8,4,1,0,2,0,1,7,0,369,533,1,0,0,59,0,21,115,10,9,31,2,0,5,3,4,13,66,13
Y,9,3,5,2,70,0,0,0,0,0,0,7,17,0,0,3,8,10,858,1,1,0,1,2,0,0,1,3,0,137,6,0,2,0,0,0,0,0,2,1,0,0,0,3,8,0,6,1,3,0,7,2,6,17,0,976,24,0,1,0,9,3,66,0,1,0,0,2,0,0,0,0,0,0,0,0,0,2,1,70,1,0,45,0,0,0,177,0,0,6,10,110,4,4,0,1,17,0,1,1,244,0,3,0,104,0,7,2,13,2,24,1,61,3,199,17,67,2,3,15,1,2,1,0,3,15,30,2,0,6,13,111,1,7,377,0,2,3,3,4,2,1,1,10,25,11,19,1,8,2,119,7,1,1,26,90,713,1,6,0,1,3,1,2,44,7,27,3,5,18,2,2,0,5,4,36,9,95,3,2,0,3,7,15,0,1,2,15,1,0,4,1,677,1,3,0,1,1,31,684,1,5,2,0,11,1,14,0,3,1,3,2,105,0,5,20,3,0,0,4,42,5,7,0,2,1,137,6,1,4,0,0,1,0,0,0,4,9,1,2,0,2,1,0,17,6,28,1,3,4,0,3,21,4,401,27
W,1,1,0,0,1,0,0,0,0,1,0,36,0,0,0,1017,0,1012,0,0,0,0,5,1,0,0,0,6,0,0,1,0,0,2,2,0,2,0,0,1,1,0,0,0,0,1,0,0,0,0,0,0,2,3,0,6,2,0,1,0,1,0,0,0,0,0,0,0,0,0,0,0,0,0,0,0,0,0,0,11,0,0,0,1,0,0,3,0,0,0,8,1,0,2,0,0,0,0,0,0,1,0,0,0,8,0,0,9,3,0,0,9,0,1,0,1,5,1,8,1,1,0,0,1,1,0,220,2,1,0,0,0,2,5,0,0,0,0,0,0,0,2,0,5,8,1,5,1,1,2,5,2,1,0,0,1,1,0,0,0,0,0,0,0,32,0,1,2,1,1,1,0,0,1,1,5,8,0,0,0,0,2,6,2,0,0,1,2,2,4,0,1,9,0,0,0,0,0,5,1,0,7,0,0,0,0,1,0,1,5,0,0,2,0,8,406,0,0,0,1,0,135,0,0,1,1,1,1,1,0,1,0,0,0,1,0,0,1,0,0,0,0,0,0,12,0,0,0,0,0,0,0,1,1,2,1
H,11,20,49,773,0,0,1,0,1014,0,0,0,689,0,0,2,0,0,24,2,0,1,11,16,0,0,2,12,0,665,26,0,10,1,0,0,3,0,0,63,1,1,184,13,4,14,2,46,4,0,111,22,0,26,27,8,16,6,2,0,1,18,6,0,6,1,9,19,3,0,24,1,1,0,0,0,0,1000,0,21,0,0,5,0,1,1,39,1,0,75,50,15,12,63,2,0,20,2,0,1,2,8,0,1,7,0,4,19,49,9,179,32,3,14,35,8,4,13,4,1,1,3,0,1,2,5,7,2,3,1,26,4,0,3,29,0,2,11,7,78,2,5,4,3,7,12,1,0,14,9,31,3,20,3,18,0,5,106,28,1,2,26,0,5,5,1,2,1,1,8,10,8,2,4,20,4,2,6,2,10,4,1,2,3,0,0,2,4,0,10,12,2,21,1,7,0,14,5,10,0,0,2,0,5,51,0,82,2,2,3,8,4,18,5,26,1,0,0,8,7,4,5,1,17,27,3,21,4,0,14,1,0,0,940,0,0,1,0,1,10,3,28,8,0,1,27,66,0,13,29,0,2,43,8,36,33
K,134,235,489,53,0,0,0,0,0,3,0,0,1,1,1,0,2,0,1,916,0,275,1,16,0,153,8,26,4,0,331,0,4,4,0,0,1,91,0,1,0,12,3,7,301,92,0,15,19,0,25,2,0,32,11,0,3,327,22,0,0,63,0,0,29,93,9,8,2,2,46,686,0,2,0,0,0,0,0,6,0,1,0,0,0,0,50,1,0,0,280,1,53,68,910,0,43,201,1,0,2,0,1,0,0,0,0,106,1,65,37,49,1,8,5,9,11,51,65,3,1,1,6,13,22,6,10,23,1,29,73,1,32,31,0,7,24,27,39,187,11,59,24,1,2,23,2,1,208,244,23,3,172,9,317,2,1,18,9,1,5,21,10,1,2,13,8,2,212,37,15,25,36,19,8,18,3,0,12,12,20,31,21,187,54,184,120,0,3,201,120,238,1,1,79,0,130,135,3,0,1,136,0,105,113,3,209,3,2,173,117,30,6,1,41,2,0,0,65,58,0,13,8,80,95,5,205,28,2,306,13,0,1,1,13,1,1,1,0,574,3,110,47,0,0,15,1,1,10,158,1,2,90,348,8,18
R,88,60,60,84,0,0,0,0,0,3,0,1,0,0,1,1,0,2,36,44,0,69,3,82,0,132,13,22,2,3,283,0,32,2,3,1,0,7,2,5,2,27,3,24,161,104,4,26,8,0,111,7,0,28,5,0,13,94,6,0,17,21,1,0,29,6,4,6,2,0,9,184,0,2,5,0,2,2,2,9,1,1,2,1,0,1,18,0,1,9,196,22,7,28,64,1,49,26,1,0,0,0,2,1,5,3,2,53,2,45,26,95,11,10,7,7,62,15,97,2,4,5,9,17,7,7,34,1,1,57,50,5,5,41,5,4,13,12,7,56,9,23,22,4,7,24,2,1,45,29,9,12,226,6,72,3,2,7,39,1,6,14,1,2,16,13,12,2,21,17,40,4,850,6,15,59,14,6,21,8,6,44,18,55,29,9,28,0,5,44,10,217,0,7,51,0,310,800,6,2,1,69,3,22,22,1,143,4,3,23,13,8,3,1,297,24,0,1,14,48,4,13,6,3,58,14,44,5,1,24,3,2,4,3,1,1,2,0,0,82,2,67,14,3,3,20,29,0,6,81,0,0,45,35,10,9
Q,53,111,59,22,0,0,0,0,0,0,0,3,21,1,0,1,0,0,6,8,1,5,0,61,1,15,4,12,1,20,49,0,2,0,0,0,1,0,0,3,0,7,2,63,29,212,1,60,65,3,80,1,1,22,168,2,0,140,4,0,0,63,1,0,31,17,41,43,6,1,50,82,0,1,0,0,1,6,1,7,0,0,2,0,1,0,90,0,0,13,35,3,2,74,7,0,16,14,2,1,1,4,1,0,2,0,3,38,11,22,177,64,7,9,79,6,9,222,55,12,0,4,1,22,6,9,36,7,2,73,129,22,1,17,16,5,5,42,31,78,11,11,19,2,4,10,1,0,16,86,47,95,27,2,43,2,0,496,181,1,23,39,37,5,19,14,5,8,10,3,5,3,4,13,19,6,24,3,23,20,5,20,42,45,63,14,4,1,0,18,38,4,1,3,16,1,9,2,0,0,0,62,1,34,159,0,40,2,4,10,23,18,12,515,55,6,27,1,92,13,0,6,9,15,119,2,5,9,0,39,1,0,1,1,0,1,12,0,0,37,0,353,135,1,0,46,6,2,130,66,2,2,117,20,9,19
N,72,27,80,10,0,1,0,0,0,7,0,15,2,1,0,1,12,0,1,0,4,0,21,4,0,8,3,16,3,15,113,0,10,0,0,22,2,0,0,4,0,8,393,5,6,32,0,22,52,1,57,10,0,11,3,4,151,15,0,0,3,43,2,0,30,77,6,20,1,8,6,9,0,1,0,0,0,1,9,3,7,0,1,159,1,0,4,1,0,3,32,4,20,48,23,0,3,0,2,1,0,0,27,1,10,1,1,35,84,84,94,123,6,6,19,3,27,23,17,2,2,1,2,3,15,33,13,3,11,72,9,8,0,25,8,9,243,105,120,181,19,17,11,1,1,23,1,4,9,94,4,0,4,7,99,2,4,218,31,2,3,18,0,5,4,19,1,3,16,6,13,4,1,2,36,29,6,7,28,40,33,44,8,22,4,20,31,3,2,60,19,190,17,15,14,0,34,1,1,1,0,0,2,26,33,9,189,2,5,17,3,28,4,0,15,2,5,2,15,313,221,141,4,136,27,1,4,3,3,56,27,0,2,2,3,3,4,19,1,34,1,22,3,1,0,24,9,0,15,23,2,1,102,49,10,44
E,160,46,22,9,0,0,0,1,0,0,62,0,0,0,10,0,0,0,20,8,0,2,11,20,0,258,0,27,1,2,21,1,4,0,0,23,0,2,0,0,4,9,9,9,8,9,0,70,348,3,23,5,0,169,279,1,0,287,0,0,4,303,3,0,239,18,21,160,20,1,752,12,0,0,1,2,0,11,4,0,0,1,1,2,0,0,18,1,0,721,23,1,6,316,0,0,31,1,2,1,0,1,1,2,3,1,0,10,9,58,24,5,2,27,61,3,9,330,20,5,1,26,1,39,183,139,22,27,4,17,228,1,26,23,2,20,31,46,100,50,15,9,27,3,4,22,0,2,36,224,7,0,51,19,65,1,2,9,28,2,12,38,273,18,4,266,8,1,7,13,2,0,3,10,7,0,0,1,3,182,49,3,3,54,38,112,25,17,20,213,469,44,7,69,6,0,14,1,1,0,0,96,0,134,375,3,35,9,4,26,230,293,85,1,20,5,1,0,194,17,1,10,9,24,378,2,72,303,1,140,63,2,5,0,1,2,0,2,2,11,0,73,399,1,0,22,9,1,35,393,2,5,94,26,7,23
D,43,0,4,16,0,0,0,0,1,0,2,0,0,1,0,0,0,0,16,36,0,0,11,2,0,1,13,18,6,2,14,0,50,1,0,982,0,6,0,0,5,16,389,3,1,271,1,57,215,1,32,10,0,178,449,2,18,45,1,0,3,388,0,0,55,27,19,123,44,5,90,7,0,0,0,0,1,2,103,2,2,1,2,2,1,0,27,2,0,169,3,10,15,108,1,0,22,0,1,0,0,2,2,2,11,0,1,288,46,102,16,26,4,68,200,95,5,187,101,4,2,2,0,8,162,164,8,4,490,27,38,6,10,5,4,18,18,73,241,20,59,9,4,1,0,76,4,7,8,55,18,2,1,0,122,4,2,14,72,1,8,42,1,866,1,18,2,0,0,5,1,3,2,0,2,0,0,0,19,96,214,18,12,22,37,9,23,1,14,141,63,28,2,51,8,0,20,1,5,0,0,0,2,98,142,943,5,1,0,25,8,256,10,1,2,2,0,0,50,13,3,4,6,150,107,1,1,9,0,147,124,14,822,1,0,0,2,1,0,19,1,25,41,1,1,118,1,0,28,82,0,2,101,20,8,32
S,72,51,51,5,0,0,0,0,2,4,109,73,6,10,48,1,149,3,2,3,17,21,75,25,1,3,226,305,6,1,40,11,113,29,2,1,4,38,118,685,1,14,43,116,90,71,36,16,163,1,68,515,12,314,26,3,281,41,9,0,14,54,1,6,170,490,42,50,1,2,11,7,0,0,2,1,18,4,895,30,9,0,8,336,0,505,15,7,20,2,38,1,34,103,4,2,438,7,46,0,0,1,105,57,48,1,14,104,77,56,68,279,35,344,58,10,53,18,55,6,6,7,22,33,42,108,20,19,10,132,18,8,54,62,43,23,65,26,65,55,40,30,40,426,25,62,5,27,18,96,27,12,149,6,35,6,8,26,9,696,142,69,0,6,78,32,4,35,193,164,13,6,19,14,112,209,21,2,72,57,25,16,164,95,5,17,42,4,385,59,41,11,13,4,623,12,52,9,27,4,3,6,89,30,6,9,11,44,28,128,22,58,13,2,1,26,2,1,26,13,105,49,22,15,13,6,4,10,1,54,27,440,2,1,278,10,2,10,819,18,9,22,76,0,81,90,64,2,45,46,18,128,49,83,29,96
T,23,164,24,42,1,1,2,1,0,29,16,1,3,2,1,1,34,0,1,3,135,23,277,3,1,16,9,19,0,3,44,10,705,82,1,2,0,180,3,6,1,58,1,78,110,13,120,6,88,6,150,425,1,26,10,2,93,5,5,2,141,35,21,2,36,85,9,10,0,0,6,6,2,5,1,0,1,2,1,18,1,1,15,28,11,154,3,19,39,2,45,1,14,33,1,11,14,15,2,1,1,4,386,3,175,12,3,68,211,117,19,68,140,53,154,54,44,18,23,4,3,1,8,11,22,13,4,6,5,239,20,16,12,155,4,12,49,8,39,19,22,11,634,151,14,68,2,4,34,30,9,24,32,3,19,3,5,18,10,40,19,81,0,26,11,280,5,8,147,152,4,18,17,16,42,10,8,0,45,60,11,27,28,66,9,52,70,5,405,42,21,5,10,2,79,17,64,8,5,0,1,9,332,132,1,2,3,71,12,114,14,21,7,0,3,1,9,8,5,10,19,26,35,34,11,11,6,5,2,10,36,56,1,7,4,16,2,4,24,48,37,37,19,0,10,36,36,2,14,12,4,11,61,55,19,39
-,156,66,61,58,58,59,59,59,58,60,60,60,58,53,54,54,52,52,52,52,53,108,51,49,48,491,706,50,50,50,49,51,51,51,53,53,48,49,50,51,51,53,53,171,172,113,55,703,55,135,52,47,47,47,46,46,48,47,47,46,42,43,41,44,79,80,216,322,987,1029,38,38,479,39,43,43,47,48,51,51,50,51,50,50,50,50,51,50,51,48,47,48,50,138,52,51,50,49,52,49,49,49,47,51,52,52,52,55,170,55,57,59,62,62,70,73,70,87,517,799,1020,1020,1007,838,329,356,428,315,354,302,232,198,821,276,311,529,501,639,309,202,264,115,116,118,114,112,113,538,112,110,107,109,108,1018,111,108,108,107,108,109,106,107,750,75,71,71,70,72,211,73,232,223,80,248,405,403,510,539,516,443,545,453,432,154,688,518,220,233,188,116,101,99,96,99,99,99,99,102,104,105,104,105,105,105,105,106,125,118,119,115,112,232,110,525,523,523,526,524,565,531,532,310,164,535,116,112,113,536,116,131,238,124,205,122,123,124,127,135,135,134,131,133,125,125,541,542,541,127,127,127,127,134,156,171,256,375
other,0,0,0,0,0,1,0,1,0,0,0,0,0,0,1,1,1,1,0,0,0,0,0,0,0,0,0,0,0,0,0,0,0,0,0,0,1,0,0,0,0,0,1,0,0,1,0,0,0,1,1,1,0,1,1,1,1,1,1,1,3,1,0,1,0,0,0,0,0,0,1,0,0,0,0,0,0,0,0,0,0,0,1,0,0,0,0,0,1,0,0,0,0,0,0,0,1,0,0,0,0,0,0,0,0,1,0,0,0,0,0,0,0,0,0,0,0,0,0,0,0,0,0,0,1,0,1,1,0,0,0,1,0,0,0,0,0,0,0,0,1,0,0,0,1,0,0,0,0,0,0,0,0,0,0,0,0,0,0,0,0,0,0,0,0,0,0,0,0,0,0,0,0,0,0,0,0,0,1,0,0,0,0,0,0,0,0,0,0,0,0,0,0,0,0,0,0,0,0,0,0,1,0,0,0,0,0,0,1,0,0,0,0,0,0,0,0,0,0,0,0,0,1,0,0,0,0,0,0,0,0,0,0,0,2,0,1,0,0,0,0,0,0,0,1,0,2,0,0,0,0,0,0,0,1,0
