G,0.0731969860065,0.0618253189401,0.0068359375,0.0,0.0,0.0,0.0,0.000975609756098,0.0,0.94243902439,0.149268292683,0.336585365854,0.0593962999026,0.975775193798,0.0961165048544,0.0,0.0,0.0,0.000968054211036,0.0,0.000968992248062,0.00307062436029,0.000967117988395,0.00289575289575,0.000964320154291,0.0,0.00527704485488,0.0444444444444,0.970048309179,0.0,0.003861003861,0.000967117988395,0.000967117988395,0.00290135396518,0.0,0.0,0.0,0.108108108108,0.330434782609,0.0125725338491,0.974854932302,0.0145348837209,0.00193986420951,0.00656455142232,0.0153340635268,0.00308959835221,0.00291262135922,0.0183246073298,0.0271844660194,0.00105374077977,0.0203488372093,0.00867888138862,0.0,0.00385728061716,0.00770712909441,0.0,0.003861003861,0.0135004821601,0.000964320154291,0.0,0.00288461538462,0.0115273775216,0.0,0.00288461538462,0.0218687872763,0.0358208955224,0.0552359033372,0.0157273918742,0.0918367346939,0.660714285714,0.0315487571702,0.00191021967526,0.0016501650165,0.0019120458891,0.00191938579655,0.000959692898273,0.878612716763,0.0,0.0106382978723,0.00676982591876,0.943961352657,0.990328820116,0.0232108317215,0.0357487922705,0.000966183574879,0.024154589372,0.00290135396518,0.0048309178744,0.000968054211036,0.000964320154291,0.0,0.00192864030858,0.00386473429952,0.026399155227,0.00193610842207,0.000967117988395,0.00676982591876,0.00675675675676,0.0909970958374,0.000965250965251,0.000965250965251,0.0,0.0202312138728,0.0261121856867,0.00580832526621,0.00193798449612,0.000968054211036,0.169902912621,0.00546448087432,0.308737864078,0.0068093385214,0.00487329434698,0.00977517106549,0.0430107526882,0.00492610837438,0.00197628458498,0.00394088669951,0.0200400801603,0.102112676056,0.0244755244755,0.0153846153846,0.0615384615385,0.0128205128205,0.0202429149798,0.190728476821,0.0548696844993,0.00762195121951,0.0221066319896,0.0478796169631,0.00510855683269,0.00586166471278,0.00451467268623,0.166666666667,0.0803461063041,0.00516795865633,0.634892086331,0.0154109589041,0.0112107623318,0.0876288659794,0.0101925254813,0.0121951219512,0.0979381443299,0.0278637770898,0.0827300930714,0.00515463917526,0.00411099691675,0.00514403292181,0.90310786106,0.00102774922919,0.0102564102564,0.00613496932515,0.0030737704918,0.00614124872057,0.0,0.0605749486653,0.007164790174,0.00102354145343,0.0122699386503,0.007164790174,0.00512295081967,0.00715015321757,0.00511247443763,0.00597014925373,0.00891089108911,0.00295857988166,0.00394477317554,0.00394088669951,0.0878578479763,0.00800915331808,0.00098814229249,0.00586166471278,0.0150812064965,0.0169154228856,0.0,0.254411764706,0.0381231671554,0.0,0.003663003663,0.0457746478873,0.0685358255452,0.00925925925926,0.0110759493671,0.0306278713629,0.0268528464017,0.125944584383,0.0194003527337,0.0265895953757,0.0152582159624,0.00780379041249,0.046439628483,0.0558943089431,0.216024340771,0.00303336703741,0.797160243408,0.00912778904665,0.0365111561866,0.00304259634888,0.00101729399797,0.00611620795107,0.0030612244898,0.0,0.00612870275792,0.0173469387755,0.0908163265306,0.0295918367347,0.00102145045965,0.0114583333333,0.0651499482937,0.00414507772021,0.00927835051546,0.00513874614594,0.0363423212192,0.00512820512821,0.00178571428571,0.00355871886121,0.00355871886121,0.0,0.0,0.0134615384615,0.0126353790614,0.0198915009042,0.021935483871,0.0989130434783,0.00181818181818,0.0567595459236,0.00205549845838,0.00308641975309,0.00546448087432,0.00412796697626,0.0104821802935,0.587957497048,0.0613943808533,0.0397727272727,0.00103842159917,0.0,0.00832466181061,0.0,0.00105263157895,0.00210526315789,0.00210304942166,0.0020964360587,0.0136554621849,0.01875,0.00104166666667,0.00920810313076,0.0257826887661,0.00184501845018,0.00104384133612,0.0104384133612,0.017745302714,0.00417536534447,0.0210304942166,0.0236813778256,0.0153172866521,0.00966183574879,0.0591549295775
P,0.0355220667384,0.0402355250245,0.033203125,0.00389483933788,0.0,0.0,0.00194931773879,0.0,0.00584225900682,0.0,0.00682926829268,0.0,0.000973709834469,0.0,0.00388349514563,0.0,0.000968992248062,0.0,0.000968054211036,0.0,0.0,0.0,0.308510638298,0.0019305019305,0.0,0.0016835016835,0.00263852242744,0.00193236714976,0.0,0.0,0.0019305019305,0.0531914893617,0.0,0.0135396518375,0.0600775193798,0.0,0.000965250965251,0.0897683397683,0.0,0.0,0.0,0.00193798449612,0.0,0.35886214442,0.0,0.105046343975,0.117475728155,0.00261780104712,0.00194174757282,0.0,0.0833333333333,0.0,0.00385356454721,0.00578592092575,0.0,0.0,0.0,0.000964320154291,0.904532304725,0.000963391136802,0.000961538461538,0.0,0.0,0.0,0.00198807157058,0.0,0.631760644419,0.268676277851,0.0510204081633,0.0,0.00956022944551,0.043935052531,0.0016501650165,0.0,0.00191938579655,0.000959692898273,0.000963391136802,0.000964320154291,0.000967117988395,0.00193423597679,0.000966183574879,0.000967117988395,0.0106382978723,0.0821256038647,0.0,0.000966183574879,0.0,0.0,0.0,0.0,0.000963391136802,0.0,0.807729468599,0.00105596620908,0.000968054211036,0.000967117988395,0.000967117988395,0.0,0.0,0.000965250965251,0.0,0.0019305019305,0.0019267822736,0.000967117988395,0.00193610842207,0.00387596899225,0.629235237173,0.0339805825243,0.24262295082,0.0165048543689,0.00486381322957,0.165692007797,0.352883675464,0.0332355816227,0.0177339901478,0.0128458498024,0.00591133004926,0.0130260521042,0.0264084507042,0.129370629371,0.0153846153846,0.0,0.0384615384615,0.125506072874,0.0344370860927,0.042524005487,0.0167682926829,0.0143042912874,0.00410396716826,0.0178799489144,0.021101992966,0.00451467268623,0.00378787878788,0.108776266996,0.00258397932817,0.00359712230216,0.00856164383562,0.159192825112,0.020618556701,0.074745186863,0.625609756098,0.527835051546,0.0196078431373,0.0103412616339,0.0020618556701,0.00205549845838,0.011316872428,0.0018281535649,0.535457348407,0.00205128205128,0.00204498977505,0.0,0.0235414534289,0.0,0.00924024640657,0.00307062436029,0.00307062436029,0.0255623721881,0.00102354145343,0.0,0.739530132789,0.254601226994,0.0,0.0019801980198,0.00295857988166,0.00788954635108,0.00197044334975,0.00197433366239,0.00228832951945,0.00494071146245,0.0,0.00232018561485,0.00398009950249,0.739545997611,0.00588235294118,0.306451612903,0.024347826087,0.0018315018315,0.0404929577465,0.0467289719626,0.00925925925926,0.00474683544304,0.00306278713629,0.00537056928034,0.0100755667506,0.153439153439,0.035838150289,0.00117370892019,0.00111482720178,0.0639834881321,0.0233739837398,0.00101419878296,0.0,0.00202839756592,0.00202839756592,0.0,0.297160243408,0.0,0.0,0.0,0.0,0.00204290091931,0.0,0.0336734693878,0.0,0.00102145045965,0.00104166666667,0.00103412616339,0.0,0.342268041237,0.257965056526,0.0234466588511,0.0,0.0,0.0017793594306,0.0,0.00178890876565,0.0,0.0,0.0,0.0,0.378064516129,0.685869565217,0.00545454545455,0.00206398348813,0.0,0.00308641975309,0.0,0.00103199174407,0.0356394129979,0.00118063754427,0.0,0.0,0.00103842159917,0.0,0.514047866805,0.0,0.0,0.0,0.0,0.921383647799,0.00420168067227,0.00520833333333,0.0,0.0,0.0036832412523,0.0,0.0,0.00313152400835,0.0,0.0,0.00420609884332,0.0021528525296,0.00765864332604,0.108695652174,0.0619718309859
A,0.0807319698601,0.0225711481845,0.08203125,0.000973709834469,0.0,0.0,0.00292397660819,0.00390243902439,0.000973709834469,0.00878048780488,0.412682926829,0.0146341463415,0.00292112950341,0.00581395348837,0.836893203883,0.0,0.0242248062016,0.0,0.00193610842207,0.00193610842207,0.00581395348837,0.171954964176,0.215667311412,0.0569498069498,0.000964320154291,0.003367003367,0.184696569921,0.4038647343,0.0048309178744,0.00193236714976,0.0106177606178,0.0938104448743,0.0116054158607,0.664410058027,0.000968992248062,0.0,0.0,0.465250965251,0.543961352657,0.152804642166,0.00967117988395,0.0707364341085,0.000969932104753,0.0251641137856,0.0635268346112,0.0288362512873,0.138834951456,0.0104712041885,0.0223300970874,0.0126448893572,0.0552325581395,0.00385728061716,0.00385356454721,0.135969141755,0.0183044315992,0.000963391136802,0.0849420849421,0.0318225650916,0.0424300867888,0.00578034682081,0.0134615384615,0.0268972142171,0.107279693487,0.00192307692308,0.307157057654,0.135323383085,0.0736478711162,0.0943643512451,0.0408163265306,0.0,0.0057361376673,0.0,0.0544554455446,0.00286806883365,0.000959692898273,0.00383877159309,0.0944123314066,0.0,0.00290135396518,0.106382978723,0.031884057971,0.000967117988395,0.182785299807,0.0937198067633,0.056038647343,0.321739130435,0.041586073501,0.887922705314,0.212003872217,0.00192864030858,0.0317919075145,0.023143683703,0.0173913043478,0.0232312565998,0.00580832526621,0.0,0.298839458414,0.253861003861,0.681510164569,0.00675675675676,0.000965250965251,0.0733590733591,0.339113680154,0.901353965184,0.121974830591,0.0242248062016,0.0116166505324,0.0368932038835,0.0142076502732,0.047572815534,0.0214007782101,0.0185185185185,0.0821114369501,0.115347018573,0.0453201970443,0.0217391304348,0.0334975369458,0.0370741482966,0.0246478873239,0.0034965034965,0.0153846153846,0.0923076923077,0.0128205128205,0.0566801619433,0.0370860927152,0.101508916324,0.0289634146341,0.00650195058518,0.00683994528044,0.0114942528736,0.0187573270809,0.00338600451467,0.0795454545455,0.0271940667491,0.0,0.165467625899,0.0188356164384,0.0112107623318,0.0219072164948,0.0328425821065,0.0439024390244,0.0381443298969,0.0144478844169,0.184074457084,0.132989690722,0.0359712230216,0.0082304526749,0.0018281535649,0.00924974306269,0.0307692307692,0.019427402863,0.0440573770492,0.24769703173,0.089552238806,0.0308008213552,0.0255885363357,0.00204708290686,0.0132924335378,0.0184237461617,0.00204918032787,0.0153217568948,0.113496932515,0.00298507462687,0.0188118811881,0.0177514792899,0.249506903353,0.00985221674877,0.790720631787,0.0640732265446,0.0494071146245,0.00703399765533,0.0348027842227,0.0,0.0549581839904,0.107352941176,0.0219941348974,0.0382608695652,0.0,0.0228873239437,0.0529595015576,0.198148148148,0.0268987341772,0.0581929555896,0.0891514500537,0.156171284635,0.0634920634921,0.0439306358382,0.00469483568075,0.00445930880713,0.0546955624355,0.0680894308943,0.0172413793103,0.0353892821031,0.0385395537525,0.0365111561866,0.0212981744422,0.0283975659229,0.00203458799593,0.120285423038,0.00408163265306,0.00203873598369,0.00204290091931,0.10612244898,0.0765306122449,0.0183673469388,0.00408580183861,0.009375,0.351602895553,0.0134715025907,0.0134020618557,0.0298047276465,0.0668229777257,0.0379487179487,0.00535714285714,0.0,0.0124555160142,0.00178890876565,0.00713012477718,0.0692307692308,0.00361010830325,0.0813743218807,0.0167741935484,0.0326086956522,0.0545454545455,0.0134158926729,0.0195272353546,0.00308641975309,0.0127504553734,0.00412796697626,0.0901467505241,0.0342384887839,0.386056191467,0.00454545454545,0.00311526479751,0.05625,0.169614984391,0.00208986415883,0.00421052631579,0.0315789473684,0.0788643533123,0.00943396226415,0.0283613445378,0.108333333333,0.00520833333333,0.0791896869245,0.1197053407,0.0276752767528,0.00208768267223,0.027139874739,0.0281837160752,0.101252609603,0.718191377497,0.123789020452,0.0361050328228,0.0217391304348,0.242253521127
V,0.0182992465016,0.0255152109912,0.0087890625,0.00194741966894,0.0194741966894,0.824390243902,0.00487329434698,0.831219512195,0.0,0.00292682926829,0.0507317073171,0.000975609756098,0.0116845180136,0.00193798449612,0.00194174757282,0.0,0.0174418604651,0.000968992248062,0.0,0.0,0.368217054264,0.153531218014,0.00483558994197,0.0183397683398,0.00289296046287,0.003367003367,0.00791556728232,0.0338164251208,0.000966183574879,0.00193236714976,0.0125482625483,0.81914893617,0.0377176015474,0.0889748549323,0.206395348837,0.000968992248062,0.0,0.00772200772201,0.000966183574879,0.0,0.0,0.191860465116,0.0,0.00656455142232,0.0175246440307,0.00617919670443,0.187378640777,0.00523560209424,0.000970873786408,0.433087460485,0.0687984496124,0.0,0.0423892100193,0.0250723240116,0.0115606936416,0.0,0.167953667954,0.00482160077146,0.0,0.0549132947977,0.0394230769231,0.00480307396734,0.0622605363985,0.0490384615385,0.0238568588469,0.00597014925373,0.00575373993096,0.0104849279161,0.0,0.0,0.000956022944551,0.0,0.846534653465,0.304971319312,0.0307101727447,0.963531669866,0.000963391136802,0.0,0.0,0.0135396518375,0.00193236714976,0.0,0.0657640232108,0.0618357487923,0.234782608696,0.0048309178744,0.0493230174081,0.0492753623188,0.00484027105518,0.000964320154291,0.0105973025048,0.00482160077146,0.00193236714976,0.00105596620908,0.0,0.251450676983,0.0106382978723,0.332046332046,0.0329138431752,0.783783783784,0.000965250965251,0.391891891892,0.00674373795761,0.00193423597679,0.0445304937076,0.0746124031008,0.0832526621491,0.0116504854369,0.0415300546448,0.0339805825243,0.00291828793774,0.0185185185185,0.0400782013685,0.0361681329423,0.0354679802956,0.375494071146,0.0689655172414,0.00801603206413,0.00528169014085,0.0594405594406,0.0461538461538,0.0,0.179487179487,0.0080971659919,0.0291390728477,0.0123456790123,0.0350609756098,0.0273081924577,0.00547195622435,0.00638569604087,0.0890973036342,0.0620767494357,0.0492424242424,0.0642768850433,0.0142118863049,0.0107913669065,0.00342465753425,0.00224215246637,0.00257731958763,0.00113250283126,0.0109756097561,0.00824742268041,0.0340557275542,0.0155118924509,0.155670103093,0.0647482014388,0.0802469135802,0.0,0.0082219938335,0.00512820512821,0.0255623721881,0.046106557377,0.0112589559877,0.0,0.0133470225873,0.0634595701126,0.00102354145343,0.0040899795501,0.00204708290686,0.0122950819672,0.00102145045965,0.0787321063395,0.0089552238806,0.0207920792079,0.202169625247,0.0364891518738,0.00689655172414,0.0207305034551,0.00800915331808,0.153162055336,0.0222743259086,0.344547563805,0.00597014925373,0.0681003584229,0.0367647058824,0.0205278592375,0.0469565217391,0.0274725274725,0.167253521127,0.0249221183801,0.0111111111111,0.0664556962025,0.0260336906585,0.0290010741139,0.0251889168766,0.0123456790123,0.078612716763,0.0962441314554,0.0066889632107,0.00412796697626,0.00813008130081,0.00709939148073,0.0384226491405,0.00304259634888,0.00304259634888,0.79107505071,0.00304259634888,0.00101729399797,0.504587155963,0.00204081632653,0.261977573904,0.398365679265,0.0183673469388,0.00714285714286,0.00102040816327,0.00102145045965,0.0177083333333,0.194415718718,0.123316062176,0.0360824742268,0.070914696814,0.0117233294256,0.094358974359,0.0232142857143,0.00355871886121,0.0,0.0143112701252,0.112299465241,0.00192307692308,0.00180505415162,0.0144665461121,0.00129032258065,0.0467391304348,0.06,0.0113519091847,0.859198355601,0.0689300411523,0.214936247723,0.0526315789474,0.0104821802935,0.00354191263282,0.00832466181061,0.0,0.0,0.0135416666667,0.21540062435,0.00417972831766,0.0126315789474,0.00210526315789,0.0157728706625,0.00733752620545,0.0220588235294,0.015625,0.0416666666667,0.0257826887661,0.0202578268877,0.0424354243542,0.00417536534447,0.186847599165,0.00313152400835,0.0824634655532,0.0473186119874,0.0290635091496,0.0142231947484,0.0217391304348,0.0408450704225
L,0.0247578040904,0.00785083415113,0.017578125,0.0,0.0321324245375,0.0565853658537,0.939571150097,0.0117073170732,0.00194741966894,0.0,0.0751219512195,0.00682926829268,0.0467380720545,0.0,0.0,0.0,0.0077519379845,0.0,0.000968054211036,0.00871248789932,0.278100775194,0.0235414534289,0.000967117988395,0.621621621622,0.878495660559,0.0016835016835,0.0527704485488,0.0376811594203,0.0,0.0628019323671,0.027027027027,0.00193423597679,0.00386847195358,0.00290135396518,0.457364341085,0.0,0.84749034749,0.0019305019305,0.0,0.00773694390716,0.0,0.015503875969,0.0,0.112691466083,0.00985761226725,0.00514933058702,0.16213592233,0.107329842932,0.00194174757282,0.1822971549,0.0658914728682,0.00867888138862,0.381502890173,0.00771456123433,0.014450867052,0.000963391136802,0.0434362934363,0.0183220829315,0.000964320154291,0.897880539499,0.348076923077,0.0028818443804,0.228927203065,0.474038461538,0.00397614314115,0.00497512437811,0.0379746835443,0.0183486238532,0.0,0.0,0.0,0.000955109837631,0.0511551155116,0.00669216061185,0.932821497121,0.00575815738964,0.000963391136802,0.000964320154291,0.0,0.273694390716,0.0,0.000967117988395,0.358800773694,0.00386473429952,0.193236714976,0.000966183574879,0.348162475822,0.00676328502415,0.0755082284608,0.00675024108004,0.115606936416,0.0135004821601,0.0048309178744,0.0147835269271,0.00774443368829,0.00870406189555,0.0338491295938,0.0926640926641,0.0929332042594,0.000965250965251,0.000965250965251,0.373552123552,0.0028901734104,0.000967117988395,0.113262342691,0.0901162790698,0.204259438529,0.00873786407767,0.0371584699454,0.0155339805825,0.178015564202,0.0282651072125,0.0879765395894,0.146627565982,0.0147783251232,0.132411067194,0.252216748768,0.0220440881764,0.0158450704225,0.426573426573,0.184615384615,0.0461538461538,0.0128205128205,0.0323886639676,0.0476821192053,0.0274348422497,0.155487804878,0.456436931079,0.0410396716826,0.0166028097063,0.0164126611958,0.204288939052,0.0757575757576,0.0852904820766,0.0167958656331,0.00359712230216,0.150684931507,0.00896860986547,0.00386597938144,0.0113250283126,0.0536585365854,0.103092783505,0.0330237358101,0.0361944157187,0.118556701031,0.247687564234,0.247942386831,0.0018281535649,0.0256937307297,0.0317948717949,0.166666666667,0.444672131148,0.00409416581372,0.0298507462687,0.0102669404517,0.506653019447,0.0133060388946,0.0081799591002,0.472876151484,0.00409836065574,0.00919305413687,0.0623721881391,0.00597014925373,0.0049504950495,0.397435897436,0.00493096646943,0.87684729064,0.0138203356367,0.106407322654,0.096837944664,0.810082063306,0.18909512761,0.00298507462687,0.00477897252091,0.0882352941176,0.0175953079179,0.506086956522,0.0347985347985,0.146126760563,0.0249221183801,0.0296296296296,0.414556962025,0.137825421133,0.119226638024,0.00503778337531,0.00176366843034,0.253179190751,0.50234741784,0.0334448160535,0.00206398348813,0.0142276422764,0.00202839756592,0.00808897876643,0.00101419878296,0.0202839756592,0.0101419878296,0.00202839756592,0.0122075279756,0.00509683995923,0.0030612244898,0.0173292558614,0.0326864147089,0.015306122449,0.137755102041,0.0132653061224,0.0,0.141666666667,0.0889348500517,0.227979274611,0.0319587628866,0.0976361767729,0.00703399765533,0.16,0.00892857142857,0.113879003559,0.0782918149466,0.0339892665474,0.00356506238859,0.00384615384615,0.0559566787004,0.0,0.0232258064516,0.00652173913043,0.0,0.031991744066,0.0195272353546,0.0576131687243,0.0255009107468,0.247678018576,0.0125786163522,0.00354191263282,0.00104058272633,0.00113636363636,0.00103842159917,0.0125,0.0291363163371,0.0156739811912,0.235789473684,0.00315789473684,0.00210304942166,0.00104821802935,0.0682773109244,0.0645833333333,0.908333333333,0.0220994475138,0.0478821362799,0.145756457565,0.903966597077,0.375782881002,0.00417536534447,0.0459290187891,0.0220820189274,0.0139935414424,0.054704595186,0.0591787439614,0.0197183098592
I,0.016146393972,0.0235525024534,0.01953125,0.00389483933788,0.0759493670886,0.111219512195,0.000974658869396,0.150243902439,0.0,0.0,0.0839024390244,0.00292682926829,0.00486854917235,0.0,0.0,0.0,0.0174418604651,0.0,0.0,0.0,0.184108527132,0.219037871034,0.0,0.023166023166,0.0192864030858,0.003367003367,0.00263852242744,0.00579710144928,0.0,0.000966183574879,0.0106177606178,0.00483558994197,0.0386847195358,0.00483558994197,0.242248062016,0.0,0.0,0.003861003861,0.0,0.00193423597679,0.0,0.541666666667,0.0,0.00328227571116,0.0317634173056,0.00308959835221,0.207766990291,0.00261780104712,0.00291262135922,0.350895679663,0.0232558139535,0.00289296046287,0.124277456647,0.00289296046287,0.0,0.0,0.0202702702703,0.000964320154291,0.0,0.0337186897881,0.147115384615,0.000960614793468,0.0488505747126,0.0875,0.00397614314115,0.0,0.00805523590334,0.00655307994758,0.0,0.0,0.0019120458891,0.00191021967526,0.0379537953795,0.663479923518,0.0182341650672,0.0172744721689,0.0,0.000964320154291,0.000967117988395,0.041586073501,0.0,0.0,0.143133462282,0.00966183574879,0.482125603865,0.0048309178744,0.0667311411992,0.00289855072464,0.0377541142304,0.00289296046287,0.0539499036609,0.0144648023144,0.0,0.00105596620908,0.0,0.708897485493,0.00386847195358,0.011583011583,0.0367860600194,0.194980694981,0.0,0.132239382239,0.0,0.00193423597679,0.0367860600194,0.015503875969,0.0222652468538,0.00679611650485,0.0273224043716,0.0281553398058,0.0214007782101,0.00682261208577,0.0508308895406,0.0136852394917,0.0177339901478,0.128458498024,0.114285714286,0.00701402805611,0.012323943662,0.013986013986,0.153846153846,0.0,0.0512820512821,0.0364372469636,0.0251655629139,0.00685871056241,0.0182926829268,0.0104031209363,0.00957592339261,0.0127713920817,0.0773739742087,0.0519187358916,0.0151515151515,0.112484548826,0.0348837209302,0.0,0.00684931506849,0.00448430493274,0.0103092783505,0.0169875424689,0.00609756097561,0.0247422680412,0.0278637770898,0.0124095139607,0.174226804124,0.133607399794,0.082304526749,0.0,0.00102774922919,0.00820512820513,0.0368098159509,0.0891393442623,0.00409416581372,0.0149253731343,0.0123203285421,0.0624360286592,0.00511770726714,0.0,0.00511770726714,0.00204918032787,0.0,0.116564417178,0.00298507462687,0.0148514851485,0.104536489152,0.0197238658777,0.00492610837438,0.00691016781836,0.0114416475973,0.0395256916996,0.00468933177022,0.0730858468677,0.0,0.00597371565114,0.0323529411765,0.0146627565982,0.0713043478261,0.0164835164835,0.103873239437,0.00778816199377,0.0462962962963,0.0632911392405,0.0245022970904,0.0268528464017,0.0151133501259,0.00529100529101,0.120231213873,0.0363849765258,0.00445930880713,0.0030959752322,0.00813008130081,0.00101419878296,0.0273003033367,0.0,0.00709939148073,0.107505070994,0.00202839756592,0.0,0.103975535168,0.0,0.702344546381,0.120531154239,0.0030612244898,0.00714285714286,0.00102040816327,0.0,0.0197916666667,0.0930713547053,0.438341968912,0.0134020618557,0.0596094552929,0.00117233294256,0.0389743589744,0.0125,0.00533807829181,0.0,0.0751341681574,0.841354723708,0.00192307692308,0.0,0.0289330922242,0.00774193548387,0.00434782608696,0.0127272727273,0.00928792569659,0.0349434737924,0.0524691358025,0.016393442623,0.58617131063,0.00104821802935,0.0,0.00104058272633,0.00113636363636,0.0,0.00520833333333,0.0228928199792,0.00522466039707,0.0536842105263,0.00105263157895,0.00210304942166,0.0,0.0168067226891,0.00833333333333,0.0114583333333,0.00184162062615,0.00552486187845,0.0479704797048,0.044885177453,0.0521920668058,0.00208768267223,0.724425887265,0.0157728706625,0.00861141011841,0.131291028446,0.024154589372,0.0169014084507
M,0.0204520990312,0.101079489696,0.0068359375,0.0,0.00194741966894,0.00487804878049,0.00389863547758,0.0,0.000973709834469,0.0,0.0273170731707,0.00390243902439,0.00194741966894,0.000968992248062,0.000970873786408,0.0,0.000968992248062,0.000968992248062,0.0,0.0,0.0077519379845,0.0225179119754,0.00386847195358,0.0415057915058,0.0935390549662,0.0,0.0,0.00386473429952,0.0,0.000966183574879,0.00482625482625,0.0,0.000967117988395,0.00483558994197,0.0116279069767,0.0,0.133204633205,0.00868725868726,0.0,0.00773694390716,0.0,0.00872093023256,0.000969932104753,0.130196936543,0.00328587075575,0.0,0.0116504854369,0.0,0.0,0.00210748155954,0.0077519379845,0.0,0.0346820809249,0.00964320154291,0.00481695568401,0.0,0.000965250965251,0.00385728061716,0.0,0.0,0.221153846154,0.0,0.00574712643678,0.355769230769,0.0129224652087,0.000995024875622,0.0,0.00393184796855,0.0,0.0,0.0,0.00191021967526,0.0,0.00478011472275,0.00287907869482,0.00287907869482,0.0,0.0,0.0,0.145067698259,0.0,0.0,0.07833655706,0.0048309178744,0.0164251207729,0.000966183574879,0.0309477756286,0.0048309178744,0.58857696031,0.000964320154291,0.0818882466281,0.00385728061716,0.000966183574879,0.00105596620908,0.00193610842207,0.00870406189555,0.000967117988395,0.0395752895753,0.00387221684414,0.003861003861,0.0,0.00482625482625,0.0,0.0,0.0106485963214,0.769379844961,0.00580832526621,0.00194174757282,0.0,0.000970873786408,0.00972762645914,0.0107212475634,0.058651026393,0.00488758553275,0.00394088669951,0.0998023715415,0.0275862068966,0.0100200400802,0.0140845070423,0.0244755244755,0.230769230769,0.0,0.0384615384615,0.0080971659919,0.0119205298013,0.00960219478738,0.0121951219512,0.249674902471,0.154582763338,0.0166028097063,0.00351699882767,0.0214446952596,0.00757575757576,0.0247218788628,0.00129198966408,0.00179856115108,0.0154109589041,0.00224215246637,0.00257731958763,0.0,0.00487804878049,0.0103092783505,0.0278637770898,0.0,0.141237113402,0.0863309352518,0.0442386831276,0.0018281535649,0.0,0.0133333333333,0.021472392638,0.197745901639,0.0,0.0,0.0195071868583,0.0532241555783,0.00511770726714,0.00102249488753,0.0522006141249,0.0,0.0,0.0081799591002,0.00298507462687,0.0,0.00394477317554,0.0157790927022,0.00788177339901,0.00493583415597,0.0846681922197,0.223320158103,0.0152403282532,0.252900232019,0.00398009950249,0.00238948626045,0.00882352941176,0.00146627565982,0.0539130434783,0.003663003663,0.0633802816901,0.00934579439252,0.00925925925926,0.0632911392405,0.0811638591118,0.0816326530612,0.0528967254408,0.00176366843034,0.0161849710983,0.00469483568075,0.00111482720178,0.00825593395253,0.010162601626,0.00101419878296,0.00505561172902,0.00101419878296,0.0101419878296,0.00101419878296,0.00405679513185,0.00101729399797,0.00305810397554,0.00102040816327,0.00509683995923,0.0326864147089,0.00408163265306,0.0459183673469,0.00204081632653,0.00102145045965,0.0125,0.0486039296794,0.0746113989637,0.00927835051546,0.00924974306269,0.00117233294256,0.04,0.00178571428571,0.0231316725979,0.0017793594306,0.78175313059,0.00713012477718,0.00192307692308,0.0234657039711,0.00361663652803,0.00129032258065,0.0,0.0,0.0061919504644,0.00308324768756,0.104938271605,0.0109289617486,0.0877192982456,0.00524109014675,0.0,0.00104058272633,0.0,0.0,0.525,0.00416233090531,0.55381400209,0.0705263157895,0.0,0.018927444795,0.0,0.00735294117647,0.00520833333333,0.003125,0.0,0.00184162062615,0.0,0.00208768267223,0.0219206680585,0.00835073068894,0.00521920668058,0.00105152471083,0.010764262648,0.0142231947484,0.00724637681159,0.0056338028169
C,0.0118406889128,0.00294406280667,0.0009765625,0.0,0.0,0.0,0.0,0.0,0.0,0.0,0.0,0.48,0.0,0.0,0.0,0.000970873786408,0.728682170543,0.0,0.00387221684414,0.000968054211036,0.000968992248062,0.00102354145343,0.0628626692456,0.00289575289575,0.0,0.0,0.00791556728232,0.00869565217391,0.000966183574879,0.0048309178744,0.030888030888,0.000967117988395,0.00386847195358,0.100580270793,0.0,0.0,0.0019305019305,0.000965250965251,0.00289855072464,0.0705996131528,0.000967117988395,0.0,0.0,0.0,0.00766703176342,0.00411946446962,0.0,0.00523560209424,0.00388349514563,0.0,0.00193798449612,0.00964320154291,0.0250481695568,0.00192864030858,0.000963391136802,0.0125240847784,0.0299227799228,0.0,0.0,0.0,0.00961538461538,0.0,0.00287356321839,0.000961538461538,0.000994035785288,0.00597014925373,0.00345224395857,0.00262123197903,0.0102040816327,0.0,0.0,0.0,0.0,0.0,0.0,0.0,0.0019267822736,0.0,0.000967117988395,0.0241779497099,0.000966183574879,0.000967117988395,0.00386847195358,0.1961352657,0.000966183574879,0.00289855072464,0.00483558994197,0.0,0.0222652468538,0.0212150433944,0.00770712909441,0.0115718418515,0.00193236714976,0.026399155227,0.000968054211036,0.000967117988395,0.00676982591876,0.0019305019305,0.00484027105518,0.0,0.0,0.0,0.1204238921,0.000967117988395,0.00871248789932,0.0,0.00290416263311,0.0194174757282,0.0338797814208,0.000970873786408,0.00389105058366,0.0136452241715,0.00293255131965,0.0,0.000985221674877,0.00197628458498,0.00197044334975,0.0,0.00528169014085,0.020979020979,0.0,0.0,0.0128205128205,0.0242914979757,0.00132450331126,0.0,0.0030487804878,0.00130039011704,0.00547195622435,0.0689655172414,0.00234466588511,0.00677200902935,0.0113636363636,0.00370828182942,0.0180878552972,0.00179856115108,0.00171232876712,0.00448430493274,0.00773195876289,0.0203850509626,0.00487804878049,0.00103092783505,0.00103199174407,0.00413650465357,0.00103092783505,0.00102774922919,0.00514403292181,0.0018281535649,0.00102774922919,0.00102564102564,0.0112474437628,0.0,0.00307062436029,0.0,0.00308008213552,0.00307062436029,0.00818833162743,0.00102249488753,0.00921187308086,0.21106557377,0.00102145045965,0.0,0.00597014925373,0.0029702970297,0.0167652859961,0.00295857988166,0.0,0.00493583415597,0.00800915331808,0.00691699604743,0.00468933177022,0.00116009280742,0.0318407960199,0.0,0.0117647058824,0.0175953079179,0.00869565217391,0.00732600732601,0.00176056338028,0.00155763239875,0.00185185185185,0.00949367088608,0.00306278713629,0.00214822771214,0.00251889168766,0.0,0.00578034682081,0.00469483568075,0.00222965440357,0.0,0.0,0.0,0.0010111223458,0.00101419878296,0.0121703853955,0.0,0.00202839756592,0.0030518819939,0.00203873598369,0.00408163265306,0.0,0.0,0.389795918367,0.00204081632653,0.0,0.0,0.0114583333333,0.0103412616339,0.00414507772021,0.00103092783505,0.0082219938335,0.00117233294256,0.00205128205128,0.0,0.00355871886121,0.0017793594306,0.0,0.00356506238859,0.00384615384615,0.00180505415162,0.0144665461121,0.00645161290323,0.00217391304348,0.00363636363636,0.00206398348813,0.0,0.00514403292181,0.00182149362477,0.0,0.00104821802935,0.0200708382527,0.00416233090531,0.0,0.0,0.0666666666667,0.00104058272633,0.00208986415883,0.0115789473684,0.0663157894737,0.00210304942166,0.0,0.00105042016807,0.0,0.0,0.419889502762,0.0128913443831,0.258302583026,0.0,0.00835073068894,0.00313152400835,0.00104384133612,0.00315457413249,0.0043057050592,0.00218818380744,0.0169082125604,0.0549295774648
F,0.0021528525296,0.00981354268891,0.0009765625,0.0,0.800389483934,0.000975609756098,0.0428849902534,0.0,0.0,0.0,0.00975609756098,0.0214634146341,0.151898734177,0.0,0.000970873786408,0.00194174757282,0.00387596899225,0.00290697674419,0.0571151984511,0.0,0.000968992248062,0.0,0.0,0.00675675675676,0.000964320154291,0.0,0.0,0.00966183574879,0.000966183574879,0.107246376812,0.0019305019305,0.00386847195358,0.000967117988395,0.0,0.0135658914729,0.0,0.003861003861,0.000965250965251,0.000966183574879,0.00290135396518,0.0,0.0077519379845,0.0,0.0054704595186,0.0646221248631,0.0010298661174,0.00679611650485,0.0130890052356,0.00194174757282,0.00210748155954,0.0300387596899,0.00289296046287,0.363198458574,0.0106075216972,0.0,0.0183044315992,0.0685328185328,0.0,0.00192864030858,0.00481695568401,0.0317307692308,0.000960614793468,0.447318007663,0.0201923076923,0.000994035785288,0.000995024875622,0.0,0.00131061598952,0.0,0.0,0.0,0.0,0.0016501650165,0.00478011472275,0.00191938579655,0.00191938579655,0.0,0.00385728061716,0.000967117988395,0.215667311412,0.0,0.000967117988395,0.0551257253385,0.000966183574879,0.000966183574879,0.0,0.0261121856867,0.0125603864734,0.0,0.0,0.00385356454721,0.763741562199,0.0,0.0105596620908,0.000968054211036,0.00483558994197,0.00580270793037,0.00482625482625,0.0,0.0019305019305,0.753861003861,0.00289575289575,0.0,0.000967117988395,0.295256534366,0.00290697674419,0.00580832526621,0.0,0.0448087431694,0.00388349514563,0.105058365759,0.000974658869396,0.0508308895406,0.0762463343109,0.0541871921182,0.0148221343874,0.2,0.00100200400802,0.00528169014085,0.104895104895,0.0,0.0,0.0,0.0890688259109,0.00662251655629,0.0603566529492,0.106707317073,0.0871261378414,0.00273597811218,0.0102171136654,0.0574443141852,0.435665914221,0.0492424242424,0.0309023485785,0.276485788114,0.00179856115108,0.00513698630137,0.00448430493274,0.00257731958763,0.0079275198188,0.00609756097561,0.00618556701031,0.0030959752322,0.0268872802482,0.169072164948,0.0832476875642,0.472222222222,0.0,0.0102774922919,0.00410256410256,0.40490797546,0.0112704918033,0.0,0.0298507462687,0.00308008213552,0.158648925281,0.200614124872,0.00102249488753,0.00921187308086,0.0,0.00102145045965,0.00204498977505,0.0,0.0,0.0384615384615,0.00493096646943,0.0137931034483,0.00394866732478,0.00572082379863,0.00592885375494,0.00586166471278,0.00232018561485,0.00497512437811,0.0167264038232,0.0632352941176,0.0102639296188,0.0852173913043,0.684981684982,0.00704225352113,0.00467289719626,0.00555555555556,0.00949367088608,0.159264931087,0.0118152524168,0.00503778337531,0.00529100529101,0.0173410404624,0.273474178404,0.00557413600892,0.0,0.0020325203252,0.00304259634888,0.115267947422,0.0,0.00101419878296,0.00202839756592,0.00101419878296,0.0,0.159021406728,0.276530612245,0.00407747196738,0.00510725229826,0.00612244897959,0.00102040816327,0.0030612244898,0.0,0.0125,0.00413650465357,0.0476683937824,0.0020618556701,0.0082219938335,0.00937866354045,0.349743589744,0.00714285714286,0.00355871886121,0.0213523131673,0.00715563506261,0.0017825311943,0.00192307692308,0.00361010830325,0.115732368897,0.018064516129,0.00652173913043,0.0,0.00206398348813,0.0133607399794,0.187242798354,0.0145719489982,0.00412796697626,0.00104821802935,0.0,0.00208116545265,0.0,0.00103842159917,0.00729166666667,0.0,0.385579937304,0.561052631579,0.00105263157895,0.0,0.0,0.061974789916,0.0,0.021875,0.211786372007,0.0184162062615,0.0166051660517,0.0323590814196,0.00208768267223,0.0,0.00521920668058,0.00315457413249,0.0043057050592,0.0142231947484,0.0797101449275,0.0183098591549
Y,0.00968783638321,0.00294406280667,0.0048828125,0.00194741966894,0.0681596884129,0.0,0.0,0.0,0.0,0.0,0.0,0.00682926829268,0.016553067186,0.0,0.0,0.00291262135922,0.0077519379845,0.00968992248062,0.830590513069,0.000968054211036,0.000968992248062,0.0,0.000967117988395,0.0019305019305,0.0,0.0,0.00263852242744,0.00289855072464,0.0,0.132367149758,0.00579150579151,0.0,0.00193423597679,0.0,0.0,0.0,0.0,0.0,0.00193236714976,0.000967117988395,0.0,0.0,0.0,0.00328227571116,0.00876232201533,0.0,0.00582524271845,0.00261780104712,0.00291262135922,0.0,0.00678294573643,0.00192864030858,0.00578034682081,0.016393442623,0.0,0.940269749518,0.023166023166,0.0,0.000964320154291,0.0,0.00865384615385,0.0028818443804,0.0632183908046,0.0,0.000994035785288,0.0,0.0,0.00262123197903,0.0,0.0,0.0,0.0,0.0,0.0,0.0,0.0,0.0,0.00192864030858,0.000967117988395,0.0676982591876,0.000966183574879,0.0,0.0435203094778,0.0,0.0,0.0,0.171179883946,0.0,0.0,0.00578592092575,0.00963391136802,0.106075216972,0.00386473429952,0.00422386483633,0.0,0.000967117988395,0.0164410058027,0.0,0.000968054211036,0.000965250965251,0.235521235521,0.0,0.0028901734104,0.0,0.100677637948,0.0,0.00677637947725,0.00194174757282,0.0142076502732,0.00194174757282,0.0233463035019,0.000974658869396,0.0596285434995,0.00293255131965,0.1960591133,0.0167984189723,0.0660098522167,0.00200400801603,0.00528169014085,0.0524475524476,0.0153846153846,0.0307692307692,0.0128205128205,0.0,0.00397350993377,0.0205761316872,0.0457317073171,0.00260078023407,0.0,0.00766283524904,0.0152403282532,0.125282167043,0.00378787878788,0.00865265760198,0.487080103359,0.0,0.00342465753425,0.0067264573991,0.00386597938144,0.00453001132503,0.00243902439024,0.00103092783505,0.00103199174407,0.0103412616339,0.0257731958763,0.0113052415211,0.0195473251029,0.0018281535649,0.0082219938335,0.00205128205128,0.121676891616,0.00717213114754,0.00102354145343,0.0149253731343,0.0266940451745,0.0921187308086,0.729785056295,0.00102249488753,0.00614124872057,0.0,0.00102145045965,0.00306748466258,0.00298507462687,0.0019801980198,0.043392504931,0.0069033530572,0.0266009852217,0.00296150049358,0.00572082379863,0.0177865612648,0.00234466588511,0.00232018561485,0.0,0.00597371565114,0.00588235294118,0.0527859237537,0.015652173913,0.173992673993,0.00528169014085,0.00311526479751,0.0,0.00474683544304,0.010719754977,0.016111707841,0.0,0.00176366843034,0.00231213872832,0.0176056338028,0.00111482720178,0.0,0.00406504065041,0.00101419878296,0.684529828109,0.00101419878296,0.00304259634888,0.0,0.00101419878296,0.00101729399797,0.0316004077472,0.697959183673,0.00101936799185,0.00510725229826,0.00204081632653,0.0,0.0112244897959,0.00102145045965,0.0145833333333,0.0,0.00310880829016,0.00103092783505,0.00308324768756,0.00234466588511,0.107692307692,0.0,0.00889679715302,0.0355871886121,0.00536672629696,0.0,0.0,0.0072202166065,0.0759493670886,0.00645161290323,0.00760869565217,0.0,0.00206398348813,0.00102774922919,0.140946502058,0.0109289617486,0.00103199174407,0.0041928721174,0.0,0.0,0.00113636363636,0.0,0.0,0.0,0.00417972831766,0.00947368421053,0.00105263157895,0.00210304942166,0.0,0.00210084033613,0.00104166666667,0.0,0.0313075506446,0.0110497237569,0.0516605166052,0.00104384133612,0.00313152400835,0.00417536534447,0.0,0.00315457413249,0.0226049515608,0.00437636761488,0.484299516908,0.0380281690141
W,0.0010764262648,0.000981354268891,0.0,0.0,0.000973709834469,0.0,0.0,0.0,0.0,0.000975609756098,0.0,0.0351219512195,0.0,0.0,0.0,0.987378640777,0.0,0.980620155039,0.0,0.0,0.0,0.0,0.00483558994197,0.000965250965251,0.0,0.0,0.0,0.00579710144928,0.0,0.0,0.000965250965251,0.0,0.0,0.00193423597679,0.00193798449612,0.0,0.0019305019305,0.0,0.0,0.000967117988395,0.000967117988395,0.0,0.0,0.0,0.0,0.0010298661174,0.0,0.0,0.0,0.0,0.0,0.0,0.0019267822736,0.00289296046287,0.0,0.00578034682081,0.0019305019305,0.0,0.000964320154291,0.0,0.000961538461538,0.0,0.0,0.0,0.0,0.0,0.0,0.0,0.0,0.0,0.0,0.0,0.0,0.0,0.0,0.0,0.0,0.0,0.0,0.0106382978723,0.0,0.0,0.0,0.000966183574879,0.0,0.0,0.00290135396518,0.0,0.0,0.0,0.00770712909441,0.000964320154291,0.0,0.00211193241816,0.0,0.0,0.0,0.0,0.0,0.0,0.000965250965251,0.0,0.0,0.0,0.00774443368829,0.0,0.0,0.00873786407767,0.00327868852459,0.0,0.0,0.00877192982456,0.0,0.000977517106549,0.0,0.00098814229249,0.00492610837438,0.00100200400802,0.0140845070423,0.0034965034965,0.0153846153846,0.0,0.0,0.00404858299595,0.00132450331126,0.0,0.335365853659,0.00260078023407,0.00136798905609,0.0,0.0,0.0,0.00757575757576,0.0061804697157,0.0,0.0,0.0,0.0,0.0,0.0,0.0,0.0020618556701,0.0,0.00517063081696,0.00824742268041,0.00102774922919,0.00514403292181,0.0018281535649,0.00102774922919,0.00205128205128,0.00511247443763,0.00204918032787,0.00102354145343,0.0,0.0,0.00102354145343,0.00102354145343,0.0,0.0,0.0,0.0,0.0,0.0,0.0,0.0315581854043,0.0,0.000985221674877,0.00197433366239,0.00114416475973,0.00098814229249,0.00117233294256,0.0,0.0,0.00119474313023,0.00147058823529,0.00733137829912,0.0139130434783,0.0,0.0,0.0,0.0,0.00316455696203,0.00918836140888,0.00214822771214,0.0,0.0,0.00115606936416,0.00234741784038,0.00222965440357,0.00412796697626,0.0,0.00101419878296,0.00910010111223,0.0,0.0,0.0,0.0,0.0,0.00509683995923,0.00102040816327,0.0,0.00715015321757,0.0,0.0,0.0,0.0,0.00104166666667,0.0,0.00103626943005,0.00515463917526,0.0,0.0,0.00205128205128,0.0,0.0142348754448,0.722419928826,0.0,0.0,0.0,0.00180505415162,0.0,0.174193548387,0.0,0.0,0.00103199174407,0.00102774922919,0.00102880658436,0.00182149362477,0.00103199174407,0.0,0.00118063754427,0.0,0.0,0.0,0.00104166666667,0.0,0.0,0.00105263157895,0.0,0.0,0.0,0.0,0.0,0.0,0.0220994475138,0.0,0.0,0.0,0.0,0.0,0.0,0.0,0.0010764262648,0.00109409190372,0.0024154589372,0.00140845070423
H,0.0118406889128,0.0196270853778,0.0478515625,0.752677702045,0.0,0.0,0.000974658869396,0.0,0.987341772152,0.0,0.0,0.0,0.670886075949,0.0,0.0,0.00194174757282,0.0,0.0,0.0232333010649,0.00193610842207,0.0,0.00102354145343,0.0106382978723,0.015444015444,0.0,0.0,0.00527704485488,0.0115942028986,0.0,0.642512077295,0.0250965250965,0.0,0.00967117988395,0.000967117988395,0.0,0.0,0.00289575289575,0.0,0.0,0.0609284332689,0.000967117988395,0.000968992248062,0.178467507274,0.0142231947484,0.00438116100767,0.0144181256437,0.00194174757282,0.120418848168,0.00388349514563,0.0,0.107558139535,0.0212150433944,0.0,0.0250723240116,0.0260115606936,0.00770712909441,0.015444015444,0.00578592092575,0.00192864030858,0.0,0.000961538461538,0.0172910662824,0.00574712643678,0.0,0.00596421471173,0.000995024875622,0.0103567318757,0.0249017038008,0.030612244898,0.0,0.0229445506692,0.000955109837631,0.0016501650165,0.0,0.0,0.0,0.0,0.964320154291,0.0,0.0203094777563,0.0,0.0,0.00483558994197,0.0,0.000966183574879,0.000966183574879,0.0377176015474,0.000966183574879,0.0,0.0723240115718,0.0481695568401,0.0144648023144,0.0115942028986,0.0665258711721,0.00193610842207,0.0,0.0193423597679,0.0019305019305,0.0,0.000965250965251,0.0019305019305,0.00772200772201,0.0,0.000967117988395,0.00677637947725,0.0,0.00387221684414,0.0184466019417,0.0535519125683,0.00873786407767,0.174124513619,0.0311890838207,0.00293255131965,0.0136852394917,0.0344827586207,0.00790513833992,0.00394088669951,0.0130260521042,0.00704225352113,0.0034965034965,0.0153846153846,0.0461538461538,0.0,0.00404858299595,0.00264900662252,0.00685871056241,0.0106707317073,0.00260078023407,0.00410396716826,0.00127713920817,0.0304806565064,0.00451467268623,0.0,0.00370828182942,0.0374677002584,0.0,0.00342465753425,0.02466367713,0.0090206185567,0.0883352208381,0.00243902439024,0.00515463917526,0.00412796697626,0.00310237849018,0.00721649484536,0.0123329907503,0.00102880658436,0.0,0.0143884892086,0.00923076923077,0.0316973415133,0.0030737704918,0.0204708290686,0.044776119403,0.0184804928131,0.0,0.00511770726714,0.108384458078,0.028659160696,0.00102459016393,0.00204290091931,0.0265848670757,0.0,0.0049504950495,0.00493096646943,0.000986193293886,0.00197044334975,0.000987166831194,0.00114416475973,0.00790513833992,0.0117233294256,0.0092807424594,0.00199004975124,0.00477897252091,0.0294117647059,0.0058651026393,0.00347826086957,0.010989010989,0.00352112676056,0.0155763239875,0.00740740740741,0.00158227848101,0.00306278713629,0.00322234156821,0.0,0.0,0.00231213872832,0.00469483568075,0.0,0.0103199174407,0.0121951219512,0.00202839756592,0.0212335692619,0.00101419878296,0.00709939148073,0.0,0.0141987829615,0.00508646998983,0.0101936799185,0.0,0.0,0.00204290091931,0.0,0.00510204081633,0.0520408163265,0.0,0.0854166666667,0.00206825232678,0.0020725388601,0.00309278350515,0.0082219938335,0.00468933177022,0.0184615384615,0.00892857142857,0.0462633451957,0.0017793594306,0.0,0.0,0.0153846153846,0.0126353790614,0.00723327305606,0.00645161290323,0.00108695652174,0.0309090909091,0.0278637770898,0.00308324768756,0.0216049382716,0.00728597449909,0.0,0.0146750524109,0.00118063754427,0.0,0.0,0.976116303219,0.0,0.0,0.00104493207941,0.0,0.00105263157895,0.0105152471083,0.00314465408805,0.0294117647059,0.00833333333333,0.0,0.00184162062615,0.0497237569061,0.121771217712,0.0,0.0135699373695,0.0302713987474,0.0,0.00210304942166,0.0462863293864,0.00875273522976,0.0434782608696,0.0464788732394
K,0.144241119483,0.230618253189,0.4775390625,0.0516066212269,0.0,0.0,0.0,0.0,0.0,0.00292682926829,0.0,0.0,0.000973709834469,0.000968992248062,0.000970873786408,0.0,0.00193798449612,0.0,0.000968054211036,0.886737657309,0.0,0.281473899693,0.000967117988395,0.015444015444,0.0,0.257575757576,0.0211081794195,0.0251207729469,0.00386473429952,0.0,0.319498069498,0.0,0.00386847195358,0.00386847195358,0.0,0.0,0.000965250965251,0.0878378378378,0.0,0.000967117988395,0.0,0.0116279069767,0.00290979631426,0.00765864332604,0.329682365827,0.0947476828012,0.0,0.0392670157068,0.0184466019417,0.0,0.0242248062016,0.00192864030858,0.0,0.0308582449373,0.0105973025048,0.0,0.00289575289575,0.315332690453,0.0212150433944,0.0,0.0,0.0605187319885,0.0,0.0,0.0288270377734,0.0925373134328,0.0103567318757,0.0104849279161,0.0204081632653,0.0357142857143,0.0439770554493,0.655205348615,0.0,0.0019120458891,0.0,0.0,0.0,0.0,0.0,0.00580270793037,0.0,0.000967117988395,0.0,0.0,0.0,0.0,0.0483558994197,0.000966183574879,0.0,0.0,0.269749518304,0.000964320154291,0.0512077294686,0.0718057022175,0.880929332043,0.0,0.041586073501,0.194015444015,0.000968054211036,0.0,0.0019305019305,0.0,0.000963391136802,0.0,0.0,0.0,0.0,0.102912621359,0.00109289617486,0.0631067961165,0.0359922178988,0.0477582846004,0.000977517106549,0.00782013685239,0.00492610837438,0.00889328063241,0.0108374384236,0.0511022044088,0.114436619718,0.0104895104895,0.0153846153846,0.0153846153846,0.0769230769231,0.0526315789474,0.0291390728477,0.0082304526749,0.015243902439,0.0299089726918,0.00136798905609,0.037037037037,0.0855803048066,0.00112866817156,0.121212121212,0.0383189122373,0.0,0.0125899280576,0.041095890411,0.0605381165919,0.0502577319588,0.211778029445,0.0134146341463,0.060824742268,0.0247678018576,0.00103412616339,0.0020618556701,0.0236382322713,0.00205761316872,0.0018281535649,0.213771839671,0.250256410256,0.0235173824131,0.0030737704918,0.17604912999,0.134328358209,0.32546201232,0.00204708290686,0.00102354145343,0.0184049079755,0.00921187308086,0.00102459016393,0.00510725229826,0.021472392638,0.0298507462687,0.000990099009901,0.00197238658777,0.0128205128205,0.00788177339901,0.00197433366239,0.242562929062,0.0365612648221,0.0175849941383,0.0290023201856,0.0358208955224,0.0227001194743,0.0117647058824,0.0263929618768,0.00521739130435,0.0,0.0211267605634,0.018691588785,0.037037037037,0.0490506329114,0.0321592649311,0.200859291085,0.136020151134,0.324514991182,0.138728323699,0.0,0.00334448160535,0.207430340557,0.121951219512,0.241379310345,0.0010111223458,0.00101419878296,0.080121703854,0.0,0.131845841785,0.137334689725,0.00305810397554,0.0,0.00101936799185,0.138917262513,0.0,0.107142857143,0.115306122449,0.00306435137896,0.217708333333,0.00310237849018,0.0020725388601,0.178350515464,0.120246659815,0.0351699882767,0.00615384615385,0.00178571428571,0.0729537366548,0.00355871886121,0.0,0.0,0.125,0.104693140794,0.0,0.0167741935484,0.00869565217391,0.145454545455,0.0980392156863,0.00513874614594,0.210905349794,0.0510018214936,0.00206398348813,0.320754716981,0.0153482880756,0.0,0.00113636363636,0.00103842159917,0.0135416666667,0.00104058272633,0.00104493207941,0.00105263157895,0.0,0.603575184017,0.00314465408805,0.115546218487,0.0489583333333,0.0,0.0,0.0276243093923,0.00184501845018,0.00104384133612,0.0104384133612,0.164926931106,0.00104384133612,0.00210304942166,0.0968783638321,0.380743982495,0.00966183574879,0.0253521126761
R,0.0947255113025,0.0588812561335,0.05859375,0.0817916260954,0.0,0.0,0.0,0.0,0.0,0.00292682926829,0.0,0.000975609756098,0.0,0.0,0.000970873786408,0.000970873786408,0.0,0.00193798449612,0.0348499515973,0.0425943852856,0.0,0.0706243602866,0.00290135396518,0.0791505791506,0.0,0.222222222222,0.0343007915567,0.0212560386473,0.00193236714976,0.00289855072464,0.273166023166,0.0,0.0309477756286,0.00193423597679,0.00290697674419,0.000968992248062,0.0,0.00675675675676,0.00193236714976,0.00483558994197,0.00193423597679,0.0261627906977,0.00290979631426,0.0262582056893,0.176341730559,0.10710607621,0.00388349514563,0.0680628272251,0.00776699029126,0.0,0.107558139535,0.00675024108004,0.0,0.0270009643202,0.00481695568401,0.0,0.0125482625483,0.0906460945034,0.00578592092575,0.0,0.0163461538462,0.0201729106628,0.00095785440613,0.0,0.0288270377734,0.00597014925373,0.00460299194476,0.00786369593709,0.0204081632653,0.0,0.00860420650096,0.175740210124,0.0,0.0019120458891,0.00479846449136,0.0,0.0019267822736,0.00192864030858,0.00193423597679,0.00870406189555,0.000966183574879,0.000967117988395,0.00193423597679,0.000966183574879,0.0,0.000966183574879,0.0174081237911,0.0,0.000968054211036,0.00867888138862,0.188824662813,0.0212150433944,0.00676328502415,0.0295670538543,0.0619554695063,0.000967117988395,0.0473887814313,0.0250965250965,0.000968054211036,0.0,0.0,0.0,0.0019267822736,0.000967117988395,0.00484027105518,0.00290697674419,0.00193610842207,0.0514563106796,0.00218579234973,0.0436893203883,0.0252918287938,0.0925925925926,0.010752688172,0.00977517106549,0.00689655172414,0.00691699604743,0.0610837438424,0.0150300601202,0.170774647887,0.00699300699301,0.0615384615385,0.0769230769231,0.115384615385,0.0688259109312,0.00927152317881,0.00960219478738,0.0518292682927,0.00130039011704,0.00136798905609,0.0727969348659,0.0586166471278,0.00564334085779,0.0189393939394,0.0506798516687,0.00645994832041,0.00719424460432,0.0222602739726,0.0269058295964,0.0090206185567,0.0634201585504,0.0109756097561,0.0237113402062,0.0227038183695,0.00413650465357,0.00721649484536,0.0246659815005,0.00205761316872,0.0018281535649,0.0462487153135,0.0297435897436,0.00920245398773,0.0122950819672,0.231320368475,0.089552238806,0.0739219712526,0.00307062436029,0.00204708290686,0.00715746421268,0.0399181166837,0.00102459016393,0.00612870275792,0.0143149284254,0.00298507462687,0.0019801980198,0.0157790927022,0.0128205128205,0.0118226600985,0.00197433366239,0.0240274599542,0.0167984189723,0.0468933177022,0.0046403712297,0.845771144279,0.00716845878136,0.0220588235294,0.0865102639296,0.024347826087,0.010989010989,0.0369718309859,0.01246105919,0.0111111111111,0.0696202531646,0.0275650842266,0.0590762620838,0.0730478589421,0.015873015873,0.0323699421965,0.0,0.00557413600892,0.0454076367389,0.010162601626,0.220081135903,0.0,0.00709939148073,0.051724137931,0.0,0.314401622718,0.813835198372,0.00611620795107,0.00204081632653,0.00101936799185,0.070480081716,0.0030612244898,0.0224489795918,0.0224489795918,0.00102145045965,0.148958333333,0.00413650465357,0.00310880829016,0.0237113402062,0.0133607399794,0.00937866354045,0.00307692307692,0.00178571428571,0.52846975089,0.0427046263345,0.0,0.0017825311943,0.0269230769231,0.086642599278,0.00723327305606,0.0167741935484,0.00652173913043,0.00545454545455,0.0598555211558,0.0143884892086,0.0452674897119,0.00910746812386,0.00103199174407,0.0251572327044,0.00354191263282,0.00208116545265,0.00454545454545,0.00311526479751,0.00104166666667,0.00104058272633,0.00208986415883,0.0,0.0,0.0862250262881,0.0020964360587,0.0703781512605,0.0145833333333,0.003125,0.00552486187845,0.036832412523,0.0535055350554,0.0,0.0062630480167,0.0845511482255,0.0,0.0,0.048439181916,0.0382932166302,0.012077294686,0.012676056338
Q,0.0570505920344,0.108930323847,0.0576171875,0.0214216163583,0.0,0.0,0.0,0.0,0.0,0.0,0.0,0.00292682926829,0.0204479065239,0.000968992248062,0.0,0.000970873786408,0.0,0.0,0.00580832526621,0.00774443368829,0.000968992248062,0.00511770726714,0.0,0.0588803088803,0.000964320154291,0.0252525252525,0.0105540897098,0.0115942028986,0.000966183574879,0.0193236714976,0.0472972972973,0.0,0.00193423597679,0.0,0.0,0.0,0.000965250965251,0.0,0.0,0.00290135396518,0.0,0.00678294573643,0.00193986420951,0.0689277899344,0.0317634173056,0.21833161689,0.000970873786408,0.157068062827,0.0631067961165,0.0031612223393,0.077519379845,0.000964320154291,0.000963391136802,0.0212150433944,0.161849710983,0.0019267822736,0.0,0.135004821601,0.00385728061716,0.0,0.0,0.0605187319885,0.00095785440613,0.0,0.0308151093439,0.0169154228856,0.0471806674338,0.0563564875491,0.0612244897959,0.0178571428571,0.0478011472275,0.0783190066858,0.0,0.000956022944551,0.0,0.0,0.000963391136802,0.00578592092575,0.000967117988395,0.00676982591876,0.0,0.0,0.00193423597679,0.0,0.000966183574879,0.0,0.0870406189555,0.0,0.0,0.0125361620058,0.0337186897881,0.00289296046287,0.00193236714976,0.078141499472,0.00677637947725,0.0,0.0154738878143,0.0135135135135,0.00193610842207,0.000965250965251,0.000965250965251,0.003861003861,0.000963391136802,0.0,0.00193610842207,0.0,0.00290416263311,0.0368932038835,0.0120218579235,0.021359223301,0.172178988327,0.0623781676413,0.00684261974585,0.00879765395894,0.0778325123153,0.00592885375494,0.00886699507389,0.22244488978,0.0968309859155,0.041958041958,0.0,0.0615384615385,0.0128205128205,0.0890688259109,0.00794701986755,0.0123456790123,0.0548780487805,0.00910273081925,0.00273597811218,0.0932311621967,0.15123094959,0.0248306997743,0.00378787878788,0.0210135970334,0.0206718346253,0.0089928057554,0.00856164383562,0.0941704035874,0.0399484536082,0.0883352208381,0.0134146341463,0.0113402061856,0.0196078431373,0.00206825232678,0.00412371134021,0.0102774922919,0.00102880658436,0.0,0.016443987667,0.0882051282051,0.0480572597137,0.0973360655738,0.0276356192426,0.0298507462687,0.0441478439425,0.00204708290686,0.0,0.507157464213,0.185261003071,0.00102459016393,0.023493360572,0.0398773006135,0.110447761194,0.0049504950495,0.0187376725838,0.0138067061144,0.00492610837438,0.00789733464956,0.0114416475973,0.00296442687747,0.00586166471278,0.00348027842227,0.00398009950249,0.015531660693,0.0279411764706,0.00879765395894,0.0417391304348,0.00549450549451,0.0404929577465,0.0311526479751,0.00925925925926,0.0316455696203,0.0643185298622,0.0483351235231,0.158690176322,0.0246913580247,0.00462427745665,0.00117370892019,0.0,0.0185758513932,0.0386178861789,0.00405679513185,0.0010111223458,0.00304259634888,0.0162271805274,0.00101419878296,0.00912778904665,0.00203458799593,0.0,0.0,0.0,0.0633299284985,0.00102040816327,0.034693877551,0.162244897959,0.0,0.0416666666667,0.00206825232678,0.00414507772021,0.0103092783505,0.0236382322713,0.021101992966,0.0123076923077,0.919642857143,0.0978647686833,0.0106761565836,0.0483005366726,0.0017825311943,0.176923076923,0.0234657039711,0.0,0.00774193548387,0.00978260869565,0.0272727272727,0.122807017544,0.00205549845838,0.00514403292181,0.016393442623,0.0,0.0408805031447,0.00118063754427,0.0,0.00113636363636,0.00103842159917,0.0,0.00104058272633,0.012539184953,0.0,0.0,0.0389064143007,0.0,0.370798319328,0.140625,0.00104166666667,0.0,0.0847145488029,0.0110701107011,0.00208768267223,0.135699373695,0.0688935281837,0.00208768267223,0.00210304942166,0.125941872982,0.0218818380744,0.0108695652174,0.0267605633803
N,0.0775026910657,0.0264965652601,0.078125,0.00973709834469,0.0,0.000975609756098,0.0,0.0,0.0,0.00682926829268,0.0,0.0146341463415,0.00194741966894,0.000968992248062,0.0,0.000970873786408,0.0116279069767,0.0,0.000968054211036,0.0,0.00387596899225,0.0,0.0203094777563,0.003861003861,0.0,0.013468013468,0.00791556728232,0.0154589371981,0.00289855072464,0.0144927536232,0.109073359073,0.0,0.00967117988395,0.0,0.0,0.0213178294574,0.0019305019305,0.0,0.0,0.00386847195358,0.0,0.0077519379845,0.381183317168,0.0054704595186,0.0065717415115,0.032955715757,0.0,0.0575916230366,0.0504854368932,0.00105374077977,0.0552325581395,0.00964320154291,0.0,0.0106075216972,0.0028901734104,0.00385356454721,0.145752895753,0.0144648023144,0.0,0.0,0.00288461538462,0.0413064361191,0.00191570881226,0.0,0.0298210735586,0.0766169154229,0.00690448791715,0.0262123197903,0.0102040816327,0.142857142857,0.0057361376673,0.00859598853868,0.0,0.000956022944551,0.0,0.0,0.0,0.000964320154291,0.00870406189555,0.00290135396518,0.00676328502415,0.0,0.000967117988395,0.153623188406,0.000966183574879,0.0,0.00386847195358,0.000966183574879,0.0,0.00289296046287,0.0308285163776,0.00385728061716,0.0193236714976,0.0506863780359,0.0222652468538,0.0,0.00290135396518,0.0,0.00193610842207,0.000965250965251,0.0,0.0,0.0260115606936,0.000967117988395,0.00968054211036,0.000968992248062,0.000968054211036,0.0339805825243,0.0918032786885,0.0815533980583,0.091439688716,0.119883040936,0.0058651026393,0.0058651026393,0.0187192118227,0.00296442687747,0.0266009852217,0.0230460921844,0.0299295774648,0.00699300699301,0.0307692307692,0.0153846153846,0.025641025641,0.0121457489879,0.0198675496689,0.0452674897119,0.0198170731707,0.00390117035111,0.015047879617,0.0919540229885,0.010550996483,0.00902934537246,0.0,0.0309023485785,0.0103359173127,0.0161870503597,0.416095890411,0.235426008969,0.154639175258,0.204983012458,0.0231707317073,0.0175257731959,0.0113519091847,0.00103412616339,0.00103092783505,0.0236382322713,0.00102880658436,0.0073126142596,0.00924974306269,0.0964102564103,0.0040899795501,0.0,0.00409416581372,0.10447761194,0.101642710472,0.00204708290686,0.00409416581372,0.222903885481,0.0317297850563,0.00204918032787,0.00306435137896,0.0184049079755,0.0,0.0049504950495,0.00394477317554,0.0187376725838,0.000985221674877,0.00296150049358,0.0183066361556,0.00592885375494,0.0152403282532,0.0046403712297,0.000995024875622,0.00238948626045,0.0529411764706,0.0425219941349,0.0104347826087,0.0128205128205,0.0492957746479,0.0623052959502,0.0611111111111,0.0696202531646,0.0122511485452,0.0236305048335,0.0100755667506,0.0352733686067,0.035838150289,0.00352112676056,0.00222965440357,0.061919504644,0.0193089430894,0.192697768763,0.0171890798787,0.0152129817444,0.0141987829615,0.0,0.0344827586207,0.00101729399797,0.00101936799185,0.00102040816327,0.0,0.0,0.00204081632653,0.0265306122449,0.0336734693878,0.00919305413687,0.196875,0.00206825232678,0.00518134715026,0.0175257731959,0.00308324768756,0.0328253223916,0.00410256410256,0.0,0.0266903914591,0.00355871886121,0.00894454382826,0.00356506238859,0.0288461538462,0.564981949458,0.399638336347,0.181935483871,0.00434782608696,0.247272727273,0.0278637770898,0.00102774922919,0.00411522633745,0.00546448087432,0.0030959752322,0.0587002096436,0.0318772136954,0.0,0.00227272727273,0.00207684319834,0.003125,0.00312174817898,0.00417972831766,0.02,0.00105263157895,0.0357518401682,0.00104821802935,0.0231092436975,0.003125,0.00104166666667,0.0,0.0441988950276,0.0166051660517,0.0,0.0156576200418,0.0240083507307,0.00208768267223,0.00105152471083,0.10979547901,0.0536105032823,0.012077294686,0.0619718309859
E,0.172228202368,0.045142296369,0.021484375,0.00876338851022,0.0,0.0,0.0,0.000975609756098,0.0,0.0,0.060487804878,0.0,0.0,0.0,0.00970873786408,0.0,0.0,0.0,0.0193610842207,0.00774443368829,0.0,0.00204708290686,0.0106382978723,0.019305019305,0.0,0.434343434343,0.0,0.0260869565217,0.000966183574879,0.00193236714976,0.0202702702703,0.000967117988395,0.00386847195358,0.0,0.0,0.0222868217054,0.0,0.0019305019305,0.0,0.0,0.00386847195358,0.00872093023256,0.00872938894277,0.00984682713348,0.00876232201533,0.00926879505664,0.0,0.183246073298,0.33786407767,0.0031612223393,0.0222868217054,0.00482160077146,0.0,0.162970106075,0.268786127168,0.000963391136802,0.0,0.276759884282,0.0,0.0,0.00384615384615,0.291066282421,0.00287356321839,0.0,0.237574552684,0.0179104477612,0.02416570771,0.209698558322,0.204081632653,0.0178571428571,0.718929254302,0.0114613180516,0.0,0.0,0.000959692898273,0.00191938579655,0.0,0.0106075216972,0.00386847195358,0.0,0.0,0.000967117988395,0.000967117988395,0.00193236714976,0.0,0.0,0.0174081237911,0.000966183574879,0.0,0.695274831244,0.0221579961464,0.000964320154291,0.00579710144928,0.33368532207,0.0,0.0,0.0299806576402,0.000965250965251,0.00193610842207,0.000965250965251,0.0,0.000965250965251,0.000963391136802,0.00193423597679,0.00290416263311,0.000968992248062,0.0,0.00970873786408,0.00983606557377,0.0563106796117,0.0233463035019,0.00487329434698,0.0019550342131,0.0263929618768,0.0600985221675,0.00296442687747,0.00886699507389,0.330661322645,0.0352112676056,0.0174825174825,0.0153846153846,0.4,0.0128205128205,0.157894736842,0.24238410596,0.190672153635,0.0335365853659,0.0351105331599,0.00547195622435,0.021711366539,0.267291910903,0.00112866817156,0.0984848484848,0.0284301606922,0.00258397932817,0.0359712230216,0.0530821917808,0.103139013453,0.128865979381,0.0566251415629,0.0182926829268,0.00927835051546,0.0278637770898,0.00310237849018,0.00412371134021,0.0226104830421,0.0,0.0036563071298,0.0369989722508,0.229743589744,0.00715746421268,0.0,0.0522006141249,0.283582089552,0.0667351129363,0.00102354145343,0.00204708290686,0.00920245398773,0.028659160696,0.00204918032787,0.0122574055158,0.038854805726,0.814925373134,0.0178217821782,0.00394477317554,0.262327416174,0.00788177339901,0.000987166831194,0.00800915331808,0.0128458498024,0.00234466588511,0.0,0.00298507462687,0.0119474313023,0.0102941176471,0.0,0.0,0.0018315018315,0.00528169014085,0.283489096573,0.0907407407407,0.00474683544304,0.00459418070444,0.0580021482277,0.095717884131,0.197530864198,0.028901734104,0.0199530516432,0.0222965440357,0.219814241486,0.47662601626,0.0446247464503,0.00707785642063,0.0699797160243,0.00608519269777,0.0,0.0141987829615,0.00101729399797,0.00101936799185,0.0,0.0,0.0980592441267,0.0,0.136734693878,0.382653061224,0.00306435137896,0.0364583333333,0.00930713547053,0.00414507772021,0.0268041237113,0.236382322713,0.343493552169,0.0871794871795,0.00178571428571,0.0355871886121,0.00889679715302,0.00178890876565,0.0,0.373076923077,0.0306859205776,0.00180831826401,0.0129032258065,0.00978260869565,0.0436363636364,0.390092879257,0.00205549845838,0.0740740740741,0.551912568306,0.00103199174407,0.146750524109,0.0743801652893,0.00208116545265,0.00568181818182,0.0,0.00104166666667,0.00208116545265,0.0,0.00210526315789,0.00210526315789,0.0115667718191,0.0,0.0766806722689,0.415625,0.00104166666667,0.0,0.0405156537753,0.0166051660517,0.00104384133612,0.0365344467641,0.410229645094,0.00208768267223,0.00525762355415,0.101184068891,0.0284463894967,0.00845410628019,0.0323943661972
D,0.0462863293864,0.0,0.00390625,0.0155793573515,0.0,0.0,0.0,0.0,0.000973709834469,0.0,0.0019512195122,0.0,0.0,0.000968992248062,0.0,0.0,0.0,0.0,0.0154888673766,0.0348499515973,0.0,0.0,0.0106382978723,0.0019305019305,0.0,0.0016835016835,0.0343007915567,0.0173913043478,0.00579710144928,0.00193236714976,0.0135135135135,0.0,0.0483558994197,0.000967117988395,0.0,0.951550387597,0.0,0.00579150579151,0.0,0.0,0.00483558994197,0.015503875969,0.377303588749,0.00328227571116,0.00109529025192,0.279093717817,0.000970873786408,0.149214659686,0.208737864078,0.00105374077977,0.031007751938,0.00964320154291,0.0,0.171648987464,0.432562620424,0.0019267822736,0.0173745173745,0.0433944069431,0.000964320154291,0.0,0.00288461538462,0.372718539866,0.0,0.0,0.0546719681909,0.0268656716418,0.0218642117376,0.16120576671,0.448979591837,0.0892857142857,0.0860420650096,0.00668576886342,0.0,0.0,0.0,0.0,0.000963391136802,0.00192864030858,0.0996131528046,0.00193423597679,0.00193236714976,0.000967117988395,0.00193423597679,0.00193236714976,0.000966183574879,0.0,0.0261121856867,0.00193236714976,0.0,0.162970106075,0.0028901734104,0.00964320154291,0.0144927536232,0.114044350581,0.000968054211036,0.0,0.0212765957447,0.0,0.000968054211036,0.0,0.0,0.0019305019305,0.0019267822736,0.00193423597679,0.0106485963214,0.0,0.000968054211036,0.279611650485,0.0502732240437,0.0990291262136,0.0155642023346,0.0253411306043,0.0039100684262,0.0664711632454,0.197044334975,0.0938735177866,0.00492610837438,0.187374749499,0.177816901408,0.013986013986,0.0307692307692,0.0307692307692,0.0,0.0323886639676,0.214569536424,0.224965706447,0.0121951219512,0.00520156046814,0.670314637483,0.0344827586207,0.0445486518171,0.00677200902935,0.0378787878788,0.0061804697157,0.00516795865633,0.0323741007194,0.0308219178082,0.163677130045,0.310567010309,0.0226500566251,0.0719512195122,0.00927835051546,0.00412796697626,0.00103412616339,0.0,0.0781089414183,0.00411522633745,0.0127970749543,0.0082219938335,0.0564102564103,0.0184049079755,0.00204918032787,0.00102354145343,0.0,0.125256673511,0.00409416581372,0.00204708290686,0.0143149284254,0.0736949846469,0.00102459016393,0.00817160367722,0.0429447852761,0.00298507462687,0.857425742574,0.000986193293886,0.0177514792899,0.00197044334975,0.0,0.0,0.00494071146245,0.00117233294256,0.00348027842227,0.00199004975124,0.0,0.00294117647059,0.0,0.0,0.0,0.0334507042254,0.14953271028,0.396296296296,0.0284810126582,0.0183767228178,0.0236305048335,0.0931989924433,0.015873015873,0.0265895953757,0.00117370892019,0.015607580825,0.145510835913,0.0640243902439,0.0283975659229,0.00202224469161,0.051724137931,0.00811359026369,0.0,0.0202839756592,0.00101729399797,0.00509683995923,0.0,0.0,0.0,0.00204081632653,0.1,0.144897959184,0.963227783453,0.00520833333333,0.00103412616339,0.0,0.0257731958763,0.0082219938335,0.300117233294,0.0102564102564,0.00178571428571,0.00355871886121,0.00355871886121,0.0,0.0,0.0961538461538,0.0234657039711,0.00542495479204,0.00516129032258,0.00652173913043,0.272727272727,0.110423116615,0.00102774922919,0.00102880658436,0.016393442623,0.0,0.154088050314,0.14639905549,0.0145681581686,0.934090909091,0.00103842159917,0.0,0.0,0.00208986415883,0.00105263157895,0.0,0.0199789695058,0.00104821802935,0.0262605042017,0.0427083333333,0.00104166666667,0.00184162062615,0.217311233886,0.00184501845018,0.0,0.0292275574113,0.0855949895616,0.0,0.00210304942166,0.108719052745,0.0218818380744,0.00966183574879,0.0450704225352
S,0.0775026910657,0.0500490677134,0.0498046875,0.00486854917235,0.0,0.0,0.0,0.0,0.00194741966894,0.00390243902439,0.106341463415,0.0712195121951,0.00584225900682,0.00968992248062,0.0466019417476,0.000970873786408,0.144379844961,0.00290697674419,0.00193610842207,0.00290416263311,0.0164728682171,0.021494370522,0.0725338491296,0.0241312741313,0.000964320154291,0.00505050505051,0.596306068602,0.294685990338,0.00579710144928,0.000966183574879,0.03861003861,0.0106382978723,0.109284332689,0.0280464216634,0.00193798449612,0.000968992248062,0.003861003861,0.0366795366795,0.114009661836,0.66247582205,0.000967117988395,0.0135658914729,0.0417070805044,0.126914660832,0.0985761226725,0.0731204943357,0.0349514563107,0.0418848167539,0.158252427184,0.00105374077977,0.0658914728682,0.49662487946,0.0115606936416,0.302796528447,0.0250481695568,0.0028901734104,0.271235521236,0.0395371263259,0.00867888138862,0.0,0.0134615384615,0.0518731988473,0.00095785440613,0.00576923076923,0.168986083499,0.487562189055,0.04833141542,0.0655307994758,0.0102040816327,0.0357142857143,0.0105162523901,0.00668576886342,0.0,0.0,0.00191938579655,0.000959692898273,0.0173410404624,0.00385728061716,0.865570599613,0.0290135396518,0.00869565217391,0.0,0.00773694390716,0.324637681159,0.0,0.487922705314,0.0145067698259,0.00676328502415,0.0193610842207,0.00192864030858,0.0366088631985,0.000964320154291,0.0328502415459,0.108764519535,0.00387221684414,0.00193423597679,0.423597678917,0.00675675675676,0.0445304937076,0.0,0.0,0.000965250965251,0.101156069364,0.0551257253385,0.0464666021297,0.000968992248062,0.0135527589545,0.100970873786,0.0841530054645,0.0543689320388,0.0661478599222,0.271929824561,0.0342130987292,0.336265884653,0.0571428571429,0.0098814229249,0.0522167487685,0.0180360721443,0.0968309859155,0.020979020979,0.0923076923077,0.107692307692,0.282051282051,0.133603238866,0.0556291390728,0.148148148148,0.030487804878,0.0247074122237,0.0136798905609,0.168582375479,0.021101992966,0.00902934537246,0.204545454545,0.0766378244747,0.0555555555556,0.0413669064748,0.111301369863,0.0582959641256,0.0837628865979,0.0622876557191,0.0487804878049,0.0309278350515,0.0412796697626,0.440537745605,0.0257731958763,0.0637204522097,0.00514403292181,0.0493601462523,0.0184994861254,0.0984615384615,0.0276073619632,0.0122950819672,0.152507676561,0.089552238806,0.0359342915811,0.00614124872057,0.00818833162743,0.0265848670757,0.00921187308086,0.713114754098,0.145045965271,0.0705521472393,0.0,0.00594059405941,0.0769230769231,0.0315581854043,0.00394088669951,0.0345508390918,0.220823798627,0.162055335968,0.0152403282532,0.00696055684455,0.0189054726368,0.0167264038232,0.164705882353,0.306451612903,0.0365217391304,0.003663003663,0.12676056338,0.088785046729,0.0462962962963,0.0253164556962,0.251148545176,0.102040816327,0.0125944584383,0.0299823633157,0.0485549132948,0.00469483568075,0.429208472687,0.0608875128999,0.0416666666667,0.0111561866126,0.0131445904954,0.00405679513185,0.631845841785,0.0121703853955,0.052738336714,0.00915564598169,0.0275229357798,0.00408163265306,0.00305810397554,0.00612870275792,0.0908163265306,0.030612244898,0.00612244897959,0.00919305413687,0.0114583333333,0.0455015511892,0.0290155440415,0.131958762887,0.0226104830421,0.0679953106682,0.0133333333333,0.00357142857143,0.0017793594306,0.0462633451957,0.00357781753131,0.0017825311943,0.05,0.0234657039711,0.189873417722,0.0632258064516,0.0239130434783,0.0272727272727,0.0134158926729,0.00616649537513,0.00411522633745,0.0182149362477,0.00103199174407,0.0566037735849,0.0318772136954,0.457856399584,0.00227272727273,0.00103842159917,0.289583333333,0.0104058272633,0.00208986415883,0.0105263157895,0.862105263158,0.018927444795,0.00943396226415,0.0231092436975,0.0791666666667,0.0,0.149171270718,0.165745856354,0.118081180812,0.00208768267223,0.0469728601253,0.0480167014614,0.0187891440501,0.134595162986,0.0527448869752,0.0908096280088,0.0350241545894,0.135211267606
T,0.0247578040904,0.160942100098,0.0234375,0.0408958130477,0.000973709834469,0.000975609756098,0.00194931773879,0.000975609756098,0.0,0.0282926829268,0.0156097560976,0.000975609756098,0.00292112950341,0.00193798449612,0.000970873786408,0.000970873786408,0.0329457364341,0.0,0.000968054211036,0.00290416263311,0.130813953488,0.0235414534289,0.267891682785,0.00289575289575,0.000964320154291,0.026936026936,0.023746701847,0.0183574879227,0.0,0.00289855072464,0.042471042471,0.00967117988395,0.681818181818,0.0793036750484,0.000968992248062,0.00193798449612,0.0,0.173745173745,0.00289855072464,0.00580270793037,0.000967117988395,0.0562015503876,0.000969932104753,0.0853391684902,0.120481927711,0.0133882595263,0.116504854369,0.0157068062827,0.0854368932039,0.00632244467861,0.145348837209,0.409836065574,0.000963391136802,0.0250723240116,0.00963391136802,0.0019267822736,0.0897683397683,0.00482160077146,0.00482160077146,0.0019267822736,0.135576923077,0.0336215177714,0.0201149425287,0.00192307692308,0.0357852882704,0.0845771144279,0.0103567318757,0.0131061598952,0.0,0.0,0.0057361376673,0.00573065902579,0.003300330033,0.00478011472275,0.000959692898273,0.0,0.000963391136802,0.00192864030858,0.000967117988395,0.0174081237911,0.000966183574879,0.000967117988395,0.0145067698259,0.0270531400966,0.0106280193237,0.148792270531,0.00290135396518,0.0183574879227,0.0377541142304,0.00192864030858,0.0433526011561,0.000964320154291,0.0135265700483,0.0348468848997,0.000968054211036,0.0106382978723,0.0135396518375,0.0144787644788,0.00193610842207,0.000965250965251,0.000965250965251,0.003861003861,0.371868978805,0.00290135396518,0.169409486931,0.0116279069767,0.00290416263311,0.0660194174757,0.230601092896,0.11359223301,0.0184824902724,0.0662768031189,0.136852394917,0.0518084066471,0.151724137931,0.0533596837945,0.0433497536946,0.0180360721443,0.0404929577465,0.013986013986,0.0461538461538,0.0153846153846,0.102564102564,0.0445344129555,0.0291390728477,0.0178326474623,0.00609756097561,0.00780234070221,0.00683994528044,0.305236270754,0.0234466588511,0.0180586907449,0.0454545454545,0.191594561187,0.00516795865633,0.0215827338129,0.083904109589,0.0179372197309,0.0502577319588,0.0215175537939,0.0268292682927,0.0113402061856,0.654282765738,0.156153050672,0.0144329896907,0.0698869475848,0.00205761316872,0.0073126142596,0.0349434737924,0.0307692307692,0.00920245398773,0.0245901639344,0.0327533265097,0.044776119403,0.0195071868583,0.00307062436029,0.00511770726714,0.0184049079755,0.0102354145343,0.0409836065574,0.0194075587334,0.0828220858896,0.0,0.0257425742574,0.0108481262327,0.276134122288,0.00492610837438,0.00789733464956,0.16819221968,0.150197628458,0.00468933177022,0.0208816705336,0.0169154228856,0.0191158900836,0.0617647058824,0.0146627565982,0.0139130434783,0.0,0.0792253521127,0.0934579439252,0.0203703703704,0.0427215189873,0.0428790199081,0.0708915145005,0.0226700251889,0.0917107583774,0.0809248554913,0.00586854460094,0.451505016722,0.0433436532508,0.0213414634146,0.00507099391481,0.010111223458,0.00202839756592,0.080121703854,0.0172413793103,0.0649087221095,0.00813835198372,0.00509683995923,0.0,0.00101936799185,0.00919305413687,0.338775510204,0.134693877551,0.00102040816327,0.00204290091931,0.003125,0.0734229576008,0.0124352331606,0.117525773196,0.0143884892086,0.0246189917937,0.00717948717949,0.0,0.00533807829181,0.0017793594306,0.0161001788909,0.0142602495544,0.00961538461538,0.0180505415162,0.0343580470163,0.0335483870968,0.0380434782609,0.0618181818182,0.0113519091847,0.0113052415211,0.00617283950617,0.00910746812386,0.00206398348813,0.0104821802935,0.0425029515939,0.0582726326743,0.00113636363636,0.00726895119418,0.00416666666667,0.0166493236212,0.00208986415883,0.00421052631579,0.0252631578947,0.0504731861199,0.038784067086,0.0388655462185,0.0197916666667,0.0,0.0184162062615,0.0662983425414,0.0664206642066,0.00208768267223,0.0146137787056,0.0125260960334,0.00417536534447,0.0115667718191,0.0656620021529,0.0601750547046,0.0229468599034,0.0549295774648
-,0.143778801843,0.0608294930876,0.0562211981567,0.0534562211982,0.0534562211982,0.0543778801843,0.0543778801843,0.0543778801843,0.0534562211982,0.0552995391705,0.0552995391705,0.0552995391705,0.0534562211982,0.0488479262673,0.0497695852535,0.0497695852535,0.0479262672811,0.0479262672811,0.0479262672811,0.0479262672811,0.0488479262673,0.0995391705069,0.0470046082949,0.0451612903226,0.0442396313364,0.452534562212,0.65069124424,0.0460829493088,0.0460829493088,0.0460829493088,0.0451612903226,0.0470046082949,0.0470046082949,0.0470046082949,0.0488479262673,0.0488479262673,0.0442396313364,0.0451612903226,0.0460829493088,0.0470046082949,0.0470046082949,0.0488479262673,0.0488479262673,0.157603686636,0.158525345622,0.104147465438,0.0506912442396,0.647926267281,0.0506912442396,0.124423963134,0.0479262672811,0.0433179723502,0.0433179723502,0.0433179723502,0.0423963133641,0.0423963133641,0.0442396313364,0.0433179723502,0.0433179723502,0.0423963133641,0.0387096774194,0.0396313364055,0.0377880184332,0.0405529953917,0.0728110599078,0.073732718894,0.199078341014,0.296774193548,0.909677419355,0.948387096774,0.0350230414747,0.0350230414747,0.441474654378,0.0359447004608,0.0396313364055,0.0396313364055,0.0433179723502,0.0442396313364,0.0470046082949,0.0470046082949,0.0460829493088,0.0470046082949,0.0460829493088,0.0460829493088,0.0460829493088,0.0460829493088,0.0470046082949,0.0460829493088,0.0470046082949,0.0442396313364,0.0433179723502,0.0442396313364,0.0460829493088,0.127188940092,0.0479262672811,0.0470046082949,0.0460829493088,0.0451612903226,0.0479262672811,0.0451612903226,0.0451612903226,0.0451612903226,0.0433179723502,0.0470046082949,0.0479262672811,0.0479262672811,0.0479262672811,0.0506912442396,0.15668202765,0.0506912442396,0.052534562212,0.0543778801843,0.0571428571429,0.0571428571429,0.0645161290323,0.0672811059908,0.0645161290323,0.0801843317972,0.476497695853,0.736405529954,0.940092165899,0.940092165899,0.928110599078,0.772350230415,0.303225806452,0.328110599078,0.394470046083,0.290322580645,0.326267281106,0.278341013825,0.213824884793,0.182488479263,0.75668202765,0.254377880184,0.2866359447,0.487557603687,0.461751152074,0.588940092166,0.284792626728,0.186175115207,0.24331797235,0.10599078341,0.106912442396,0.108755760369,0.105069124424,0.103225806452,0.104147465438,0.495852534562,0.103225806452,0.101382488479,0.0986175115207,0.100460829493,0.0995391705069,0.938248847926,0.102304147465,0.0995391705069,0.0995391705069,0.0986175115207,0.0995391705069,0.100460829493,0.0976958525346,0.0986175115207,0.691244239631,0.0691244239631,0.0654377880184,0.0654377880184,0.0645161290323,0.0663594470046,0.194470046083,0.0672811059908,0.213824884793,0.205529953917,0.073732718894,0.228571428571,0.373271889401,0.371428571429,0.470046082949,0.496774193548,0.475576036866,0.408294930876,0.502304147465,0.417511520737,0.398156682028,0.141935483871,0.634101382488,0.477419354839,0.202764976959,0.214746543779,0.173271889401,0.106912442396,0.0930875576037,0.0912442396313,0.0884792626728,0.0912442396313,0.0912442396313,0.0912442396313,0.0912442396313,0.0940092165899,0.0958525345622,0.0967741935484,0.0958525345622,0.0967741935484,0.0967741935484,0.0967741935484,0.0967741935484,0.0976958525346,0.115207373272,0.108755760369,0.109677419355,0.10599078341,0.103225806452,0.213824884793,0.101382488479,0.483870967742,0.48202764977,0.48202764977,0.484792626728,0.482949308756,0.520737327189,0.489400921659,0.490322580645,0.285714285714,0.151152073733,0.493087557604,0.106912442396,0.103225806452,0.104147465438,0.49400921659,0.106912442396,0.120737327189,0.21935483871,0.114285714286,0.188940092166,0.112442396313,0.1133640553,0.114285714286,0.117050691244,0.124423963134,0.124423963134,0.123502304147,0.120737327189,0.122580645161,0.115207373272,0.115207373272,0.498617511521,0.499539170507,0.498617511521,0.117050691244,0.117050691244,0.117050691244,0.117050691244,0.123502304147,0.143778801843,0.157603686636,0.235944700461,0.345622119816
other,0.0,0.0,0.0,0.0,0.0,0.000921658986175,0.0,0.000921658986175,0.0,0.0,0.0,0.0,0.0,0.0,0.000921658986175,0.000921658986175,0.000921658986175,0.000921658986175,0.0,0.0,0.0,0.0,0.0,0.0,0.0,0.0,0.0,0.0,0.0,0.0,0.0,0.0,0.0,0.0,0.0,0.0,0.000921658986175,0.0,0.0,0.0,0.0,0.0,0.000921658986175,0.0,0.0,0.000921658986175,0.0,0.0,0.0,0.000921658986175,0.000921658986175,0.000921658986175,0.0,0.000921658986175,0.000921658986175,0.000921658986175,0.000921658986175,0.000921658986175,0.000921658986175,0.000921658986175,0.00276497695853,0.000921658986175,0.0,0.000921658986175,0.0,0.0,0.0,0.0,0.0,0.0,0.000921658986175,0.0,0.0,0.0,0.0,0.0,0.0,0.0,0.0,0.0,0.0,0.0,0.000921658986175,0.0,0.0,0.0,0.0,0.0,0.000921658986175,0.0,0.0,0.0,0.0,0.0,0.0,0.0,0.000921658986175,0.0,0.0,0.0,0.0,0.0,0.0,0.0,0.0,0.000921658986175,0.0,0.0,0.0,0.0,0.0,0.0,0.0,0.0,0.0,0.0,0.0,0.0,0.0,0.0,0.0,0.0,0.0,0.0,0.000921658986175,0.0,0.000921658986175,0.000921658986175,0.0,0.0,0.0,0.000921658986175,0.0,0.0,0.0,0.0,0.0,0.0,0.0,0.0,0.000921658986175,0.0,0.0,0.0,0.000921658986175,0.0,0.0,0.0,0.0,0.0,0.0,0.0,0.0,0.0,0.0,0.0,0.0,0.0,0.0,0.0,0.0,0.0,0.0,0.0,0.0,0.0,0.0,0.0,0.0,0.0,0.0,0.0,0.0,0.0,0.0,0.0,0.0,0.0,0.000921658986175,0.0,0.0,0.0,0.0,0.0,0.0,0.0,0.0,0.0,0.0,0.0,0.0,0.0,0.0,0.0,0.0,0.0,0.0,0.0,0.0,0.0,0.0,0.000921658986175,0.0,0.0,0.0,0.0,0.0,0.0,0.000921658986175,0.0,0.0,0.0,0.0,0.0,0.0,0.0,0.0,0.0,0.0,0.0,0.0,0.0,0.000921658986175,0.0,0.0,0.0,0.0,0.0,0.0,0.0,0.0,0.0,0.0,0.0,0.00184331797235,0.0,0.000921658986175,0.0,0.0,0.0,0.0,0.0,0.0,0.0,0.000921658986175,0.0,0.00184331797235,0.0,0.0,0.0,0.0,0.0,0.0,0.0,0.000921658986175,0.0
