G,0.0,0.0,0.0184049079755,0.0,0.0975609756098,0.0,0.0,0.0,0.00471698113208,0.0235849056604,0.0,0.037558685446,0.246511627907,0.0,0.294930875576,0.0,0.00460829493088,0.036866359447,0.483870967742,0.0,0.0138248847926,0.0276497695853,0.0,0.0,0.0601851851852,0.0159574468085,0.766355140187,0.149253731343,0.0,0.00917431192661,0.0045871559633,0.0504587155963,0.0733944954128,0.0,0.0,0.045871559633,0.0,0.0,0.903669724771,0.0,0.0,0.0,0.995433789954,0.0,0.981735159817,0.398058252427,0.00490196078431,0.00485436893204,0.0,0.0,0.00913242009132,0.0,0.388127853881,0.0,0.00456621004566,0.0,0.0,0.0,0.0,0.0182648401826,0.041095890411,0.0,0.0,0.100456621005,0.0684931506849,0.00456621004566,0.261627906977,0.43023255814,0.00819672131148,0.0153846153846,0.0214285714286,0.00689655172414,0.0245398773006,0.0641711229947,0.0740740740741,0.0263157894737,0.1,0.00456621004566,0.0,0.0,0.00456621004566,0.0,0.0,0.981735159817,0.945205479452,0.00913242009132,0.0547945205479,1.0,0.118721461187,0.0,0.00456621004566,0.0,0.0,0.00913242009132,0.0,0.0,0.0,0.00913242009132,0.00456621004566,0.013698630137,0.0776255707763,0.0754716981132,0.104265402844,0.0655737704918,0.0992907801418,0.152866242038,0.104166666667,0.193548387097,0.230414746544,0.0645161290323,0.198156682028,0.0,0.00460829493088,0.00460829493088,0.792626728111,0.00460829493088,0.201834862385,0.0,0.0045871559633,0.0045871559633,0.0,0.0,0.0137614678899,0.0137614678899,0.0229357798165,0.0,0.0,0.990825688073,0.00917431192661,0.0137614678899,0.0550458715596,0.0,0.0,0.0137614678899,0.0,0.0,0.0045871559633,0.0366972477064,0.206422018349,0.0,0.0366972477064,0.0184331797235,0.0138248847926,0.0,0.0183486238532,0.0321100917431,0.0183486238532,0.788990825688,0.0,0.0138248847926,0.0236686390533,0.00925925925926,0.0555555555556,0.0,0.0,0.0045871559633,0.0,0.0,0.0,0.00917431192661,0.0,0.0917431192661,0.0,0.0,0.00478468899522,0.0191387559809,0.00956937799043,0.0240384615385,0.00480769230769,0.0,0.0197044334975,0.0246305418719,0.00990099009901,0.0201005025126,0.0360824742268,0.0,0.917525773196,0.0203045685279,0.025974025974,0.00510204081633,0.0,0.0146341463415,0.00975609756098,0.0,0.00970873786408,0.0841121495327,0.0645161290323,0.036866359447,0.0414746543779,0.322580645161,0.00460829493088,0.0045871559633,0.0,0.646788990826,0.0275229357798,0.0779816513761,0.045871559633,0.0,1.0,0.0,0.0825688073394,0.0045871559633,0.0275229357798,0.0,0.853211009174,0.0,0.0,0.0550458715596,0.0504587155963,0.0645161290323,0.0350877192982,0.00460829493088,0.0414746543779,0.0196078431373,0.0460829493088,0.015306122449,0.0,0.155963302752,0.0733944954128,0.0045871559633,0.0412844036697,0.0733944954128,0.0,0.0,0.0045871559633,0.128440366972,0.0,0.00917431192661,0.0045871559633,0.0,0.0,0.0229357798165,0.954128440367,0.0733944954128,0.0229357798165,0.00921658986175,0.0045871559633,0.0596330275229,0.0045871559633,0.0,0.0,0.0,0.0,0.0,0.839449541284,0.0,0.0045871559633,0.00917431192661,0.339449541284,0.00934579439252,0.222222222222,0.605504587156,0.0137614678899,0.0,0.00917431192661,0.0,0.463302752294,0.0,0.229357798165,0.0045871559633,0.0,0.0137614678899,0.0,0.0779816513761,0.0,0.0,0.0366972477064,0.0779816513761,0.311926605505,0.0,0.00917431192661,0.0642201834862,0.0,0.0,0.036866359447,0.0379146919431,0.0,0.711538461538,0.0344827586207,0.117647058824,0.0483870967742,0.109756097561,0.171428571429,0.0422535211268,0.0211267605634,0.0394736842105,0.025641025641,0.0363636363636,0.015306122449,0.225806451613,0.396313364055,0.0,0.0,0.00460829493088,0.0506912442396,0.0,0.0,0.00460829493088,0.0,0.00925925925926,0.0648148148148,0.00460829493088,0.00462962962963,0.0277777777778,0.0230414746544,0.89400921659,0.0,0.0,0.0506912442396,0.884792626728,0.0,0.00460829493088,0.0,0.0,0.0,0.0,0.00921658986175,0.0,0.0138248847926,0.0046511627907,0.0142180094787,0.0,0.0829493087558,0.0552995391705,0.0,0.0,0.00460829493088,0.0,0.073732718894,0.0,0.00921658986175,0.78801843318,0.769585253456,0.0,0.0,0.0645161290323,0.447004608295,0.0,0.00921658986175,0.912442396313,0.0,0.152777777778,0.00925925925926,0.0,0.0,0.0,0.0,0.711627906977,0.772093023256,0.0325581395349,0.0,0.0754716981132,0.0,0.961904761905,0.0047619047619,0.0,0.995215311005,0.909090909091,0.8995215311,0.0,0.0,0.0,0.0,0.0,0.0148148148148,0.0,0.0
P,0.0,0.191919191919,0.0981595092025,0.0,0.0,0.0,0.0,0.0047619047619,0.0,0.570754716981,0.0,0.0093896713615,0.0,0.811059907834,0.0,0.0,0.0,0.0,0.10599078341,0.0,0.0,0.0,0.0,0.0,0.0,0.0,0.0,0.0,0.00921658986175,0.0183486238532,0.504587155963,0.0045871559633,0.0,0.0045871559633,0.0,0.0,0.0,0.0,0.0,0.0,0.0,0.0,0.0,0.0,0.0,0.00970873786408,0.0,0.0,0.0,0.0,0.0,0.0,0.0228310502283,0.0,0.0,0.0,0.0,0.0,0.0,0.0,0.0958904109589,0.0,0.0,0.114155251142,0.13698630137,0.0,0.0,0.0290697674419,0.00819672131148,0.123076923077,0.371428571429,0.0827586206897,0.00613496932515,0.0,0.015873015873,0.00526315789474,0.00526315789474,0.013698630137,0.324200913242,0.0,0.0,0.0,0.0,0.0,0.0,0.0,0.00913242009132,0.0,0.0,0.0,0.0,1.0,0.0,0.0,0.0,0.0,0.0,0.00456621004566,0.0,0.0,0.200913242009,0.0424528301887,0.0900473933649,0.0819672131148,0.148936170213,0.165605095541,0.130208333333,0.0829493087558,0.0506912442396,0.285714285714,0.0,0.0,0.0,0.0,0.0,0.0,0.0,0.0,0.0,0.188073394495,0.142201834862,0.0,0.174311926606,0.788990825688,0.0,0.0,0.0,0.0,0.0,0.0871559633028,0.0779816513761,0.0,0.0,0.0,0.0,0.0,0.0,0.0,0.0,0.0,0.0,0.0,0.0,0.0,0.0,0.0,0.0,0.0,0.0,0.00460829493088,0.0,0.546296296296,0.0,0.0,0.00917431192661,0.0,0.0,0.0,0.0,0.0,0.0,0.0,0.953917050691,0.0,0.0526315789474,0.00478468899522,0.0574162679426,0.00480769230769,0.0144230769231,0.00975609756098,0.0,0.00492610837438,0.0,0.00502512562814,0.0,0.0,0.0,0.0,0.0194805194805,0.198979591837,0.015306122449,0.00975609756098,0.00487804878049,0.00970873786408,0.106796116505,0.0,0.0138248847926,0.0,0.0,0.0230414746544,0.0,0.0,0.0,0.0,0.0,0.0,0.0,0.0,0.0,0.0,0.0,0.0,0.0,0.0,0.0,0.0,0.0,0.100917431193,0.0825688073394,0.0258064516129,0.0175438596491,0.184331797235,0.0184331797235,0.0196078431373,0.00921658986175,0.0,0.00510204081633,0.0,0.0,0.0045871559633,0.0275229357798,0.0045871559633,0.0,0.0,0.0,0.0183486238532,0.0,0.0,0.0,0.0,0.0,0.0,0.0,0.0366972477064,0.0,0.0,0.0183486238532,0.0,0.0,0.0,0.0,0.0,0.0,0.0,0.0,0.0,0.0,0.238532110092,0.0,0.018691588785,0.0138888888889,0.0366972477064,0.293577981651,0.0,0.0,0.0,0.0,0.0045871559633,0.0,0.0963302752294,0.0,0.0,0.0,0.00917431192661,0.0,0.0,0.00917431192661,0.0871559633028,0.0733944954128,0.0,0.0,0.0,0.0,0.0,0.0,0.00947867298578,0.0,0.0961538461538,0.00492610837438,0.104575163399,0.0564516129032,0.0853658536585,0.0571428571429,0.30985915493,0.169014084507,0.217105263158,0.198717948718,0.0121212121212,0.0612244897959,0.0322580645161,0.00460829493088,0.00460829493088,0.0,0.0,0.0,0.0,0.0,0.0,0.0,0.0,0.0,0.225806451613,0.037037037037,0.523148148148,0.0,0.0184331797235,0.0,0.0,0.0,0.0,0.0,0.0,0.0,0.00460829493088,0.0,0.0,0.0,0.00921658986175,0.0,0.0,0.00473933649289,0.00473933649289,0.0138248847926,0.0,0.0,0.0,0.0,0.0,0.0,0.0,0.0,0.0,0.0,0.0,0.0,0.0,0.0,0.0,0.0,0.0,0.0,0.333333333333,0.0,0.0,0.0,0.0,0.0,0.0,0.0,0.0,0.0,0.0,0.0,0.0,0.947619047619,0.228571428571,0.0,0.0,0.0,0.739130434783,0.0,0.0,0.024154589372,0.0,0.0,0.0,0.0
A,0.0,0.0808080808081,0.128834355828,0.220512820513,0.0487804878049,0.0240384615385,0.0,0.0,0.00943396226415,0.193396226415,0.159624413146,0.183098591549,0.0883720930233,0.0,0.216589861751,0.0,0.193548387097,0.0875576036866,0.193548387097,0.00460829493088,0.26267281106,0.354838709677,0.129032258065,0.0276497695853,0.25462962963,0.228723404255,0.0841121495327,0.213930348259,0.0,0.114678899083,0.399082568807,0.197247706422,0.0137614678899,0.0,0.0183486238532,0.922018348624,0.0,0.0,0.0825688073394,0.0,0.0,0.0,0.0,0.0,0.00913242009132,0.00485436893204,0.0343137254902,0.0,0.0,0.0,0.0456621004566,0.0,0.0821917808219,0.0,0.826484018265,0.0684931506849,0.182648401826,0.543378995434,0.00913242009132,0.0502283105023,0.164383561644,0.168949771689,0.0,0.365296803653,0.150684931507,0.0913242009132,0.0116279069767,0.0988372093023,0.0901639344262,0.0615384615385,0.0928571428571,0.255172413793,0.184049079755,0.139037433155,0.15873015873,0.173684210526,0.0263157894737,0.13698630137,0.310502283105,0.0,0.00913242009132,0.0,0.0,0.0,0.0,0.00913242009132,0.0,0.0,0.123287671233,0.00913242009132,0.0365296803653,0.0,0.0,0.237442922374,0.013698630137,0.00913242009132,0.00456621004566,0.342465753425,0.0502283105023,0.0776255707763,0.0593607305936,0.216981132075,0.14691943128,0.180327868852,0.22695035461,0.191082802548,0.114583333333,0.101382488479,0.0645161290323,0.0276497695853,0.258064516129,0.0,0.493087557604,0.165898617512,0.124423963134,0.0645161290323,0.678899082569,0.0,0.0,0.0963302752294,0.0733944954128,0.0,0.137614678899,0.100917431193,0.0229357798165,0.0183486238532,0.0045871559633,0.00917431192661,0.00917431192661,0.0596330275229,0.509174311927,0.0045871559633,0.123853211009,0.0642201834862,0.201834862385,0.0137614678899,0.844036697248,0.279816513761,0.573394495413,0.0045871559633,0.100917431193,0.281105990783,0.783410138249,0.00921658986175,0.380733944954,0.0733944954128,0.839449541284,0.0412844036697,0.0137614678899,0.138248847926,0.0236686390533,0.166666666667,0.430555555556,0.0275229357798,0.0,0.0275229357798,0.0,0.00917431192661,0.0,0.0,0.0,0.0229357798165,0.036866359447,0.0322580645161,0.0,0.0191387559809,0.11961722488,0.3125,0.0336538461538,0.0634146341463,0.28078817734,0.305418719212,0.80198019802,0.155778894472,0.505154639175,0.170103092784,0.0154639175258,0.137055837563,0.11038961039,0.00510204081633,0.352040816327,0.0341463414634,0.0682926829268,0.0,0.0970873786408,0.0,0.0921658986175,0.0184331797235,0.0,0.364055299539,0.00460829493088,0.114678899083,0.0,0.211009174312,0.779816513761,0.0229357798165,0.912844036697,0.00917431192661,0.0,0.0688073394495,0.912844036697,0.045871559633,0.967889908257,0.0,0.0045871559633,0.00917431192661,0.0229357798165,0.160550458716,0.165137614679,0.174193548387,0.204678362573,0.10599078341,0.110599078341,0.107843137255,0.350230414747,0.224489795918,0.0204081632653,0.045871559633,0.0963302752294,0.0137614678899,0.0321100917431,0.0550458715596,0.0275229357798,0.0,0.00917431192661,0.211009174312,0.0045871559633,0.926605504587,0.0366972477064,0.165137614679,0.0,0.536697247706,0.0,0.137614678899,0.00917431192661,0.00460829493088,0.0229357798165,0.0871559633028,0.211009174312,0.0045871559633,0.0,0.0045871559633,0.0045871559633,0.0229357798165,0.151376146789,0.00917431192661,0.266055045872,0.188073394495,0.151376146789,0.158878504673,0.194444444444,0.0045871559633,0.045871559633,0.0,0.137614678899,0.155963302752,0.215596330275,0.0229357798165,0.307339449541,0.0183486238532,0.0,0.178899082569,0.0,0.798165137615,0.0137614678899,0.0,0.371559633028,0.256880733945,0.43119266055,0.0366972477064,0.0275229357798,0.261467889908,0.642201834862,0.00917431192661,0.225806451613,0.0521327014218,0.36866359447,0.0144230769231,0.0738916256158,0.0849673202614,0.225806451613,0.146341463415,0.128571428571,0.0845070422535,0.0140845070423,0.118421052632,0.24358974359,0.193939393939,0.127551020408,0.15668202765,0.175115207373,0.0138248847926,0.00460829493088,0.147465437788,0.31797235023,0.0184331797235,0.0,0.622119815668,0.0,0.680555555556,0.00462962962963,0.714285714286,0.0601851851852,0.0787037037037,0.0184331797235,0.0184331797235,0.0460829493088,0.0,0.00921658986175,0.00921658986175,0.0552995391705,0.0,0.0,0.133640552995,0.00460829493088,0.0,0.0,0.0,0.0921658986175,0.0372093023256,0.0,0.0568720379147,0.276497695853,0.0,0.0,0.0,0.700460829493,0.0,0.829493087558,0.41935483871,0.0691244239631,0.0552995391705,0.202764976959,0.0599078341014,0.119815668203,0.89400921659,0.258064516129,0.0783410138249,0.10599078341,0.0,0.00460829493088,0.0509259259259,0.398148148148,0.00925925925926,0.0,0.0139534883721,0.0,0.0697674418605,0.0558139534884,0.841860465116,0.112676056338,0.0,0.0,0.00952380952381,0.0142857142857,0.157142857143,0.0,0.0382775119617,0.0239234449761,0.0,0.0,0.821256038647,0.31884057971,0.0,0.540740740741,0.00884955752212,0.0
V,0.0142857142857,0.0606060606061,0.0122699386503,0.302564102564,0.00975609756098,0.735576923077,0.0333333333333,0.0142857142857,0.419811320755,0.00471698113208,0.0281690140845,0.0,0.0,0.179723502304,0.0,0.0,0.414746543779,0.0,0.00921658986175,0.138248847926,0.0322580645161,0.0184331797235,0.0,0.0783410138249,0.0324074074074,0.00531914893617,0.0,0.189054726368,0.179723502304,0.0229357798165,0.0183486238532,0.00917431192661,0.0,0.412844036697,0.48623853211,0.0,0.532110091743,0.105504587156,0.00917431192661,0.0,0.0,0.0,0.0,0.0,0.0,0.0,0.911764705882,0.0,0.0,0.00456621004566,0.0,0.0,0.00913242009132,0.0,0.0,0.232876712329,0.0228310502283,0.127853881279,0.0182648401826,0.0,0.0319634703196,0.178082191781,0.013698630137,0.10502283105,0.0,0.0182648401826,0.0290697674419,0.0174418604651,0.0327868852459,0.0,0.0285714285714,0.0137931034483,0.0184049079755,0.374331550802,0.312169312169,0.0,0.0,0.392694063927,0.159817351598,0.013698630137,0.72602739726,0.00456621004566,0.0,0.0,0.0,0.013698630137,0.0,0.0,0.639269406393,0.00456621004566,0.0,0.0,0.0,0.141552511416,0.0365296803653,0.598173515982,0.0228310502283,0.123287671233,0.0639269406393,0.127853881279,0.013698630137,0.155660377358,0.0189573459716,0.016393442623,0.113475177305,0.031847133758,0.0364583333333,0.00921658986175,0.00460829493088,0.00460829493088,0.0,0.0184331797235,0.152073732719,0.3133640553,0.0,0.336405529954,0.0,0.0366972477064,0.0,0.0,0.165137614679,0.0412844036697,0.00917431192661,0.0045871559633,0.0045871559633,0.0045871559633,0.155963302752,0.0,0.0,0.0688073394495,0.0550458715596,0.0045871559633,0.582568807339,0.0045871559633,0.0229357798165,0.715596330275,0.0045871559633,0.0137614678899,0.0412844036697,0.922018348624,0.0045871559633,0.0875576036866,0.00460829493088,0.0506912442396,0.00917431192661,0.00917431192661,0.0045871559633,0.0,0.0917431192661,0.0138248847926,0.00591715976331,0.0787037037037,0.0,0.0,0.949541284404,0.0045871559633,0.0,0.98623853211,0.0137614678899,0.376146788991,0.0,0.0045871559633,0.0,0.0,0.0526315789474,0.0239234449761,0.0430622009569,0.00961538461538,0.0,0.20487804878,0.00985221674877,0.00492610837438,0.0445544554455,0.0251256281407,0.0103092783505,0.00515463917526,0.00515463917526,0.0355329949239,0.00649350649351,0.479591836735,0.331632653061,0.0682926829268,0.0,0.0,0.00485436893204,0.0,0.0184331797235,0.00460829493088,0.00460829493088,0.0184331797235,0.0506912442396,0.0,0.0045871559633,0.0,0.0137614678899,0.0,0.0,0.045871559633,0.0,0.52752293578,0.0,0.51376146789,0.0,0.0183486238532,0.0,0.0,0.307339449541,0.0045871559633,0.0045871559633,0.00645161290323,0.0233918128655,0.152073732719,0.0276497695853,0.00980392156863,0.00921658986175,0.112244897959,0.316326530612,0.0045871559633,0.0229357798165,0.0,0.0,0.0,0.0779816513761,0.0,0.0,0.0183486238532,0.435779816514,0.0183486238532,0.0,0.123853211009,0.0,0.0045871559633,0.0,0.44495412844,0.0,0.073732718894,0.0550458715596,0.00917431192661,0.0366972477064,0.110091743119,0.504587155963,0.316513761468,0.834862385321,0.215596330275,0.0,0.00917431192661,0.0550458715596,0.0137614678899,0.0045871559633,0.126168224299,0.0277777777778,0.0,0.0,0.0,0.105504587156,0.0733944954128,0.0596330275229,0.0045871559633,0.0,0.729357798165,0.0,0.0045871559633,0.0,0.0229357798165,0.0229357798165,0.0,0.0779816513761,0.0137614678899,0.00917431192661,0.518348623853,0.045871559633,0.0,0.110091743119,0.0275229357798,0.0138248847926,0.00947867298578,0.230414746544,0.0,0.0295566502463,0.00653594771242,0.0887096774194,0.0487804878049,0.0,0.00704225352113,0.0915492957746,0.0131578947368,0.00641025641026,0.0,0.0102040816327,0.0138248847926,0.0,0.0,0.3133640553,0.58064516129,0.0,0.635944700461,0.0,0.170506912442,0.0,0.00462962962963,0.00462962962963,0.0276497695853,0.0,0.0138888888889,0.0138248847926,0.0,0.036866359447,0.622119815668,0.0,0.0,0.0230414746544,0.0,0.0,0.0276497695853,0.00460829493088,0.00460829493088,0.0,0.0,0.0,0.0,0.222748815166,0.0,0.0,0.00460829493088,0.00460829493088,0.0230414746544,0.0184331797235,0.0,0.0,0.225806451613,0.84331797235,0.0,0.0,0.589861751152,0.170506912442,0.00460829493088,0.0,0.437788018433,0.267281105991,0.0,0.00460829493088,0.0,0.00462962962963,0.412037037037,0.0,0.916279069767,0.0,0.176744186047,0.0,0.0,0.0704225352113,0.0,0.0,0.0,0.0,0.0,0.0,0.0,0.0,0.00966183574879,0.719806763285,0.0,0.420289855072,0.164251207729,0.192592592593,0.0,0.472222222222
L,0.1,0.010101010101,0.00613496932515,0.0307692307692,0.0536585365854,0.139423076923,0.114285714286,0.0047619047619,0.160377358491,0.00471698113208,0.0704225352113,0.018779342723,0.0,0.0,0.0,0.0,0.115207373272,0.0,0.00921658986175,0.801843317972,0.00921658986175,0.00921658986175,0.73732718894,0.129032258065,0.0,0.0,0.00934579439252,0.0199004975124,0.235023041475,0.0045871559633,0.00917431192661,0.0,0.0,0.0183486238532,0.233944954128,0.0,0.0412844036697,0.380733944954,0.0,0.0,0.0,0.0,0.0,0.0,0.0,0.0339805825243,0.00490196078431,0.0,0.0,0.0,0.0,0.0,0.00913242009132,0.301369863014,0.00913242009132,0.0,0.114155251142,0.0,0.429223744292,0.00456621004566,0.0867579908676,0.351598173516,0.703196347032,0.0319634703196,0.0,0.0365296803653,0.476744186047,0.0,0.295081967213,0.0153846153846,0.0,0.00689655172414,0.00613496932515,0.0802139037433,0.037037037037,0.0,0.0,0.027397260274,0.0182648401826,0.232876712329,0.013698630137,0.0639269406393,0.0,0.0,0.013698630137,0.0,0.0,0.0,0.0547945205479,0.65296803653,0.0,0.0,0.0,0.109589041096,0.150684931507,0.0821917808219,0.109589041096,0.0365296803653,0.0,0.0319634703196,0.00913242009132,0.0188679245283,0.00947867298578,0.0273224043716,0.0283687943262,0.00636942675159,0.046875,0.0138248847926,0.0230414746544,0.00921658986175,0.0,0.912442396313,0.0184331797235,0.10599078341,0.0,0.00921658986175,0.0,0.00917431192661,0.0,0.00917431192661,0.00917431192661,0.490825688073,0.385321100917,0.0,0.0045871559633,0.0,0.270642201835,0.0,0.0,0.137614678899,0.0,0.00917431192661,0.00917431192661,0.0733944954128,0.133027522936,0.0,0.0,0.0045871559633,0.0,0.00917431192661,0.045871559633,0.0138248847926,0.119815668203,0.073732718894,0.0275229357798,0.00917431192661,0.0917431192661,0.0045871559633,0.0963302752294,0.0,0.0,0.0462962962963,0.0,0.0,0.0045871559633,0.0,0.169724770642,0.0,0.133027522936,0.0137614678899,0.0,0.0045871559633,0.0,0.829493087558,0.846889952153,0.0,0.0861244019139,0.0,0.00961538461538,0.0439024390244,0.0295566502463,0.0,0.0247524752475,0.0502512562814,0.020618556701,0.0154639175258,0.0,0.0253807106599,0.00649350649351,0.0561224489796,0.0408163265306,0.00487804878049,0.0146341463415,0.0,0.0339805825243,0.247663551402,0.00460829493088,0.0138248847926,0.00921658986175,0.0138248847926,0.354838709677,0.0,0.0,0.0,0.0,0.0045871559633,0.0,0.834862385321,0.0,0.00917431192661,0.0,0.298165137615,0.0,0.954128440367,0.0,0.0,0.137614678899,0.0045871559633,0.0412844036697,0.0,0.0175438596491,0.258064516129,0.0599078341014,0.0196078431373,0.0,0.0102040816327,0.0714285714286,0.288990825688,0.0,0.0045871559633,0.0963302752294,0.0,0.697247706422,0.00917431192661,0.0,0.00917431192661,0.00917431192661,0.0,0.0,0.0,0.0,0.0,0.0,0.0045871559633,0.00917431192661,0.824884792627,0.119266055046,0.0,0.0,0.0,0.0045871559633,0.229357798165,0.105504587156,0.495412844037,0.0045871559633,0.0045871559633,0.0,0.0229357798165,0.0045871559633,0.00934579439252,0.00462962962963,0.0045871559633,0.00917431192661,0.518348623853,0.0045871559633,0.0,0.0275229357798,0.0,0.0,0.0137614678899,0.0412844036697,0.0,0.0,0.00917431192661,0.366972477064,0.0,0.155963302752,0.0137614678899,0.0,0.128440366972,0.110091743119,0.0045871559633,0.137614678899,0.573394495413,0.0,0.0284360189573,0.285714285714,0.00961538461538,0.512315270936,0.0130718954248,0.314516129032,0.0365853658537,0.0142857142857,0.0704225352113,0.366197183099,0.0131578947368,0.00641025641026,0.030303030303,0.178571428571,0.0460829493088,0.0,0.0,0.451612903226,0.0552995391705,0.0,0.175115207373,0.373271889401,0.15668202765,0.0,0.0,0.0,0.00460829493088,0.0,0.0,0.0230414746544,0.00460829493088,0.119815668203,0.0645161290323,0.0230414746544,0.0,0.0460829493088,0.0,0.0,0.00460829493088,0.00921658986175,0.691244239631,0.0,0.0,0.0,0.0,0.0379146919431,0.0,0.0,0.0,0.00460829493088,0.0322580645161,0.00460829493088,0.0,0.0,0.0875576036866,0.0414746543779,0.0,0.0,0.3133640553,0.31797235023,0.0,0.0,0.294930875576,0.073732718894,0.0,0.00460829493088,0.0,0.0185185185185,0.273148148148,0.0555555555556,0.0,0.0,0.0,0.0,0.0,0.00469483568075,0.0,0.0,0.0,0.0,0.0285714285714,0.0,0.0,0.0,0.12077294686,0.106280193237,0.0,0.0531400966184,0.0048309178744,0.0296296296296,0.0,0.277777777778
I,0.0142857142857,0.010101010101,0.0122699386503,0.287179487179,0.00487804878049,0.0913461538462,0.1,0.0,0.216981132075,0.0,0.154929577465,0.0,0.0,0.0,0.0,0.0,0.0414746543779,0.00460829493088,0.0,0.0276497695853,0.00921658986175,0.0,0.0138248847926,0.552995391705,0.0,0.0,0.0,0.0199004975124,0.345622119816,0.0137614678899,0.0045871559633,0.0,0.0,0.55504587156,0.188073394495,0.0,0.422018348624,0.394495412844,0.0,0.0,0.0,0.0,0.0,0.0,0.0,0.0,0.0196078431373,0.0,0.0,0.0,0.0,0.0,0.173515981735,0.127853881279,0.0,0.0182648401826,0.0,0.0,0.0182648401826,0.00456621004566,0.00913242009132,0.00456621004566,0.127853881279,0.00456621004566,0.0,0.0,0.0523255813953,0.0,0.0983606557377,0.0,0.00714285714286,0.0,0.0,0.0802139037433,0.0582010582011,0.0,0.0,0.406392694064,0.027397260274,0.191780821918,0.159817351598,0.0,0.0593607305936,0.0,0.0,0.0,0.00913242009132,0.0,0.0456621004566,0.164383561644,0.0,0.0,0.0,0.100456621005,0.0593607305936,0.2100456621,0.0776255707763,0.041095890411,0.0182648401826,0.013698630137,0.00456621004566,0.0188679245283,0.00947867298578,0.0109289617486,0.0141843971631,0.00636942675159,0.0260416666667,0.00460829493088,0.00460829493088,0.0,0.0,0.00460829493088,0.0,0.31797235023,0.0,0.119815668203,0.0045871559633,0.0183486238532,0.0,0.0,0.0183486238532,0.114678899083,0.0,0.0045871559633,0.0,0.0,0.51376146789,0.0,0.0,0.00917431192661,0.00917431192661,0.0,0.247706422018,0.0,0.00917431192661,0.0,0.0,0.0,0.0,0.0412844036697,0.0045871559633,0.0184331797235,0.0138248847926,0.124423963134,0.0045871559633,0.0183486238532,0.0137614678899,0.0045871559633,0.784403669725,0.00921658986175,0.0,0.0277777777778,0.0,0.0,0.0275229357798,0.0,0.0,0.0045871559633,0.0137614678899,0.417431192661,0.0,0.0,0.0,0.0276497695853,0.0191387559809,0.0,0.129186602871,0.0,0.0,0.624390243902,0.0,0.0,0.0792079207921,0.0150753768844,0.0,0.00515463917526,0.0,0.010152284264,0.0,0.015306122449,0.0663265306122,0.00975609756098,0.019512195122,0.0,0.0,0.0,0.00921658986175,0.0,0.00460829493088,0.0,0.0230414746544,0.0,0.0,0.0,0.0045871559633,0.0,0.0,0.0504587155963,0.0,0.357798165138,0.0,0.0504587155963,0.0,0.0,0.0,0.0,0.47247706422,0.0,0.0183486238532,0.0,0.0,0.271889400922,0.00460829493088,0.0,0.0,0.0,0.535714285714,0.0045871559633,0.0045871559633,0.0,0.0045871559633,0.0,0.0412844036697,0.0,0.0,0.0,0.0,0.0,0.0,0.0366972477064,0.0,0.0,0.0,0.220183486239,0.0,0.0138248847926,0.0045871559633,0.0,0.0045871559633,0.0,0.481651376147,0.376146788991,0.0504587155963,0.0366972477064,0.0,0.0045871559633,0.0,0.0,0.00917431192661,0.0560747663551,0.00925925925926,0.0,0.0045871559633,0.00917431192661,0.0045871559633,0.724770642202,0.0183486238532,0.0,0.0,0.0183486238532,0.0,0.0045871559633,0.0,0.0366972477064,0.545871559633,0.0,0.114678899083,0.0,0.0,0.307339449541,0.0504587155963,0.0,0.0183486238532,0.211009174312,0.0,0.0,0.0230414746544,0.0,0.108374384236,0.0,0.0645161290323,0.0,0.0,0.00704225352113,0.0,0.0197368421053,0.00641025641026,0.00606060606061,0.0510204081633,0.0,0.0,0.0,0.202764976959,0.036866359447,0.0138248847926,0.170506912442,0.0,0.0138248847926,0.00460829493088,0.0,0.00462962962963,0.00460829493088,0.0,0.0,0.0138248847926,0.0,0.0,0.294930875576,0.0,0.0,0.0,0.00460829493088,0.0138248847926,0.133640552995,0.0276497695853,0.00921658986175,0.0,0.0,0.0,0.0,0.672985781991,0.0,0.0,0.0,0.0506912442396,0.00460829493088,0.235023041475,0.0,0.0,0.0,0.00921658986175,0.0,0.0,0.0138248847926,0.26267281106,0.0,0.0,0.0921658986175,0.0829493087558,0.0,0.0230414746544,0.0,0.0,0.277777777778,0.0,0.0279069767442,0.0,0.0046511627907,0.0,0.0,0.0,0.0,0.0,0.0,0.0,0.0,0.0,0.0,0.0,0.0,0.159420289855,0.024154589372,0.159420289855,0.826086956522,0.0296296296296,0.0,0.0972222222222
M,0.871428571429,0.040404040404,0.0,0.0,0.0,0.00961538461538,0.0047619047619,0.0,0.0,0.0,0.239436619718,0.00469483568075,0.0,0.0,0.0,0.0,0.0322580645161,0.0,0.0,0.00460829493088,0.0875576036866,0.0,0.0552995391705,0.00921658986175,0.0,0.0,0.0,0.00497512437811,0.0645161290323,0.0,0.0,0.0,0.0,0.0,0.0,0.0,0.0,0.045871559633,0.0,0.0045871559633,0.0,0.0,0.0,0.0,0.0,0.0,0.0,0.0,0.0,0.0,0.0,0.0,0.0,0.0,0.0,0.00913242009132,0.0821917808219,0.00913242009132,0.0,0.0547945205479,0.013698630137,0.0365296803653,0.00456621004566,0.0182648401826,0.0,0.0,0.046511627907,0.0,0.0245901639344,0.0,0.0,0.0206896551724,0.0,0.0,0.0,0.0,0.0,0.0,0.00456621004566,0.13698630137,0.0502283105023,0.520547945205,0.0,0.0,0.0,0.0,0.0,0.0,0.00913242009132,0.146118721461,0.0,0.0,0.0,0.041095890411,0.013698630137,0.00456621004566,0.00456621004566,0.00456621004566,0.0,0.00456621004566,0.00456621004566,0.00471698113208,0.0,0.00546448087432,0.0,0.0,0.0208333333333,0.00460829493088,0.0,0.00460829493088,0.0,0.00921658986175,0.0,0.0276497695853,0.0,0.073732718894,0.0,0.188073394495,0.0,0.0,0.0045871559633,0.0,0.0137614678899,0.0,0.0,0.0,0.0275229357798,0.0,0.0,0.178899082569,0.0045871559633,0.261467889908,0.0183486238532,0.0137614678899,0.0642201834862,0.0,0.0,0.0,0.0,0.0,0.0045871559633,0.00460829493088,0.0599078341014,0.718894009217,0.0045871559633,0.0045871559633,0.00917431192661,0.0,0.0045871559633,0.0,0.0,0.0,0.00462962962963,0.0,0.0,0.0045871559633,0.00917431192661,0.0,0.0045871559633,0.0,0.0,0.0,0.0,0.00460829493088,0.0143540669856,0.0,0.0334928229665,0.00961538461538,0.0,0.0146341463415,0.0,0.00492610837438,0.0,0.0,0.00515463917526,0.0,0.0,0.00507614213198,0.0,0.0,0.0,0.0,0.0,0.0,0.0,0.00467289719626,0.0,0.0,0.880184331797,0.0,0.0230414746544,0.0,0.0,0.0,0.0,0.0137614678899,0.0,0.00917431192661,0.0,0.0,0.0045871559633,0.0137614678899,0.0,0.0137614678899,0.0,0.0,0.00917431192661,0.0,0.165137614679,0.0,0.0233918128655,0.00460829493088,0.0,0.0,0.0,0.0510204081633,0.0102040816327,0.133027522936,0.0,0.0,0.0412844036697,0.0,0.0045871559633,0.0,0.0,0.0,0.0,0.0,0.0137614678899,0.0,0.0,0.0,0.0,0.0,0.0,0.0,0.165137614679,0.0,0.0,0.0,0.0045871559633,0.0412844036697,0.0045871559633,0.142201834862,0.0,0.160550458716,0.0,0.0045871559633,0.0,0.0,0.00462962962963,0.0,0.0,0.0045871559633,0.0045871559633,0.0412844036697,0.0,0.0,0.0,0.00917431192661,0.949541284404,0.0,0.0,0.0137614678899,0.0321100917431,0.0,0.00917431192661,0.0045871559633,0.0,0.00917431192661,0.0183486238532,0.0,0.0366972477064,0.0366972477064,0.0,0.0,0.0184331797235,0.0,0.0295566502463,0.0,0.0,0.0121951219512,0.0,0.00704225352113,0.0,0.0,0.0,0.0,0.0,0.00921658986175,0.0,0.0,0.00921658986175,0.0,0.0,0.0,0.00460829493088,0.0138248847926,0.0,0.00462962962963,0.0,0.00460829493088,0.0,0.0,0.0,0.0,0.0599078341014,0.00921658986175,0.0,0.0,0.0138248847926,0.0,0.0,0.0,0.953917050691,0.00921658986175,0.0,0.0,0.0,0.0,0.0473933649289,0.0,0.00460829493088,0.0322580645161,0.0,0.0230414746544,0.0,0.0,0.0,0.00460829493088,0.00921658986175,0.0,0.0,0.0138248847926,0.00460829493088,0.0,0.0,0.00921658986175,0.00921658986175,0.0,0.0506912442396,0.0,0.12037037037,0.0185185185185,0.0,0.0,0.0,0.0,0.0,0.0,0.0,0.0,0.00471698113208,0.0,0.0,0.0,0.0,0.0,0.00478468899522,0.0,0.0,0.0,0.0144927536232,0.0,0.0,0.0,0.0416666666667
C,0.0,0.0,0.0,0.0820512820513,0.0,0.0,0.0047619047619,0.0,0.0330188679245,0.0,0.0328638497653,0.0,0.0,0.0,0.0,0.0,0.0,0.0,0.0,0.0,0.0,0.0,0.0,0.0,0.00462962962963,0.0,0.0,0.0,0.0,0.0,0.0,0.0,0.0,0.0,0.0,0.0183486238532,0.0,0.0,0.0045871559633,0.0,0.0,0.0,0.0,0.0,0.0,0.538834951456,0.0,0.0,0.0,0.0,0.0,0.00456621004566,0.0,0.0,0.00913242009132,0.0,0.0,0.013698630137,0.00456621004566,0.0958904109589,0.0,0.013698630137,0.0,0.0,0.0,0.0,0.0,0.0,0.155737704918,0.0,0.0,0.0,0.0,0.0106951871658,0.0,0.0,0.0,0.0,0.0502283105023,0.0547945205479,0.0,0.00456621004566,0.0,0.0,0.0,0.041095890411,0.0,0.0,0.00456621004566,0.0,0.0319634703196,0.0,0.0,0.00456621004566,0.0,0.0,0.0,0.0319634703196,0.0,0.00456621004566,0.0,0.0,0.00473933649289,0.00546448087432,0.0,0.0,0.00520833333333,0.0,0.00460829493088,0.0,0.00460829493088,0.0,0.0,0.0,0.00921658986175,0.0,0.0045871559633,0.0045871559633,0.0,0.0045871559633,0.0,0.0,0.0,0.0,0.0,0.0,0.0,0.0,0.0,0.0045871559633,0.0,0.0,0.0,0.0045871559633,0.00917431192661,0.0045871559633,0.0045871559633,0.0,0.0,0.0,0.0,0.0,0.0,0.00921658986175,0.0,0.0,0.0,0.0045871559633,0.0045871559633,0.0,0.0,0.00462962962963,0.0,0.0,0.0,0.0045871559633,0.0550458715596,0.0,0.0,0.0,0.0,0.674311926606,0.0,0.0506912442396,0.0,0.0,0.0,0.0,0.0,0.00487804878049,0.0,0.0,0.0049504950495,0.0,0.0,0.0,0.0,0.0152284263959,0.0,0.0255102040816,0.0,0.019512195122,0.0,0.0,0.00485436893204,0.0,0.0184331797235,0.0,0.0,0.00921658986175,0.0,0.0045871559633,0.0,0.0,0.045871559633,0.0137614678899,0.0,0.0,0.0,0.0,0.0,0.0,0.0,0.0,0.0,0.0,0.0275229357798,0.0,0.0,0.0,0.0,0.0,0.0,0.0,0.0,0.0,0.0,0.197247706422,0.0045871559633,0.0,0.0,0.0,0.0045871559633,0.0045871559633,0.0045871559633,0.0,0.0733944954128,0.0045871559633,0.0,0.311926605505,0.0,0.00917431192661,0.0,0.0,0.0,0.0,0.0,0.045871559633,0.247706422018,0.0,0.0,0.0045871559633,0.0,0.0,0.0,0.0,0.0,0.0045871559633,0.0,0.0,0.00925925925926,0.0,0.0,0.0183486238532,0.00917431192661,0.0,0.0,0.0183486238532,0.0045871559633,0.0,0.0,0.0,0.0,0.0,0.0,0.0,0.0,0.0,0.0,0.0,0.0137614678899,0.0,0.0137614678899,0.0,0.0,0.00473933649289,0.0,0.0,0.00985221674877,0.00653594771242,0.0,0.0243902439024,0.0857142857143,0.0281690140845,0.00704225352113,0.0,0.0,0.0,0.0,0.0,0.0,0.0,0.0,0.0,0.0,0.0,0.0,0.00921658986175,0.0,0.25462962963,0.0,0.0,0.0,0.0,0.0,0.0,0.0,0.00921658986175,0.0,0.0,0.00460829493088,0.0,0.0,0.0,0.0,0.00460829493088,0.0,0.0,0.0,0.0,0.0,0.0,0.0,0.0,0.0,0.0,0.0,0.0,0.036866359447,0.0691244239631,0.0,0.00921658986175,0.0,0.0,0.0,0.00460829493088,0.0,0.0,0.0138248847926,0.0,0.00460829493088,0.037037037037,0.0,0.0,0.0,0.0418604651163,0.0,0.0,0.0,0.0,0.0,0.0,0.0,0.0238095238095,0.0,0.0,0.0,0.00478468899522,0.0,0.0,0.00966183574879,0.0676328502415,0.0,0.0,0.0148148148148,0.0,0.0
F,0.0,0.010101010101,0.0,0.0,0.0,0.0,0.228571428571,0.0,0.122641509434,0.0141509433962,0.00469483568075,0.0,0.0,0.0,0.0,0.0,0.0138248847926,0.0,0.0,0.0230414746544,0.0,0.0,0.0,0.110599078341,0.0,0.0,0.00467289719626,0.0,0.0506912442396,0.0,0.0,0.00917431192661,0.0,0.0,0.0045871559633,0.0,0.0,0.0642201834862,0.0,0.0,0.0,0.0,0.0,0.0,0.0,0.0,0.0,0.0,0.0,0.716894977169,0.0,0.0,0.0,0.168949771689,0.0547945205479,0.0,0.013698630137,0.0,0.328767123288,0.0,0.00456621004566,0.0821917808219,0.150684931507,0.0,0.0,0.0228310502283,0.0,0.0,0.0,0.0,0.00714285714286,0.0,0.0,0.00534759358289,0.0634920634921,0.0,0.0,0.0,0.00456621004566,0.187214611872,0.0,0.191780821918,0.0,0.0,0.0,0.0,0.0,0.0,0.0,0.0,0.0,0.0,0.00913242009132,0.0913242009132,0.0,0.0958904109589,0.771689497717,0.00456621004566,0.0,0.0,0.0,0.0,0.00947867298578,0.0,0.00709219858156,0.0,0.00520833333333,0.036866359447,0.0,0.0,0.0,0.0506912442396,0.0,0.0506912442396,0.0,0.10599078341,0.0,0.178899082569,0.0,0.0,0.0,0.334862385321,0.0,0.0275229357798,0.0,0.0,0.0,0.0,0.0,0.0,0.0,0.0,0.0,0.00917431192661,0.0,0.0,0.0,0.0,0.0,0.0,0.0,0.0,0.0,0.0,0.0,0.0,0.0,0.0,0.0,0.00460829493088,0.0,0.00462962962963,0.0,0.0,0.0,0.0,0.481651376147,0.0,0.0,0.0,0.0,0.0,0.0,0.0,0.00956937799043,0.0,0.00478468899522,0.0,0.0,0.00975609756098,0.0,0.0,0.0,0.0,0.0,0.00515463917526,0.0,0.010152284264,0.0,0.0,0.0357142857143,0.0,0.0,0.0,0.0,0.0,0.0,0.0,0.0,0.0,0.0875576036866,0.0,0.0,0.0045871559633,0.0,0.0,0.0,0.0504587155963,0.0,0.0,0.0,0.0045871559633,0.0,0.0,0.0,0.0,0.0045871559633,0.0,0.0045871559633,0.0,0.0,0.0184331797235,0.0,0.0,0.0,0.0,0.015306122449,0.0045871559633,0.0,0.0,0.146788990826,0.0,0.0183486238532,0.307339449541,0.0,0.0,0.0045871559633,0.0,0.0,0.0,0.00917431192661,0.0,0.0,0.0,0.0,0.0,0.0,0.0,0.0,0.0,0.0045871559633,0.0229357798165,0.0,0.0871559633028,0.0,0.0,0.0,0.0,0.00917431192661,0.0,0.0,0.0,0.0,0.174311926606,0.0137614678899,0.0,0.00917431192661,0.0,0.0,0.00917431192661,0.0045871559633,0.0045871559633,0.0,0.0,0.00917431192661,0.0,0.0275229357798,0.00917431192661,0.0,0.0,0.0045871559633,0.0,0.0,0.0688073394495,0.0,0.0,0.00460829493088,0.0,0.0443349753695,0.0,0.0806451612903,0.0243902439024,0.0,0.0281690140845,0.0,0.00657894736842,0.0,0.00606060606061,0.0,0.0,0.0,0.0,0.00921658986175,0.0,0.0,0.0,0.608294930876,0.0,0.0,0.0138888888889,0.0,0.0,0.0,0.0,0.0,0.0,0.00460829493088,0.0,0.0,0.0,0.0829493087558,0.0,0.0,0.0,0.0,0.0,0.0,0.0,0.0138248847926,0.0,0.0,0.00473933649289,0.00460829493088,0.0,0.0,0.0,0.0,0.0,0.0,0.147465437788,0.0,0.0,0.00460829493088,0.0,0.00921658986175,0.0,0.0,0.00921658986175,0.0921658986175,0.00921658986175,0.0230414746544,0.0,0.00462962962963,0.0,0.444444444444,0.0,0.0,0.0,0.0,0.0,0.0,0.00471698113208,0.0,0.0,0.0,0.0,0.0,0.0,0.0,0.0,0.0048309178744,0.0,0.0048309178744,0.0048309178744,0.0444444444444,0.0,0.0
Y,0.0,0.030303030303,0.0,0.00512820512821,0.0,0.0,0.0761904761905,0.0,0.0283018867925,0.00471698113208,0.0,0.00469483568075,0.0,0.0,0.0,0.0,0.0,0.0,0.0,0.0,0.0,0.0,0.00921658986175,0.0,0.0,0.0,0.0,0.0,0.0875576036866,0.0,0.0,0.0,0.0,0.0,0.0,0.0,0.0,0.0,0.0,0.0,0.0,0.0,0.0,0.0,0.0,0.0,0.0,0.0,0.0,0.255707762557,0.0,0.0,0.0,0.388127853881,0.0,0.0,0.0,0.0,0.0228310502283,0.0,0.0,0.0547945205479,0.0,0.0,0.0,0.0913242009132,0.0,0.0,0.0,0.0,0.0,0.0,0.0,0.0,0.0,0.0,0.0,0.0,0.0,0.041095890411,0.0,0.0,0.0,0.0,0.0,0.0,0.0,0.0,0.00456621004566,0.0,0.0,0.0,0.00456621004566,0.123287671233,0.00913242009132,0.0,0.00913242009132,0.0,0.013698630137,0.0,0.0,0.00471698113208,0.0,0.00546448087432,0.0,0.0,0.0104166666667,0.0138248847926,0.00460829493088,0.0,0.0,0.0,0.0,0.0,0.0,0.0138248847926,0.0,0.00917431192661,0.0,0.0,0.0,0.0,0.0,0.0045871559633,0.0,0.0,0.0137614678899,0.0,0.0321100917431,0.0045871559633,0.0,0.0,0.0,0.0,0.00917431192661,0.0,0.0,0.0,0.0,0.0,0.0,0.0,0.00460829493088,0.0,0.0,0.0,0.0,0.0,0.0,0.0,0.00591715976331,0.0,0.0,0.0,0.0,0.0,0.279816513761,0.0,0.0,0.0,0.0,0.0,0.00921658986175,0.00921658986175,0.0,0.00956937799043,0.00478468899522,0.0,0.0,0.0,0.00985221674877,0.0,0.0,0.0,0.0,0.0,0.0,0.0,0.0,0.0,0.0102040816327,0.00487804878049,0.00487804878049,0.00485436893204,0.0,0.434579439252,0.00921658986175,0.0,0.0,0.0,0.285714285714,0.0,0.0,0.0871559633028,0.0,0.0,0.0,0.0,0.0,0.0,0.0,0.0045871559633,0.0,0.0,0.0,0.0,0.0,0.0,0.0,0.0,0.0,0.0,0.0,0.00490196078431,0.0,0.0,0.0,0.0,0.0045871559633,0.0,0.123853211009,0.0,0.0045871559633,0.426605504587,0.0,0.0,0.0,0.0,0.0,0.0,0.0,0.0,0.0,0.0,0.0,0.0,0.0,0.0275229357798,0.0,0.0,0.0,0.0,0.0,0.0,0.0,0.0,0.0,0.0,0.00917431192661,0.0,0.0,0.0045871559633,0.0,0.252293577982,0.0412844036697,0.0,0.0,0.0,0.0,0.0321100917431,0.0,0.0,0.0,0.0,0.00917431192661,0.0,0.0,0.0,0.0,0.0,0.0229357798165,0.0,0.0,0.00917431192661,0.0,0.0,0.0,0.0,0.0,0.0,0.0,0.0,0.0142857142857,0.00704225352113,0.00704225352113,0.0,0.0,0.030303030303,0.0,0.0,0.0,0.00460829493088,0.0,0.00460829493088,0.00460829493088,0.0,0.00921658986175,0.0,0.0,0.0,0.0,0.0,0.0,0.00462962962963,0.00921658986175,0.0,0.0322580645161,0.0,0.0,0.0,0.0276497695853,0.0,0.0,0.0,0.0,0.0,0.0,0.0,0.00460829493088,0.0,0.0,0.0189573459716,0.0322580645161,0.00460829493088,0.0,0.036866359447,0.0,0.0,0.0,0.0,0.0,0.0,0.0,0.0,0.0,0.0,0.0184331797235,0.0276497695853,0.0,0.0,0.0,0.0,0.0,0.0,0.486111111111,0.0,0.0,0.0,0.0,0.0,0.0,0.0,0.0,0.0,0.0,0.0,0.0,0.0,0.0,0.0,0.0,0.0,0.0,0.0,0.111111111111,0.0176991150442,0.0
W,0.0,0.0,0.0,0.0,0.0,0.0,0.0190476190476,0.0,0.0,0.0,0.0,0.0,0.0,0.0,0.0,0.0,0.0,0.0,0.0,0.0,0.0,0.0,0.0138248847926,0.0,0.0,0.0,0.0,0.0,0.0,0.0,0.0,0.0,0.0,0.0,0.0,0.0,0.0,0.0,0.0,0.0,0.0,0.0,0.0,0.00913242009132,0.0,0.0,0.0,0.0,0.0,0.0,0.0,0.0,0.0,0.0,0.0,0.0,0.00456621004566,0.0,0.159817351598,0.0,0.0,0.0,0.0,0.0,0.0,0.0,0.00581395348837,0.0,0.016393442623,0.0,0.0,0.0,0.0,0.0,0.00529100529101,0.0,0.0,0.0,0.0,0.0,0.0,0.2100456621,0.0,0.0,0.0,0.0,0.0,0.0,0.0,0.0,0.0,0.0,0.0,0.13698630137,0.00456621004566,0.0,0.0,0.00456621004566,0.0,0.0,0.0228310502283,0.0,0.00473933649289,0.0,0.00709219858156,0.0,0.0,0.0,0.00460829493088,0.00921658986175,0.0,0.00460829493088,0.0,0.0,0.0,0.0,0.0,0.0,0.0,0.00917431192661,0.0,0.0,0.0,0.0,0.00917431192661,0.00917431192661,0.0,0.0,0.0,0.0229357798165,0.0,0.0,0.0,0.0,0.0,0.0,0.0,0.0,0.0,0.0,0.0,0.00460829493088,0.0,0.0,0.0,0.0,0.0,0.0,0.0,0.0,0.0,0.0,0.00462962962963,0.0,0.0,0.0,0.0,0.0,0.0,0.0,0.0,0.0,0.0,0.0414746543779,0.0,0.0,0.0,0.00961538461538,0.0,0.0,0.0,0.0,0.0,0.0,0.0,0.0,0.0,0.0,0.0,0.0,0.117346938776,0.0,0.0,0.0,0.00485436893204,0.0,0.0,0.0,0.0,0.0,0.036866359447,0.0,0.0,0.0,0.0,0.0,0.0,0.0,0.0,0.0,0.0,0.0,0.0,0.0,0.0,0.0,0.0,0.0,0.0,0.0,0.0,0.0,0.0,0.0,0.0,0.0,0.0,0.0,0.0,0.0,0.165137614679,0.0,0.0,0.169724770642,0.0,0.0,0.0,0.0,0.0,0.0,0.0,0.0,0.0,0.0,0.0,0.0,0.0,0.0,0.0,0.0,0.0,0.0,0.0,0.0,0.0,0.0,0.0,0.0,0.0275229357798,0.355140186916,0.0,0.0,0.0,0.0045871559633,0.0,0.0,0.0,0.0,0.0,0.0,0.0,0.0,0.0,0.0,0.0,0.0,0.0,0.0,0.0,0.0,0.178899082569,0.0,0.0,0.0183486238532,0.0,0.0,0.00460829493088,0.0,0.0,0.0,0.0,0.0,0.0,0.0,0.0,0.0197368421053,0.0,0.0,0.0,0.0,0.0,0.00460829493088,0.0,0.0,0.0,0.0,0.0,0.0,0.0,0.0,0.0,0.0,0.0,0.0,0.0,0.0,0.0,0.0,0.0,0.0,0.0460829493088,0.0,0.0,0.0,0.0,0.0414746543779,0.0,0.0,0.0,0.0,0.0,0.0,0.175115207373,0.00460829493088,0.0,0.0,0.0,0.0,0.0,0.0,0.0,0.0,0.0,0.0,0.0,0.0,0.0,0.0,0.0,0.0,0.0,0.0,0.0,0.0,0.00925925925926,0.0,0.0,0.0,0.0,0.0,0.0,0.0,0.0,0.0,0.0,0.0,0.0,0.0,0.0,0.0,0.0,0.0,0.0,0.0,0.0,0.0,0.0
H,0.0,0.0,0.0306748466258,0.0,0.0682926829268,0.0,0.2,0.0,0.0,0.0,0.0,0.103286384977,0.186046511628,0.0,0.00921658986175,0.0,0.0,0.00460829493088,0.00460829493088,0.0,0.0,0.00921658986175,0.0,0.0,0.00462962962963,0.0,0.00467289719626,0.0,0.0138248847926,0.0137614678899,0.0045871559633,0.0137614678899,0.0366972477064,0.0,0.0,0.0,0.0,0.0,0.0,0.0,0.0,0.00917431192661,0.0,0.0,0.0,0.0,0.00490196078431,0.0,0.0,0.013698630137,0.0,0.0,0.0,0.0,0.0,0.0,0.0456621004566,0.0,0.0,0.00456621004566,0.0502283105023,0.00913242009132,0.0,0.013698630137,0.0,0.205479452055,0.0,0.0290697674419,0.0,0.00769230769231,0.0428571428571,0.0620689655172,0.0,0.0,0.021164021164,0.0105263157895,0.00526315789474,0.0,0.0,0.0,0.0,0.00456621004566,0.0,0.0,0.0,0.0,0.0,0.0,0.0,0.0,0.0,0.0,0.986301369863,0.00456621004566,0.0,0.0,0.0,0.0,0.00913242009132,0.0228310502283,0.0319634703196,0.00471698113208,0.0236966824645,0.0327868852459,0.0,0.0,0.0208333333333,0.0230414746544,0.0,0.00460829493088,0.0,0.0,0.0,0.0,0.00460829493088,0.00460829493088,0.0045871559633,0.155963302752,0.0,0.0,0.0275229357798,0.0,0.0137614678899,0.0,0.142201834862,0.100917431193,0.0,0.0,0.0,0.00917431192661,0.0,0.105504587156,0.0,0.0045871559633,0.0,0.0,0.00917431192661,0.00917431192661,0.0,0.0,0.0183486238532,0.00921658986175,0.0,0.0,0.00917431192661,0.00917431192661,0.0,0.00917431192661,0.0,0.0184331797235,0.00591715976331,0.0,0.0185185185185,0.0137614678899,0.0,0.866972477064,0.0,0.0,0.0137614678899,0.0,0.0,0.0,0.0,0.0,0.0,0.0,0.00478468899522,0.0817307692308,0.0,0.0,0.0197044334975,0.0,0.0,0.0753768844221,0.0103092783505,0.0,0.0,0.131979695431,0.00649350649351,0.0,0.0,0.00487804878049,0.10243902439,0.0776699029126,0.0,0.0981308411215,0.00460829493088,0.0,0.0,0.0,0.00921658986175,0.0,0.0,0.0045871559633,0.0,0.0,0.0,0.0,0.0,0.0,0.0,0.0,0.0,0.0,0.0,0.0,0.0,0.00917431192661,0.0183486238532,0.0129032258065,0.0233918128655,0.0,0.0230414746544,0.0,0.00460829493088,0.0102040816327,0.0102040816327,0.0366972477064,0.160550458716,0.0045871559633,0.0688073394495,0.00917431192661,0.0045871559633,0.0275229357798,0.0,0.00917431192661,0.0045871559633,0.0,0.0,0.0,0.0,0.0,0.0,0.0,0.0,0.0,0.0045871559633,0.105504587156,0.151376146789,0.137614678899,0.0,0.0,0.0,0.0,0.0,0.0183486238532,0.0,0.0045871559633,0.0275229357798,0.00934579439252,0.00925925925926,0.0,0.0229357798165,0.0137614678899,0.0321100917431,0.0,0.0045871559633,0.816513761468,0.0,0.0045871559633,0.0,0.00917431192661,0.0183486238532,0.0,0.0,0.0,0.0,0.0183486238532,0.0,0.0,0.0550458715596,0.0183486238532,0.0,0.00917431192661,0.00921658986175,0.00473933649289,0.00460829493088,0.0,0.0,0.00653594771242,0.0,0.0487804878049,0.0142857142857,0.0,0.204225352113,0.0328947368421,0.00641025641026,0.030303030303,0.015306122449,0.0138248847926,0.00921658986175,0.00921658986175,0.0,0.00921658986175,0.00460829493088,0.0,0.0,0.0,0.0,0.0,0.0,0.00460829493088,0.00925925925926,0.0416666666667,0.00460829493088,0.0138248847926,0.0460829493088,0.0,0.0184331797235,0.00460829493088,0.0414746543779,0.00460829493088,0.695852534562,0.0,0.0,0.0552995391705,0.0,0.0,0.00921658986175,0.0,0.0,0.331753554502,0.0921658986175,0.184331797235,0.00921658986175,0.663594470046,0.0,0.0,0.0,0.0,0.0,0.0138248847926,0.0,0.0,0.0,0.0,0.0,0.0,0.00460829493088,0.0,0.0599078341014,0.0,0.00462962962963,0.0,0.0,0.0,0.0,0.0,0.0,0.0,0.0,0.919811320755,0.0235849056604,0.0,0.0047619047619,0.0,0.0,0.0,0.0,0.0,0.0,0.0,0.0,0.0,0.0,0.0265486725664,0.0
K,0.0,0.020202020202,0.147239263804,0.0,0.0243902439024,0.0,0.0,0.404761904762,0.0,0.00471698113208,0.0,0.0610328638498,0.0,0.0,0.0,0.0,0.0,0.00460829493088,0.0,0.0,0.0691244239631,0.15668202765,0.00921658986175,0.0184331797235,0.0277777777778,0.0106382978723,0.018691588785,0.0398009950249,0.0,0.0504587155963,0.0,0.0596330275229,0.0183486238532,0.0,0.0366972477064,0.0,0.0,0.0,0.0,0.940366972477,0.0,0.0,0.0,0.0,0.0,0.0,0.0,0.0,0.0,0.0,0.0,0.0,0.0,0.0,0.0,0.0,0.0,0.00913242009132,0.0,0.0821917808219,0.00913242009132,0.0182648401826,0.0,0.00456621004566,0.0776255707763,0.219178082192,0.00581395348837,0.0232558139535,0.0245901639344,0.00769230769231,0.00714285714286,0.0206896551724,0.00613496932515,0.0160427807487,0.0,0.157894736842,0.0421052631579,0.0,0.0,0.0,0.0,0.0,0.0,0.0,0.041095890411,0.0,0.0,0.0,0.0,0.0,0.0,0.0,0.0,0.0,0.0,0.0,0.0,0.0,0.0502283105023,0.0684931506849,0.041095890411,0.0141509433962,0.00947867298578,0.0601092896175,0.0283687943262,0.0828025477707,0.03125,0.0414746543779,0.0138248847926,0.327188940092,0.0,0.0,0.00460829493088,0.0,0.0,0.0,0.0,0.00917431192661,0.0,0.0,0.0183486238532,0.0,0.0321100917431,0.0137614678899,0.0,0.0,0.0,0.0,0.0,0.0137614678899,0.00917431192661,0.0,0.0,0.0183486238532,0.183486238532,0.0,0.00917431192661,0.0504587155963,0.0045871559633,0.0,0.243119266055,0.101382488479,0.0,0.0,0.0871559633028,0.0321100917431,0.0,0.0229357798165,0.0,0.0138248847926,0.00591715976331,0.0324074074074,0.0138888888889,0.0,0.0,0.0412844036697,0.0,0.0,0.0,0.0,1.0,0.0,0.0,0.0,0.0,0.0,0.00956937799043,0.00961538461538,0.144230769231,0.0,0.00492610837438,0.0147783251232,0.0,0.201005025126,0.0257731958763,0.0,0.00515463917526,0.233502538071,0.123376623377,0.0,0.0,0.0,0.0146341463415,0.0,0.0,0.0,0.294930875576,0.00460829493088,0.0322580645161,0.0,0.0414746543779,0.0,0.0688073394495,0.0,0.0,0.0,0.0,0.0,0.0,0.0,0.0,0.0137614678899,0.0,0.0,0.0275229357798,0.0,0.0,0.0137614678899,0.0045871559633,0.00645161290323,0.0760233918129,0.0,0.00921658986175,0.00980392156863,0.0138248847926,0.0102040816327,0.0,0.0,0.0825688073394,0.00917431192661,0.0,0.0045871559633,0.0275229357798,0.0,0.0,0.0596330275229,0.110091743119,0.0,0.0,0.0,0.0,0.0,0.0366972477064,0.0,0.0,0.00921658986175,0.0229357798165,0.0183486238532,0.0,0.0,0.0,0.0,0.0,0.0,0.0,0.0045871559633,0.0,0.0550458715596,0.0504587155963,0.0,0.0231481481481,0.0045871559633,0.0366972477064,0.0,0.0183486238532,0.0,0.0045871559633,0.0,0.0045871559633,0.0,0.0,0.178899082569,0.0,0.0,0.0,0.0,0.0,0.0183486238532,0.0,0.0,0.0504587155963,0.0412844036697,0.0,0.0,0.101382488479,0.0236966824645,0.00460829493088,0.0721153846154,0.0295566502463,0.0915032679739,0.0,0.0365853658537,0.0428571428571,0.00704225352113,0.0281690140845,0.00657894736842,0.025641025641,0.0181818181818,0.015306122449,0.0460829493088,0.036866359447,0.138248847926,0.0,0.00921658986175,0.0,0.0,0.0,0.0,0.940092165899,0.0,0.00462962962963,0.0,0.0,0.00925925925926,0.00921658986175,0.0,0.0460829493088,0.0,0.00460829493088,0.00460829493088,0.0645161290323,0.0,0.0,0.0,0.0,0.00460829493088,0.0,0.0,0.0,0.0,0.0,0.0,0.0,0.0,0.00921658986175,0.0,0.00460829493088,0.258064516129,0.0,0.0,0.0,0.0,0.0,0.0,0.0,0.0,0.0,0.0,0.0322580645161,0.00460829493088,0.0,0.0,0.0,0.0,0.0,0.0,0.0,0.0,0.0,0.0,0.0,0.0,0.0,0.0,0.0047619047619,0.00952380952381,0.0,0.0,0.0,0.0,0.0,0.0,0.0,0.0,0.0,0.106194690265,0.0
R,0.0,0.181818181818,0.245398773006,0.0,0.0682926829268,0.0,0.180952380952,0.52380952381,0.00471698113208,0.00471698113208,0.0,0.1220657277,0.0046511627907,0.0,0.0,0.0,0.0,0.0322580645161,0.0,0.0,0.036866359447,0.15668202765,0.00921658986175,0.00921658986175,0.0185185185185,0.0372340425532,0.018691588785,0.0845771144279,0.00460829493088,0.0871559633028,0.0137614678899,0.0550458715596,0.215596330275,0.00917431192661,0.0229357798165,0.0,0.0,0.0,0.0,0.0,0.0,0.0,0.0,0.0,0.0,0.0,0.00980392156863,0.00485436893204,0.0,0.0,0.0,0.995433789954,0.0,0.0,0.0,0.0,0.251141552511,0.00913242009132,0.0,0.255707762557,0.041095890411,0.0547945205479,0.0,0.0593607305936,0.182648401826,0.109589041096,0.0290697674419,0.0116279069767,0.0901639344262,0.223076923077,0.0857142857143,0.0,0.00613496932515,0.0160427807487,0.010582010582,0.152631578947,0.4,0.0,0.0,0.0,0.0,0.0,0.0,0.0,0.0,0.0,0.0,0.0,0.0,0.0,0.0,0.0,0.0,0.0,0.00913242009132,0.0,0.0,0.0,0.552511415525,0.155251141553,0.041095890411,0.0518867924528,0.0236966824645,0.0928961748634,0.0212765957447,0.0764331210191,0.0416666666667,0.0184331797235,0.0414746543779,0.0967741935484,0.460829493088,0.0,0.0,0.0,0.0,0.0691244239631,0.0183486238532,0.261467889908,0.0,0.45871559633,0.0275229357798,0.0,0.0917431192661,0.0045871559633,0.0,0.0,0.0,0.0,0.692660550459,0.128440366972,0.0183486238532,0.0,0.0,0.160550458716,0.0045871559633,0.0,0.0642201834862,0.0825688073394,0.0045871559633,0.0,0.389908256881,0.0875576036866,0.0,0.00921658986175,0.155963302752,0.151376146789,0.0,0.0321100917431,0.0,0.0322580645161,0.0650887573964,0.00925925925926,0.0462962962963,0.0045871559633,0.0,0.0045871559633,0.0,0.0,0.0,0.0,0.0,0.0,0.0,0.0,0.0,0.00478468899522,0.00956937799043,0.0192307692308,0.480769230769,0.0,0.15763546798,0.0197044334975,0.0,0.170854271357,0.0618556701031,0.664948453608,0.00515463917526,0.0913705583756,0.0454545454545,0.0,0.0102040816327,0.0,0.185365853659,0.0,0.0,0.0514018691589,0.0460829493088,0.00460829493088,0.0,0.0,0.073732718894,0.00917431192661,0.738532110092,0.0,0.0,0.0,0.0,0.0,0.0,0.0,0.0,0.00917431192661,0.0,0.0,0.00917431192661,0.0,0.0,0.0,0.133027522936,0.00645161290323,0.0643274853801,0.0,0.124423963134,0.00980392156863,0.00921658986175,0.00510204081633,0.0,0.0137614678899,0.229357798165,0.206422018349,0.165137614679,0.00917431192661,0.0504587155963,0.00917431192661,0.0,0.0917431192661,0.353211009174,0.0,0.0,0.0,0.0,0.0,0.0,0.0,0.0,0.00460829493088,0.0321100917431,0.215596330275,0.0,0.0550458715596,0.0,0.0,0.0,0.0,0.0,0.0045871559633,0.0275229357798,0.201834862385,0.0596330275229,0.0,0.037037037037,0.0045871559633,0.197247706422,0.0,0.490825688073,0.0,0.00917431192661,0.0045871559633,0.146788990826,0.0045871559633,0.0,0.243119266055,0.0,0.0,0.0,0.0,0.00917431192661,0.0275229357798,0.0,0.0,0.238532110092,0.146788990826,0.0,0.0366972477064,0.221198156682,0.175355450237,0.0184331797235,0.0192307692308,0.0197044334975,0.0588235294118,0.0,0.0365853658537,0.0571428571429,0.0,0.056338028169,0.0263157894737,0.0320512820513,0.00606060606061,0.015306122449,0.0829493087558,0.0921658986175,0.571428571429,0.0,0.0829493087558,0.0,0.0,0.0,0.0,0.0,0.0,0.0,0.0,0.00925925925926,0.111111111111,0.0967741935484,0.0,0.170506912442,0.0,0.870967741935,0.0,0.470046082949,0.986175115207,0.0,0.0,0.0,0.0138248847926,0.0,0.0,0.0,0.0,0.0,0.0,0.0,0.0,0.912442396313,0.0,0.0,0.741935483871,0.0,0.0,0.0,0.0,0.0,0.0,0.0,0.0,0.0,0.0138248847926,0.0,0.00460829493088,0.0875576036866,0.0,0.12037037037,0.0,0.0,0.0,0.0,0.0,0.0372093023256,0.0,0.0,0.0,0.0,0.0,0.0190476190476,0.00952380952381,0.0,0.0,0.0,0.0,0.0,0.0,0.0,0.0,0.0,0.734513274336,0.0
Q,0.0,0.121212121212,0.0613496932515,0.0,0.0682926829268,0.0,0.00952380952381,0.0,0.0,0.0,0.018779342723,0.0234741784038,0.0,0.0,0.0,0.0,0.0,0.00921658986175,0.00460829493088,0.0,0.0599078341014,0.0460829493088,0.00460829493088,0.0230414746544,0.00462962962963,0.0691489361702,0.00934579439252,0.0398009950249,0.0,0.0366972477064,0.0,0.0275229357798,0.0642201834862,0.0,0.0,0.0,0.0,0.0,0.0,0.0550458715596,0.0,0.0,0.0,0.0,0.00456621004566,0.0,0.00490196078431,0.0,0.0,0.0,0.0,0.0,0.027397260274,0.0,0.0,0.00456621004566,0.150684931507,0.0,0.0,0.10502283105,0.0593607305936,0.00456621004566,0.0,0.00913242009132,0.041095890411,0.0502283105023,0.0,0.0290697674419,0.0491803278689,0.0,0.0285714285714,0.0758620689655,0.0613496932515,0.0534759358289,0.021164021164,0.115789473684,0.231578947368,0.0,0.0,0.0,0.0,0.0,0.0,0.0,0.0,0.0,0.0,0.0,0.0,0.0,0.0,0.0,0.0,0.0,0.0,0.0,0.0,0.0,0.0182648401826,0.0593607305936,0.0365296803653,0.0235849056604,0.0284360189573,0.0765027322404,0.0,0.0509554140127,0.00520833333333,0.0276497695853,0.036866359447,0.0138248847926,0.0,0.0,0.00460829493088,0.0,0.00460829493088,0.0184331797235,0.00917431192661,0.0412844036697,0.0,0.0045871559633,0.0550458715596,0.0,0.0229357798165,0.0,0.0412844036697,0.0366972477064,0.00917431192661,0.0,0.0,0.0229357798165,0.0366972477064,0.605504587156,0.0,0.0642201834862,0.0779816513761,0.0,0.0045871559633,0.0733944954128,0.0,0.0,0.0137614678899,0.0552995391705,0.0,0.00460829493088,0.0412844036697,0.0779816513761,0.0,0.0183486238532,0.0,0.0184331797235,0.0236686390533,0.0,0.0277777777778,0.0412844036697,0.0,0.0275229357798,0.0,0.0,0.766055045872,0.0,0.0,0.0,0.0,0.0,0.0,0.00478468899522,0.0239234449761,0.0528846153846,0.0288461538462,0.00975609756098,0.108374384236,0.0147783251232,0.0049504950495,0.035175879397,0.0309278350515,0.0309278350515,0.00515463917526,0.10152284264,0.025974025974,0.0,0.0,0.00487804878049,0.00975609756098,0.00970873786408,0.0,0.0,0.0230414746544,0.0,0.0,0.0,0.0,0.0,0.0,0.0,0.0,0.0,0.0,0.0,0.0,0.0,0.0,0.0045871559633,0.0,0.0,0.00917431192661,0.0045871559633,0.0,0.0321100917431,0.0229357798165,0.0129032258065,0.0760233918129,0.0,0.0230414746544,0.0294117647059,0.0230414746544,0.0867346938776,0.0,0.0,0.0642201834862,0.0045871559633,0.0229357798165,0.00917431192661,0.00917431192661,0.0183486238532,0.0,0.0137614678899,0.0,0.0,0.0,0.0,0.0,0.0,0.0,0.0321100917431,0.0,0.0599078341014,0.0137614678899,0.0779816513761,0.0,0.192660550459,0.0,0.0,0.0,0.0,0.0,0.00917431192661,0.0,0.00917431192661,0.0321100917431,0.0,0.00925925925926,0.0,0.0183486238532,0.0045871559633,0.0275229357798,0.0,0.0,0.0,0.0,0.0045871559633,0.0,0.128440366972,0.0,0.0183486238532,0.0,0.0,0.0688073394495,0.0366972477064,0.0,0.0,0.105504587156,0.045871559633,0.0,0.0,0.0506912442396,0.0568720379147,0.0,0.00480769230769,0.0197044334975,0.0326797385621,0.00806451612903,0.0243902439024,0.0285714285714,0.316901408451,0.00704225352113,0.0723684210526,0.0192307692308,0.0363636363636,0.112244897959,0.0783410138249,0.0184331797235,0.0552995391705,0.0,0.00460829493088,0.216589861751,0.0,0.0,0.0,0.0,0.0,0.0,0.0,0.0,0.106481481481,0.00460829493088,0.00921658986175,0.0875576036866,0.0,0.00921658986175,0.0184331797235,0.0552995391705,0.0,0.0138248847926,0.0,0.0,0.00460829493088,0.0,0.0,0.00921658986175,0.0,0.0,0.0142180094787,0.00921658986175,0.0645161290323,0.0,0.193548387097,0.0,0.0,0.0,0.0,0.0,0.0,0.0,0.00460829493088,0.0,0.0,0.0,0.00921658986175,0.0,0.0276497695853,0.00460829493088,0.0,0.0601851851852,0.0,0.00462962962963,0.0,0.0,0.0,0.0,0.0,0.0,0.0,0.971698113208,0.0,0.0,0.0571428571429,0.0,0.00478468899522,0.0,0.0,0.0,0.0,0.0,0.0,0.0,0.00884955752212,0.0
N,0.0,0.0,0.0122699386503,0.0,0.0487804878049,0.0,0.0,0.0,0.0,0.0,0.0,0.0328638497653,0.0697674418605,0.0,0.036866359447,0.0,0.0,0.0,0.0,0.0,0.00460829493088,0.0184331797235,0.0,0.00460829493088,0.0277777777778,0.031914893617,0.0233644859813,0.00497512437811,0.00921658986175,0.0825688073394,0.0,0.0366972477064,0.0550458715596,0.0,0.0,0.0,0.0,0.0,0.0,0.0,0.0,0.0,0.0,0.917808219178,0.00456621004566,0.00485436893204,0.0,0.985436893204,0.0,0.0,0.0,0.0,0.00456621004566,0.0,0.0,0.0,0.0,0.0,0.0,0.0,0.027397260274,0.0,0.0,0.0,0.00456621004566,0.013698630137,0.0,0.046511627907,0.0,0.00769230769231,0.0,0.00689655172414,0.0122699386503,0.0213903743316,0.0,0.0105263157895,0.0157894736842,0.0,0.0,0.0,0.0,0.0,0.0,0.0,0.0,0.0,0.0,0.0,0.0,0.0,0.00456621004566,0.0,0.0,0.0,0.0502283105023,0.0,0.0,0.0,0.00456621004566,0.00913242009132,0.013698630137,0.00943396226415,0.042654028436,0.0109289617486,0.0141843971631,0.0127388535032,0.0520833333333,0.00921658986175,0.00460829493088,0.0,0.0,0.0,0.00460829493088,0.0,0.00460829493088,0.0,0.0,0.0137614678899,0.0,0.0,0.0137614678899,0.0,0.00917431192661,0.0,0.0137614678899,0.0045871559633,0.0,0.0,0.0045871559633,0.0045871559633,0.0,0.0,0.0,0.0275229357798,0.0,0.00917431192661,0.0,0.0137614678899,0.0045871559633,0.0,0.00917431192661,0.00921658986175,0.0,0.0,0.0137614678899,0.0275229357798,0.0,0.0321100917431,0.0,0.00921658986175,0.0295857988166,0.0138888888889,0.0138888888889,0.00917431192661,0.0,0.0,0.0045871559633,0.0,0.0,0.0045871559633,0.0,0.0,0.0,0.0,0.0,0.0,0.0,0.0,0.0,0.0,0.0541871921182,0.00492610837438,0.0,0.0402010050251,0.0103092783505,0.00515463917526,0.0,0.0659898477157,0.00649350649351,0.0,0.0,0.00487804878049,0.0292682926829,0.0485436893204,0.0,0.0747663551402,0.0138248847926,0.0,0.0,0.00460829493088,0.0,0.00917431192661,0.188073394495,0.0,0.0,0.0,0.0,0.0,0.0,0.0,0.0,0.0,0.0,0.0,0.0137614678899,0.0,0.0,0.0275229357798,0.0045871559633,0.0258064516129,0.0,0.0,0.0230414746544,0.0294117647059,0.00921658986175,0.00510204081633,0.0,0.0642201834862,0.0275229357798,0.100917431193,0.0045871559633,0.0412844036697,0.0,0.0,0.0,0.045871559633,0.0,0.0,0.0045871559633,0.0,0.0,0.0,0.0,0.0045871559633,0.0,0.0,0.0045871559633,0.0963302752294,0.270642201835,0.0,0.0,0.0,0.0,0.0,0.0,0.646788990826,0.0137614678899,0.0137614678899,0.0412844036697,0.0,0.0185185185185,0.0412844036697,0.045871559633,0.0,0.0,0.0,0.0,0.0,0.0,0.0,0.0,0.045871559633,0.0183486238532,0.0045871559633,0.0,0.0,0.0,0.0183486238532,0.0045871559633,0.0,0.0045871559633,0.0229357798165,0.0,0.0,0.036866359447,0.042654028436,0.0,0.00961538461538,0.0,0.0326797385621,0.0,0.0487804878049,0.0428571428571,0.0,0.0,0.00657894736842,0.0192307692308,0.00606060606061,0.0,0.0506912442396,0.00921658986175,0.00460829493088,0.00460829493088,0.0,0.36866359447,0.0,0.0,0.0,0.0552995391705,0.0,0.0,0.0,0.00462962962963,0.0,0.0460829493088,0.0138248847926,0.0230414746544,0.0,0.00921658986175,0.0138248847926,0.0506912442396,0.0,0.225806451613,0.0,0.0,0.129032258065,0.073732718894,0.0,0.0,0.0,0.0,0.303317535545,0.0,0.0,0.00921658986175,0.0,0.0,0.0,0.0,0.0,0.0,0.0967741935484,0.0,0.0,0.0,0.0,0.0,0.0,0.0,0.00921658986175,0.0138248847926,0.00925925925926,0.00462962962963,0.00462962962963,0.0,0.0,0.0,0.0,0.0093023255814,0.0186046511628,0.0,0.0,0.0,0.0,0.0,0.0142857142857,0.00478468899522,0.0,0.066985645933,0.0,0.0,0.0,0.0,0.0,0.0,0.0,0.0
E,0.0,0.131313131313,0.0674846625767,0.0,0.273170731707,0.0,0.0,0.0,0.0,0.0283018867925,0.0,0.0610328638498,0.0,0.0,0.0138248847926,0.0,0.0,0.00921658986175,0.170506912442,0.0,0.248847926267,0.0645161290323,0.00460829493088,0.00460829493088,0.189814814815,0.13829787234,0.0327102803738,0.10447761194,0.0,0.137614678899,0.0,0.119266055046,0.146788990826,0.0,0.0,0.0,0.0,0.0,0.0,0.0,0.0,0.990825688073,0.0,0.0,0.0,0.0,0.0,0.0,0.00970873786408,0.0,0.0,0.0,0.132420091324,0.0,0.0,0.0,0.027397260274,0.00456621004566,0.0,0.260273972603,0.164383561644,0.00456621004566,0.0,0.0319634703196,0.178082191781,0.00913242009132,0.0,0.0348837209302,0.0409836065574,0.0307692307692,0.0571428571429,0.296551724138,0.423312883436,0.117647058824,0.179894179894,0.194736842105,0.0947368421053,0.0,0.0,0.0,0.0,0.0,0.0,0.0,0.0,0.0,0.744292237443,0.0,0.0,0.0,0.0,0.0,0.0,0.0,0.0,0.0,0.0,0.109589041096,0.013698630137,0.123287671233,0.228310502283,0.0754716981132,0.170616113744,0.120218579235,0.063829787234,0.0382165605096,0.0416666666667,0.073732718894,0.331797235023,0.00460829493088,0.0,0.0,0.00460829493088,0.0,0.0,0.0,0.0,0.00917431192661,0.0,0.165137614679,0.0596330275229,0.0,0.0504587155963,0.0045871559633,0.697247706422,0.646788990826,0.0,0.0,0.0,0.00917431192661,0.123853211009,0.00917431192661,0.0,0.270642201835,0.211009174312,0.0,0.00917431192661,0.188073394495,0.0,0.0,0.0412844036697,0.184331797235,0.0,0.0,0.160550458716,0.155963302752,0.00917431192661,0.00917431192661,0.0,0.129032258065,0.0295857988166,0.00462962962963,0.180555555556,0.0275229357798,0.0,0.00917431192661,0.0,0.0,0.0550458715596,0.0,0.0,0.0,0.0,0.0,0.0,0.0,0.0143540669856,0.192307692308,0.0144230769231,0.00487804878049,0.211822660099,0.211822660099,0.0049504950495,0.120603015075,0.0257731958763,0.0412371134021,0.00515463917526,0.0812182741117,0.038961038961,0.0,0.0,0.00975609756098,0.248780487805,0.0388349514563,0.0,0.00467289719626,0.304147465438,0.0,0.0,0.00460829493088,0.00460829493088,0.0,0.0,0.0,0.0,0.0,0.0,0.0,0.0,0.0,0.0,0.0,0.0,0.0,0.0366972477064,0.95871559633,0.0,0.188073394495,0.133027522936,0.225806451613,0.0994152046784,0.0,0.0322580645161,0.132352941176,0.31797235023,0.0408163265306,0.0,0.0183486238532,0.0321100917431,0.0321100917431,0.0229357798165,0.114678899083,0.0,0.0,0.0,0.0229357798165,0.0,0.0,0.0,0.0,0.0,0.0,0.0,0.0,0.95871559633,0.0,0.146788990826,0.0045871559633,0.0,0.481651376147,0.0,0.0,0.0,0.0,0.0,0.0550458715596,0.0,0.0412844036697,0.0366972477064,0.00934579439252,0.0509259259259,0.0,0.100917431193,0.0,0.0688073394495,0.0,0.0045871559633,0.0,0.00917431192661,0.0275229357798,0.0,0.0688073394495,0.0,0.0,0.0,0.0,0.0,0.100917431193,0.0,0.0,0.0045871559633,0.155963302752,0.0,0.0,0.0967741935484,0.0379146919431,0.0,0.0144230769231,0.0492610837438,0.137254901961,0.0241935483871,0.0853658536585,0.0571428571429,0.00704225352113,0.0,0.00657894736842,0.102564102564,0.2,0.147959183673,0.0184331797235,0.110599078341,0.124423963134,0.0,0.0138248847926,0.0,0.0,0.0,0.0,0.0,0.0,0.87962962963,0.0,0.0,0.00462962962963,0.0,0.0,0.0414746543779,0.0,0.0,0.0276497695853,0.00921658986175,0.0,0.0,0.0,0.0,0.00921658986175,0.0875576036866,0.0,0.00460829493088,0.0046511627907,0.0,0.0,0.00460829493088,0.0322580645161,0.0,0.0,0.0,0.0,0.0,0.0,0.00460829493088,0.0,0.0,0.0,0.0,0.0,0.0,0.0,0.0,0.0,0.0599078341014,0.0,0.0601851851852,0.0,0.0,0.0,0.0,0.0,0.0,0.0,0.784037558685,0.0,0.0,0.0,0.0,0.047619047619,0.0,0.0143540669856,0.0,0.0,0.0,0.0,0.0,0.0,0.0,0.0442477876106,0.0
D,0.0,0.010101010101,0.0184049079755,0.0,0.121951219512,0.0,0.0047619047619,0.0,0.0,0.0471698113208,0.0,0.0657276995305,0.0418604651163,0.0,0.235023041475,1.0,0.0,0.00460829493088,0.00460829493088,0.0,0.0875576036866,0.0552995391705,0.0,0.0138248847926,0.324074074074,0.148936170213,0.0,0.0199004975124,0.0,0.348623853211,0.0,0.211009174312,0.243119266055,0.0,0.0,0.0,0.0,0.0,0.0,0.0,0.0,0.0,0.0,0.0502283105023,0.0,0.00485436893204,0.0,0.00485436893204,0.990291262136,0.0,0.00456621004566,0.0,0.0182648401826,0.00913242009132,0.0,0.196347031963,0.00456621004566,0.0,0.0,0.013698630137,0.041095890411,0.0,0.0,0.00456621004566,0.0684931506849,0.0776255707763,0.0,0.0755813953488,0.016393442623,0.0230769230769,0.0642857142857,0.0827586206897,0.20245398773,0.00534759358289,0.015873015873,0.115789473684,0.0315789473684,0.0,0.0,0.0,0.0,0.0,0.0,0.0,0.0,0.0,0.178082191781,0.0,0.0,0.0,0.0,0.0,0.0,0.0,0.0,0.0,0.0,0.0,0.0228310502283,0.0821917808219,0.141552511416,0.146226415094,0.218009478673,0.114754098361,0.0780141843972,0.0636942675159,0.0416666666667,0.193548387097,0.0691244239631,0.0,0.0,0.0,0.0,0.0,0.0,0.0,0.0,0.0045871559633,0.0,0.0550458715596,0.307339449541,0.0,0.0275229357798,0.0,0.0229357798165,0.178899082569,0.0,0.0,0.0,0.0183486238532,0.0137614678899,0.0,0.0,0.151376146789,0.0045871559633,0.0,0.0,0.197247706422,0.0,0.0,0.0,0.0276497695853,0.0,0.0,0.0412844036697,0.385321100917,0.0,0.00917431192661,0.0,0.207373271889,0.668639053254,0.00462962962963,0.125,0.876146788991,0.0045871559633,0.0,0.0,0.0,0.0,0.0,0.0,0.0,0.0,0.0,0.0,0.0,0.00478468899522,0.192307692308,0.0432692307692,0.0,0.0147783251232,0.339901477833,0.0049504950495,0.0502512562814,0.0103092783505,0.0103092783505,0.00515463917526,0.00507614213198,0.12987012987,0.0,0.0,0.0,0.0341463414634,0.718446601942,0.0,0.0,0.0138248847926,0.0230414746544,0.0,0.175115207373,0.0,0.0,0.0,0.00917431192661,0.0,0.0,0.0,0.0,0.0,0.0,0.0,0.0,0.0,0.0,0.0366972477064,0.0229357798165,0.00917431192661,0.275229357798,0.0779816513761,0.232258064516,0.263157894737,0.0,0.0875576036866,0.578431372549,0.110599078341,0.326530612245,0.0,0.0045871559633,0.0045871559633,0.518348623853,0.00917431192661,0.270642201835,0.0,0.0,0.0,0.0229357798165,0.0,0.0,0.0,0.0,0.0,0.0,0.0,0.0,0.0,0.0,0.261467889908,0.215596330275,0.0229357798165,0.0137614678899,0.0,0.0,0.0,0.0,0.0,0.0,0.0550458715596,0.0550458715596,0.045871559633,0.0,0.0416666666667,0.0,0.151376146789,0.0,0.0,0.0,0.155963302752,0.0,0.0366972477064,0.0,0.0,0.0275229357798,0.926605504587,0.0,0.0,1.0,0.0,0.238532110092,0.0,0.0,0.00917431192661,0.133027522936,0.0,0.0,0.119815668203,0.293838862559,0.00460829493088,0.0240384615385,0.00985221674877,0.228758169935,0.00806451612903,0.134146341463,0.171428571429,0.0352112676056,0.0140845070423,0.0394736842105,0.0576923076923,0.309090909091,0.198979591837,0.133640552995,0.0783410138249,0.0,0.00460829493088,0.0,0.0,0.0,0.0,0.0,0.0,0.0,0.0277777777778,0.0,0.462962962963,0.0,0.327188940092,0.00921658986175,0.0184331797235,0.0,0.00460829493088,0.0230414746544,0.0,0.0,0.0,0.0,0.0,0.0,0.506912442396,0.981566820276,0.0230414746544,0.93023255814,0.0,0.0284360189573,0.0322580645161,0.00921658986175,0.0,0.0,0.0,0.0,0.0,0.0,0.0,0.0,0.0,0.0,0.0,0.0,0.0,0.0,0.0,0.00460829493088,0.557603686636,0.0,0.171296296296,0.0,0.0,0.0,0.0,0.0,0.0,0.0,0.00469483568075,0.0,0.0,0.0,0.0,0.32380952381,0.0,0.0,0.00478468899522,0.0,0.0,0.0,0.0,0.0,0.0,0.00884955752212,0.0
S,0.0,0.020202020202,0.110429447853,0.00512820512821,0.0731707317073,0.0,0.00952380952381,0.0142857142857,0.0,0.0707547169811,0.0093896713615,0.220657276995,0.344186046512,0.00460829493088,0.152073732719,0.0,0.0138248847926,0.741935483871,0.0138248847926,0.0,0.0276497695853,0.036866359447,0.00921658986175,0.0138248847926,0.00925925925926,0.244680851064,0.0280373831776,0.0248756218905,0.0,0.0504587155963,0.0229357798165,0.137614678899,0.0825688073394,0.0,0.0,0.0137614678899,0.0,0.0,0.0,0.0,0.0275229357798,0.0,0.00456621004566,0.00456621004566,0.0,0.00485436893204,0.0,0.0,0.0,0.0,0.219178082192,0.0,0.0,0.0,0.0821917808219,0.109589041096,0.041095890411,0.214611872146,0.00913242009132,0.0319634703196,0.0365296803653,0.00456621004566,0.0,0.118721461187,0.0684931506849,0.0365296803653,0.0174418604651,0.0581395348837,0.00819672131148,0.315384615385,0.135714285714,0.0413793103448,0.0306748466258,0.00534759358289,0.015873015873,0.0210526315789,0.0263157894737,0.00913242009132,0.0867579908676,0.00456621004566,0.0365296803653,0.0,0.931506849315,0.0,0.0,0.0182648401826,0.00456621004566,0.0,0.0,0.0,0.821917808219,0.0,0.0,0.0,0.0319634703196,0.0,0.0,0.041095890411,0.00913242009132,0.141552511416,0.0365296803653,0.0754716981132,0.0473933649289,0.0382513661202,0.0780141843972,0.0509554140127,0.078125,0.073732718894,0.0691244239631,0.036866359447,0.0691244239631,0.0,0.175115207373,0.0,0.0506912442396,0.0276497695853,0.0550458715596,0.045871559633,0.275229357798,0.0045871559633,0.0366972477064,0.0,0.0137614678899,0.0275229357798,0.00917431192661,0.0,0.0,0.0,0.0229357798165,0.0963302752294,0.0229357798165,0.0,0.0137614678899,0.0321100917431,0.0366972477064,0.0,0.0183486238532,0.0229357798165,0.0137614678899,0.0,0.045871559633,0.0552995391705,0.0,0.0,0.0183486238532,0.0,0.0137614678899,0.0229357798165,0.0045871559633,0.0921658986175,0.112426035503,0.0185185185185,0.0694444444444,0.0,0.0,0.0045871559633,0.0,0.0,0.0,0.0,0.0,0.0045871559633,0.0,0.00460829493088,0.0,0.0191387559809,0.406698564593,0.0432692307692,0.0288461538462,0.0,0.0295566502463,0.0295566502463,0.00990099009901,0.0150753768844,0.226804123711,0.0257731958763,0.0309278350515,0.0253807106599,0.136363636364,0.0,0.015306122449,0.0439024390244,0.0585365853659,0.0922330097087,0.0388349514563,0.0,0.0506912442396,0.880184331797,0.0230414746544,0.0599078341014,0.0,0.848623853211,0.0,0.0366972477064,0.0229357798165,0.678899082569,0.0366972477064,0.0,0.0,0.0275229357798,0.0,0.00917431192661,0.0045871559633,0.0,0.0045871559633,0.0045871559633,0.0,0.0917431192661,0.0504587155963,0.154838709677,0.0175438596491,0.0,0.225806451613,0.0294117647059,0.0599078341014,0.0765306122449,0.00510204081633,0.0183486238532,0.0871559633028,0.0825688073394,0.00917431192661,0.307339449541,0.00917431192661,0.0275229357798,0.954128440367,0.298165137615,0.0,0.0045871559633,0.940366972477,0.0229357798165,0.98623853211,0.422018348624,0.00917431192661,0.0412844036697,0.0,0.0,0.045871559633,0.0321100917431,0.0412844036697,0.0045871559633,0.0,0.0,0.0,0.0,0.0045871559633,0.045871559633,0.545871559633,0.0504587155963,0.105504587156,0.238317757009,0.212962962963,0.284403669725,0.0504587155963,0.0,0.0183486238532,0.0045871559633,0.0137614678899,0.123853211009,0.201834862385,0.0137614678899,0.0,0.045871559633,0.0321100917431,0.0045871559633,0.0,0.0,0.045871559633,0.0504587155963,0.146788990826,0.0,0.00917431192661,0.0871559633028,0.0137614678899,0.0,0.073732718894,0.199052132701,0.0230414746544,0.0144230769231,0.0147783251232,0.0653594771242,0.0403225806452,0.0731707317073,0.0857142857143,0.0211267605634,0.0140845070423,0.177631578947,0.166666666667,0.0242424242424,0.015306122449,0.0599078341014,0.0552995391705,0.00460829493088,0.0,0.00460829493088,0.00921658986175,0.0,0.0,0.0,0.0,0.0277777777778,0.00925925925926,0.00460829493088,0.398148148148,0.0601851851852,0.285714285714,0.00921658986175,0.124423963134,0.0,0.0,0.0138248847926,0.00921658986175,0.0,0.0,0.0,0.0,0.0184331797235,0.0783410138249,0.00921658986175,0.695852534562,0.0232558139535,0.0,0.236966824645,0.271889400922,0.0184331797235,0.0,0.0230414746544,0.0322580645161,0.0,0.0552995391705,0.00460829493088,0.0,0.036866359447,0.0230414746544,0.0,0.0,0.0322580645161,0.271889400922,0.0,0.0138248847926,0.0276497695853,0.00460829493088,0.0462962962963,0.0,0.00462962962963,0.0,0.0,1.0,0.0,0.125581395349,0.0697674418605,0.0093896713615,0.0,0.0,0.0,0.0047619047619,0.12380952381,0.0,0.0287081339713,0.0,0.106280193237,0.0,0.0386473429952,0.0,0.0,0.0148148148148,0.0265486725664,0.0
T,0.0,0.0808080808081,0.0306748466258,0.0666666666667,0.0390243902439,0.0,0.0142857142857,0.0333333333333,0.0,0.0283018867925,0.281690140845,0.0516431924883,0.0186046511628,0.00460829493088,0.0414746543779,0.0,0.170506912442,0.0645161290323,0.0,0.0,0.0506912442396,0.0460829493088,0.00460829493088,0.00460829493088,0.0416666666667,0.0691489361702,0.0,0.0845771144279,0.0,0.00917431192661,0.0183486238532,0.0688073394495,0.0504587155963,0.0,0.00917431192661,0.0,0.0045871559633,0.00917431192661,0.0,0.0,0.97247706422,0.0,0.0,0.0182648401826,0.0,0.0,0.00490196078431,0.0,0.0,0.00913242009132,0.721461187215,0.0,0.132420091324,0.00456621004566,0.013698630137,0.360730593607,0.0593607305936,0.0684931506849,0.0,0.0182648401826,0.123287671233,0.013698630137,0.0,0.0182648401826,0.0228310502283,0.013698630137,0.0639534883721,0.116279069767,0.0409836065574,0.169230769231,0.05,0.0275862068966,0.0184049079755,0.0106951871658,0.010582010582,0.0157894736842,0.0210526315789,0.00913242009132,0.013698630137,0.13698630137,0.0,0.0,0.00913242009132,0.0182648401826,0.0,0.908675799087,0.0,0.0,0.0,0.0228310502283,0.100456621005,0.0,0.0,0.0,0.62100456621,0.0,0.0,0.246575342466,0.168949771689,0.0639269406393,0.0365296803653,0.061320754717,0.0379146919431,0.0546448087432,0.0709219858156,0.0700636942675,0.1875,0.0783410138249,0.0414746543779,0.110599078341,0.00921658986175,0.0,0.138248847926,0.0138248847926,0.00921658986175,0.152073732719,0.0229357798165,0.0137614678899,0.720183486239,0.0,0.0412844036697,0.0183486238532,0.0045871559633,0.0045871559633,0.00917431192661,0.0,0.0045871559633,0.0,0.229357798165,0.110091743119,0.0642201834862,0.0,0.0045871559633,0.0871559633028,0.0321100917431,0.256880733945,0.0275229357798,0.0275229357798,0.151376146789,0.0229357798165,0.0412844036697,0.0414746543779,0.0,0.0,0.0275229357798,0.0137614678899,0.0,0.0,0.0,0.294930875576,0.0,0.0324074074074,0.00925925925926,0.0,0.0045871559633,0.0,0.0,0.0,0.0,0.178899082569,0.0,0.197247706422,0.0,0.0,0.0,0.894736842105,0.0382775119617,0.0384615384615,0.197115384615,0.00975609756098,0.0492610837438,0.0197044334975,0.00990099009901,0.0201005025126,0.020618556701,0.020618556701,0.00515463917526,0.00507614213198,0.318181818182,0.214285714286,0.00510204081633,0.765853658537,0.19512195122,0.0,0.699029126214,0.0,0.0184331797235,0.0138248847926,0.00460829493088,0.00460829493088,0.0,0.00917431192661,0.0,0.0,0.105504587156,0.188073394495,0.0045871559633,0.0,0.0,0.00917431192661,0.0,0.0275229357798,0.0,0.0137614678899,0.0045871559633,0.0,0.00917431192661,0.0366972477064,0.0229357798165,0.0516129032258,0.0584795321637,0.0,0.188940092166,0.0,0.036866359447,0.0255102040816,0.0102040816327,0.00917431192661,0.105504587156,0.0137614678899,0.0183486238532,0.100917431193,0.0229357798165,0.0,0.0275229357798,0.0504587155963,0.0045871559633,0.0366972477064,0.0,0.339449541284,0.0045871559633,0.0045871559633,0.0,0.0045871559633,0.0,0.0,0.0779816513761,0.0045871559633,0.00917431192661,0.0,0.0,0.0045871559633,0.0,0.0,0.0,0.0275229357798,0.0321100917431,0.0871559633028,0.045871559633,0.00934579439252,0.111111111111,0.00917431192661,0.00917431192661,0.0,0.0137614678899,0.0,0.0137614678899,0.0045871559633,0.0596330275229,0.0137614678899,0.0045871559633,0.045871559633,0.0045871559633,0.0045871559633,0.0,0.0,0.0733944954128,0.0275229357798,0.0229357798165,0.0,0.0412844036697,0.0183486238532,0.0275229357798,0.0,0.0138248847926,0.0236966824645,0.00921658986175,0.00961538461538,0.00985221674877,0.0130718954248,0.0403225806452,0.0243902439024,0.0285714285714,0.0211267605634,0.0,0.184210526316,0.0833333333333,0.0545454545455,0.0357142857143,0.0322580645161,0.0138248847926,0.0645161290323,0.0,0.0460829493088,0.0138248847926,0.0,0.00460829493088,0.00921658986175,0.0,0.00462962962963,0.0,0.00460829493088,0.0138888888889,0.0185185185185,0.124423963134,0.00921658986175,0.142857142857,0.0,0.0,0.0,0.0,0.0,0.0506912442396,0.695852534562,0.0,0.00460829493088,0.244239631336,0.0,0.133640552995,0.0,0.0,0.0,0.0,0.589861751152,0.0,0.0,0.0,0.0,0.00460829493088,0.0414746543779,0.0138248847926,0.0,0.0,0.00460829493088,0.115207373272,0.0,0.00460829493088,0.0276497695853,0.294930875576,0.0,0.0967741935484,0.37037037037,0.0231481481481,0.0,0.0,0.0,0.0,0.0372093023256,0.0,0.0372093023256,0.0140845070423,0.0,0.0,0.0047619047619,0.0,0.0,0.0,0.0,0.0,0.024154589372,0.0,0.048309178744,0.0048309178744,0.0,0.00740740740741,0.0176991150442,0.111111111111
-,0.681818181818,0.55,0.259090909091,0.113636363636,0.0681818181818,0.0545454545455,0.0454545454545,0.0454545454545,0.0363636363636,0.0363636363636,0.0318181818182,0.0318181818182,0.0227272727273,0.0136363636364,0.0136363636364,0.0136363636364,0.0136363636364,0.0136363636364,0.0136363636364,0.0136363636364,0.0136363636364,0.0136363636364,0.0136363636364,0.0136363636364,0.0181818181818,0.145454545455,0.0272727272727,0.0863636363636,0.0136363636364,0.00909090909091,0.00909090909091,0.00909090909091,0.00909090909091,0.00909090909091,0.00909090909091,0.00909090909091,0.00909090909091,0.00909090909091,0.00909090909091,0.00909090909091,0.00909090909091,0.00909090909091,0.00454545454545,0.00454545454545,0.00454545454545,0.0636363636364,0.0727272727273,0.0636363636364,0.0636363636364,0.00454545454545,0.00454545454545,0.00454545454545,0.00454545454545,0.00454545454545,0.00454545454545,0.00454545454545,0.00454545454545,0.00454545454545,0.00454545454545,0.00454545454545,0.00454545454545,0.00454545454545,0.00454545454545,0.00454545454545,0.00454545454545,0.00454545454545,0.218181818182,0.218181818182,0.445454545455,0.409090909091,0.363636363636,0.340909090909,0.259090909091,0.15,0.140909090909,0.136363636364,0.136363636364,0.00454545454545,0.00454545454545,0.00454545454545,0.00454545454545,0.00454545454545,0.00454545454545,0.00454545454545,0.00454545454545,0.00454545454545,0.00454545454545,0.00454545454545,0.00454545454545,0.00454545454545,0.00454545454545,0.00454545454545,0.00454545454545,0.00454545454545,0.00454545454545,0.00454545454545,0.00454545454545,0.00454545454545,0.00454545454545,0.00454545454545,0.00454545454545,0.0363636363636,0.0409090909091,0.168181818182,0.359090909091,0.286363636364,0.127272727273,0.0136363636364,0.0136363636364,0.0136363636364,0.0136363636364,0.0136363636364,0.0136363636364,0.0136363636364,0.0136363636364,0.0136363636364,0.00909090909091,0.00909090909091,0.00909090909091,0.00909090909091,0.00909090909091,0.00909090909091,0.00909090909091,0.00909090909091,0.00909090909091,0.00909090909091,0.00909090909091,0.00909090909091,0.00909090909091,0.00909090909091,0.00909090909091,0.00909090909091,0.00909090909091,0.00909090909091,0.00909090909091,0.00909090909091,0.00909090909091,0.00909090909091,0.00909090909091,0.00909090909091,0.00909090909091,0.0136363636364,0.0136363636364,0.0136363636364,0.00909090909091,0.00909090909091,0.00909090909091,0.00909090909091,0.00909090909091,0.0136363636364,0.231818181818,0.0181818181818,0.0181818181818,0.00909090909091,0.00909090909091,0.00909090909091,0.00909090909091,0.00909090909091,0.00909090909091,0.00909090909091,0.00909090909091,0.00909090909091,0.0136363636364,0.0136363636364,0.05,0.05,0.05,0.0545454545455,0.0545454545455,0.0681818181818,0.0772727272727,0.0772727272727,0.0818181818182,0.0954545454545,0.118181818182,0.118181818182,0.118181818182,0.104545454545,0.3,0.109090909091,0.109090909091,0.0681818181818,0.0681818181818,0.0636363636364,0.0636363636364,0.0272727272727,0.0136363636364,0.0136363636364,0.0136363636364,0.0136363636364,0.0136363636364,0.00909090909091,0.00909090909091,0.00909090909091,0.00909090909091,0.00909090909091,0.00909090909091,0.00909090909091,0.00909090909091,0.00909090909091,0.00909090909091,0.00909090909091,0.00909090909091,0.00909090909091,0.00909090909091,0.00909090909091,0.00909090909091,0.00909090909091,0.00909090909091,0.295454545455,0.222727272727,0.0136363636364,0.0136363636364,0.0727272727273,0.0136363636364,0.109090909091,0.109090909091,0.00909090909091,0.00909090909091,0.00909090909091,0.00909090909091,0.00909090909091,0.00909090909091,0.00909090909091,0.00909090909091,0.00909090909091,0.00909090909091,0.00909090909091,0.00909090909091,0.00909090909091,0.00909090909091,0.00909090909091,0.00909090909091,0.00909090909091,0.00909090909091,0.0136363636364,0.00909090909091,0.00909090909091,0.00909090909091,0.00909090909091,0.00909090909091,0.00909090909091,0.00909090909091,0.00909090909091,0.00909090909091,0.00909090909091,0.00909090909091,0.00909090909091,0.00909090909091,0.0272727272727,0.0181818181818,0.00909090909091,0.00909090909091,0.00909090909091,0.00909090909091,0.00909090909091,0.00909090909091,0.00909090909091,0.00909090909091,0.00909090909091,0.00909090909091,0.00909090909091,0.00909090909091,0.00909090909091,0.00909090909091,0.00909090909091,0.00909090909091,0.00909090909091,0.00909090909091,0.00909090909091,0.00909090909091,0.00909090909091,0.00909090909091,0.00909090909091,0.0136363636364,0.0409090909091,0.0136363636364,0.0545454545455,0.0772727272727,0.304545454545,0.436363636364,0.627272727273,0.681818181818,0.354545454545,0.354545454545,0.309090909091,0.290909090909,0.25,0.109090909091,0.0136363636364,0.0136363636364,0.0136363636364,0.0136363636364,0.0136363636364,0.0136363636364,0.0136363636364,0.0136363636364,0.0136363636364,0.0136363636364,0.0181818181818,0.0181818181818,0.0136363636364,0.0181818181818,0.0181818181818,0.0136363636364,0.0136363636364,0.0136363636364,0.0136363636364,0.0136363636364,0.0136363636364,0.0136363636364,0.0136363636364,0.0136363636364,0.0136363636364,0.0136363636364,0.0136363636364,0.0136363636364,0.0136363636364,0.0136363636364,0.0227272727273,0.0409090909091,0.0409090909091,0.0136363636364,0.0136363636364,0.0136363636364,0.0136363636364,0.0136363636364,0.0136363636364,0.0136363636364,0.0136363636364,0.0136363636364,0.0136363636364,0.0136363636364,0.0136363636364,0.0136363636364,0.0136363636364,0.0136363636364,0.0136363636364,0.0136363636364,0.0136363636364,0.0136363636364,0.0181818181818,0.0181818181818,0.0181818181818,0.0181818181818,0.0227272727273,0.0227272727273,0.0227272727273,0.0227272727273,0.0227272727273,0.0318181818182,0.0363636363636,0.0363636363636,0.0454545454545,0.0454545454545,0.0454545454545,0.05,0.05,0.05,0.0590909090909,0.0590909090909,0.0590909090909,0.0590909090909,0.0590909090909,0.386363636364,0.486363636364,0.672727272727
other,0.0,0.0,0.0,0.0,0.0,0.0,0.0,0.0,0.0,0.0,0.0,0.0,0.0,0.0,0.0,0.0,0.0,0.0,0.0,0.0,0.0,0.0,0.0,0.0,0.0,0.0,0.0,0.0,0.0,0.0,0.0,0.0,0.0,0.0,0.0,0.0,0.0,0.0,0.0,0.0,0.0,0.0,0.0,0.0,0.0,0.0,0.0,0.0,0.0,0.0,0.0,0.0,0.0,0.0,0.0,0.0,0.0,0.0,0.0,0.0,0.0,0.0,0.0,0.0,0.0,0.0,0.0,0.0,0.0,0.0,0.0,0.0,0.0,0.0,0.0,0.0,0.0,0.0,0.0,0.0,0.0,0.0,0.0,0.0,0.0,0.0,0.0,0.0,0.0,0.0,0.0,0.0,0.0,0.0,0.0,0.0,0.0,0.0,0.0,0.0,0.0,0.0,0.0,0.0,0.0,0.0,0.0,0.0,0.0,0.0,0.0,0.0,0.0,0.0,0.0,0.0,0.0,0.0,0.0,0.0,0.0,0.0,0.0,0.0,0.0,0.0,0.0,0.0,0.0,0.0,0.0,0.0,0.0,0.0,0.0,0.0,0.0,0.0,0.0,0.0,0.0,0.0,0.0,0.0,0.0,0.0,0.0,0.0,0.0,0.0,0.0,0.0,0.0,0.0,0.0,0.0,0.0,0.0,0.0,0.0,0.0,0.0,0.0,0.0,0.0,0.0,0.0,0.0,0.0,0.0,0.0,0.0,0.0,0.0,0.0,0.0,0.0,0.0,0.0,0.0,0.0,0.0,0.0,0.0,0.0,0.0,0.0,0.0,0.0,0.0,0.0,0.0,0.0,0.0,0.0,0.0,0.0,0.0,0.0,0.0,0.0,0.0,0.0,0.0,0.0,0.0,0.0,0.0,0.0,0.0,0.0,0.0,0.0,0.0,0.0,0.0,0.0,0.0,0.0,0.0,0.0,0.0,0.0,0.0,0.0,0.0,0.0,0.0,0.0,0.0,0.0,0.0,0.0,0.0,0.0,0.0,0.0,0.0,0.0,0.0,0.0,0.0,0.0,0.0,0.0,0.0,0.0,0.0,0.0,0.0,0.0,0.0,0.0,0.0,0.0,0.0,0.0,0.0,0.0,0.0,0.0,0.0,0.0,0.0,0.0,0.0,0.0,0.0,0.0,0.0,0.0,0.0,0.0,0.0,0.0,0.0,0.0,0.0,0.0,0.0,0.0,0.0,0.0,0.0,0.0,0.0,0.0,0.0,0.0,0.0,0.0,0.0,0.0,0.0,0.0,0.0,0.0,0.0,0.0,0.0,0.0,0.0,0.0,0.0,0.0,0.0,0.0,0.0,0.0,0.0,0.0,0.0,0.0,0.0,0.0,0.0,0.0,0.0,0.0,0.0,0.0,0.0,0.0,0.0,0.0,0.0,0.0,0.0,0.0,0.0,0.0,0.0,0.0,0.0,0.0,0.0,0.0,0.0,0.0,0.0,0.0,0.0,0.0,0.0,0.0,0.0,0.0,0.0,0.0,0.0,0.0,0.0,0.0,0.0,0.0,0.0,0.0,0.0,0.0,0.0,0.0,0.0,0.0,0.0,0.0,0.0,0.0
